airtable_id,Study_ID,Title,Authors,Year,Journal,Category,Model,Related_Entities,Evidence_Tier,Pyramid_Level,Peer_Reviewed,DOI,PMID,PMCID,fulltext_pmc_available,Abstract_PubMed,Key_Finding,embedding_text
rec01xkVnPNb3s6ce,DEM2016,Lysosomal recruitment of TSC2 is a universal response to cellular stress,Demetriades C; Teleman AA et al.,2016,Nature communications,Mechanism,Mammalian cells,"TSC2, lysosome, stress",D - Mechanistic/Review,5 - Mechanistic / In Vitro,Yes,10.1038/ncomms10662,26868506,PMC4754342,True,"mTORC1 promotes cell growth and is therefore inactivated upon unfavourable growth conditions. Signalling pathways downstream of most cellular stresses converge on TSC1/2, which serves as an integration point that inhibits mTORC1. The TSC1/2 complex was shown to translocate to lysosomes to inactivate mTORC1 in response to two stresses: amino-acid starvation and growth factor removal. Whether other stresses also regulate TSC2 localization is not known. How TSC2 localization responds to combinations of stresses and other stimuli is also unknown. We show that both amino acids and growth factors are required simultaneously to maintain TSC2 cytoplasmic; when one of the two is missing, TSC2 relocalizes to lysosomes. Furthermore, multiple different stresses that inhibit mTORC1 also drive TSC2 lysosomal accumulation. Our findings indicate that lysosomal recruitment of TSC2 is a universal response to stimuli that inactivate mTORC1, and that the presence of any single stress is sufficient to cause TSC2 lysosomal localization.",Lysosomal recruitment of TSC2 is a universal response to cellular stress that inhibits mTORC1.,"Lysosomal recruitment of TSC2 is a universal response to cellular stress
Key finding: Lysosomal recruitment of TSC2 is a universal response to cellular stress that inhibits mTORC1.
Abstract: mTORC1 promotes cell growth and is therefore inactivated upon unfavourable growth conditions. Signalling pathways downstream of most cellular stresses converge on TSC1/2, which serves as an integration point that inhibits mTORC1. The TSC1/2 complex was shown to translocate to lysosomes to inactivate mTORC1 in response to two stresses: amino-acid starvation and growth factor removal. Whether other stresses also regulate TSC2 localization is not known. How TSC2 localization responds to combinations of stresses and other stimuli is also unknown. We show that both amino acids and growth factors are required simultaneously to maintain TSC2 cytoplasmic; when one of the two is missing, TSC2 relocalizes to lysosomes. Furthermore, multiple different stresses that inhibit mTORC1 also drive TSC2 lysosomal accumulation. Our findings indicate that lysosomal recruitment of TSC2 is a universal response to stimuli that inactivate mTORC1, and that the presence of any single stress is sufficient to cause TSC2 lysosomal localization."
rec0FN7kPUpOv9cat,INOK2003,Rheb GTPase is a direct target of TSC2 GAP activity and regulates mTOR signaling,Inoki K; Guan KL et al.,2003,Genes & development,Mechanism,In vitro; Drosophila,"Rheb, TSC2 (GAP)",D - Mechanistic/Review,5 - Mechanistic / In Vitro,Yes,10.1101/gad.1110003,12869586,PMC196227,True,"Tuberous sclerosis complex (TSC) is a genetic disease caused by mutation in either TSC1 or TSC2. The TSC1 and TSC2 gene products form a functional complex and inhibit phosphorylation of S6K and 4EBP1. These functions of TSC1/TSC2 are likely mediated by mTOR. Here we report that TSC2 is a GTPase-activating protein (GAP) toward Rheb, a Ras family GTPase. Rheb stimulates phosphorylation of S6K and 4EBP1. This function of Rheb is blocked by rapamycin and dominant-negative mTOR. Rheb stimulates the phosphorylation of mTOR and plays an essential role in regulation of S6K and 4EBP1 in response to nutrients and cellular energy status. Our data demonstrate that Rheb acts downstream of TSC1/TSC2 and upstream of mTOR to regulate cell growth.",TSC2 is a GAP for Rheb; loss of TSC2 raises Rheb-GTP and constitutively activates mTOR.,"Rheb GTPase is a direct target of TSC2 GAP activity and regulates mTOR signaling
Key finding: TSC2 is a GAP for Rheb; loss of TSC2 raises Rheb-GTP and constitutively activates mTOR.
Abstract: Tuberous sclerosis complex (TSC) is a genetic disease caused by mutation in either TSC1 or TSC2. The TSC1 and TSC2 gene products form a functional complex and inhibit phosphorylation of S6K and 4EBP1. These functions of TSC1/TSC2 are likely mediated by mTOR. Here we report that TSC2 is a GTPase-activating protein (GAP) toward Rheb, a Ras family GTPase. Rheb stimulates phosphorylation of S6K and 4EBP1. This function of Rheb is blocked by rapamycin and dominant-negative mTOR. Rheb stimulates the phosphorylation of mTOR and plays an essential role in regulation of S6K and 4EBP1 in response to nutrients and cellular energy status. Our data demonstrate that Rheb acts downstream of TSC1/TSC2 and upstream of mTOR to regulate cell growth."
rec0Htllag8qTyRB4,INO2002,TSC2 is phosphorylated and inhibited by Akt and suppresses mTOR signalling,Inoki K; Guan KL et al.,2002,Nature Cell Biology,Mechanism,Human cell lines,PI3K; Akt/PKB; TSC1/TSC2; mTORC1,D - Mechanistic/Review,5 - Mechanistic / In Vitro,Yes,10.1038/ncb839,,,False,"Tuberous sclerosis (TSC) is an autosomal dominant disorder characterized by the formation of hamartomas in a wide range of human tissues. Mutation in either the TSC1 or TSC2 tumour suppressor gene is responsible for both the familial and sporadic forms of this disease. TSC1 and TSC2 proteins form a physical and functional complex in vivo. Here, we show that TSC1-TSC2 inhibits the p70 ribosomal protein S6 kinase 1 (an activator of translation) and activates the eukaryotic initiation factor 4E binding protein 1 (4E-BP1, an inhibitor of translational initiation). These functions of TSC1-TSC2 are mediated by inhibition of the mammalian target of rapamycin (mTOR). Furthermore, TSC2 is directly phosphorylated by Akt, which is involved in stimulating cell growth and is activated by growth stimulating signals, such as insulin. TSC2 is inactivated by Akt-dependent phosphorylation, which destabilizes TSC2 and disrupts its interaction with TSC1. Our data indicate a molecular mechanism for TSC2 in insulin signalling, tumour suppressor functions and in the inhibition of cell growth.","Akt directly phosphorylates and inactivates TSC2, disrupting the TSC1-TSC2 complex and releasing its inhibition of mTOR - the link between growth-factor/insulin signaling and mTORC1 activation.","TSC2 is phosphorylated and inhibited by Akt and suppresses mTOR signalling
Key finding: Akt directly phosphorylates and inactivates TSC2, disrupting the TSC1-TSC2 complex and releasing its inhibition of mTOR - the link between growth-factor/insulin signaling and mTORC1 activation.
Abstract: Tuberous sclerosis (TSC) is an autosomal dominant disorder characterized by the formation of hamartomas in a wide range of human tissues. Mutation in either the TSC1 or TSC2 tumour suppressor gene is responsible for both the familial and sporadic forms of this disease. TSC1 and TSC2 proteins form a physical and functional complex in vivo. Here, we show that TSC1-TSC2 inhibits the p70 ribosomal protein S6 kinase 1 (an activator of translation) and activates the eukaryotic initiation factor 4E binding protein 1 (4E-BP1, an inhibitor of translational initiation). These functions of TSC1-TSC2 are mediated by inhibition of the mammalian target of rapamycin (mTOR). Furthermore, TSC2 is directly phosphorylated by Akt, which is involved in stimulating cell growth and is activated by growth stimulating signals, such as insulin. TSC2 is inactivated by Akt-dependent phosphorylation, which destabilizes TSC2 and disrupts its interaction with TSC1. Our data indicate a molecular mechanism for TSC2 in insulin signalling, tumour suppressor functions and in the inhibition of cell growth."
rec0iqPBrFTHht4zq,LOF2011,Ulk1-mediated phosphorylation of AMPK constitutes a negative regulatory feedback loop,Löffler AS et al.,2011,Autophagy,Mechanism,Human cells; mouse,ULK1; AMPK; Autophagy,D - Mechanistic/Review,5 - Mechanistic / In Vitro,Yes,10.4161/auto.7.7.15451,,,False,"Unc-51-like kinase 1 (Ulk1) plays a central role in autophagy induction. It forms a stable complex with Atg13 and focal adhesion kinase (FAK) family interacting protein of 200 kDa (FIP 200). This complex is negatively regulated by the mammalian target of rapamycin complex 1 (mTORC1) in a nutrient-dependent way. AMP-activated protein kinase (AMPK), which is activated by LKB1/Strad/Mo25 upon high AMP levels, stimulates autophagy by inhibiting mTORC1. Recently, it has been described that AMPK and Ulk1 interact and that the latter is phosphorylated by AMPK. This phosphorylation leads to the direct activation of Ulk1 by AMPK bypassing mTOR-inhibition. Here we report that Ulk1/2 in turn phosphorylates all three subunits of AMPK and thereby negatively regulates its activity. Thus, we propose that Ulk1 is not only involved in the induction of autophagy, but also in terminating signaling events that trigger autophagy. In our model, phosphorylation of AMPK by Ulk1 represents a negative feedback circuit.","ULK1 phosphorylates and inhibits AMPK in return, showing autophagy signaling is a bidirectional feedback loop, not a one-way switch.","Ulk1-mediated phosphorylation of AMPK constitutes a negative regulatory feedback loop
Key finding: ULK1 phosphorylates and inhibits AMPK in return, showing autophagy signaling is a bidirectional feedback loop, not a one-way switch.
Abstract: Unc-51-like kinase 1 (Ulk1) plays a central role in autophagy induction. It forms a stable complex with Atg13 and focal adhesion kinase (FAK) family interacting protein of 200 kDa (FIP 200). This complex is negatively regulated by the mammalian target of rapamycin complex 1 (mTORC1) in a nutrient-dependent way. AMP-activated protein kinase (AMPK), which is activated by LKB1/Strad/Mo25 upon high AMP levels, stimulates autophagy by inhibiting mTORC1. Recently, it has been described that AMPK and Ulk1 interact and that the latter is phosphorylated by AMPK. This phosphorylation leads to the direct activation of Ulk1 by AMPK bypassing mTOR-inhibition. Here we report that Ulk1/2 in turn phosphorylates all three subunits of AMPK and thereby negatively regulates its activity. Thus, we propose that Ulk1 is not only involved in the induction of autophagy, but also in terminating signaling events that trigger autophagy. In our model, phosphorylation of AMPK by Ulk1 represents a negative feedback circuit."
rec0t9OCPe4Fa74bt,KIM2003,"GbetaL, a positive regulator of the rapamycin-sensitive pathway required for the nutrient-sensitive interaction between raptor and mTOR",Kim DH; Sarbassov DD; Ali SM; Latek RR; Guntur KVP; Erdjument-Bromage H; Tempst P; Sabatini DM,2003,Molecular Cell,Mechanism,Human cells (biochemistry),mLST8; mTORC1; Raptor; mTOR,D - Mechanistic/Review,5 - Mechanistic / In Vitro,Yes,10.1016/s1097-2765(03)00114-x,,,False,"mTOR and raptor are components of a signaling pathway that regulates mammalian cell growth in response to nutrients and growth factors. Here, we identify a member of this pathway, a protein named GbetaL that binds to the kinase domain of mTOR and stabilizes the interaction of raptor with mTOR. Like mTOR and raptor, GbetaL participates in nutrient- and growth factor-mediated signaling to S6K1, a downstream effector of mTOR, and in the control of cell size. The binding of GbetaL to mTOR strongly stimulates the kinase activity of mTOR toward S6K1 and 4E-BP1, an effect reversed by the stable interaction of raptor with mTOR. Interestingly, nutrients and rapamycin regulate the association between mTOR and raptor only in complexes that also contain GbetaL. Thus, we propose that the opposing effects on mTOR activity of the GbetaL- and raptor-mediated interactions regulate the mTOR pathway.","Discovered mLST8 (GbetaL), the third core subunit that clamps onto mTOR's kinase domain and stabilizes the complex. It fine-tunes how tightly Raptor holds mTOR in response to nutrients - a small but essential cog that later proved especially critical for the mTORC2 complex.","GbetaL, a positive regulator of the rapamycin-sensitive pathway required for the nutrient-sensitive interaction between raptor and mTOR
Key finding: Discovered mLST8 (GbetaL), the third core subunit that clamps onto mTOR's kinase domain and stabilizes the complex. It fine-tunes how tightly Raptor holds mTOR in response to nutrients - a small but essential cog that later proved especially critical for the mTORC2 complex.
Abstract: mTOR and raptor are components of a signaling pathway that regulates mammalian cell growth in response to nutrients and growth factors. Here, we identify a member of this pathway, a protein named GbetaL that binds to the kinase domain of mTOR and stabilizes the interaction of raptor with mTOR. Like mTOR and raptor, GbetaL participates in nutrient- and growth factor-mediated signaling to S6K1, a downstream effector of mTOR, and in the control of cell size. The binding of GbetaL to mTOR strongly stimulates the kinase activity of mTOR toward S6K1 and 4E-BP1, an effect reversed by the stable interaction of raptor with mTOR. Interestingly, nutrients and rapamycin regulate the association between mTOR and raptor only in complexes that also contain GbetaL. Thus, we propose that the opposing effects on mTOR activity of the GbetaL- and raptor-mediated interactions regulate the mTOR pathway."
rec1Qkbx7QrjrJGrF,GWI2008,AMPK phosphorylation of raptor mediates a metabolic checkpoint,Gwinn DM; Shackelford DB; Egan DF; Mihaylova MM; Mery A; Vasquez DS; Turk BE; Shaw RJ,2008,Molecular Cell,Mechanism,Human/mouse cells (biochemistry),AMPK; Raptor; mTORC1; TSC1/TSC2,D - Mechanistic/Review,5 - Mechanistic / In Vitro,Yes,10.1016/j.molcel.2008.03.003,18439900,PMC2674027,True,"AMPK is a highly conserved sensor of cellular energy status that is activated under conditions of low intracellular ATP. AMPK responds to energy stress by suppressing cell growth and biosynthetic processes, in part through its inhibition of the rapamycin-sensitive mTOR (mTORC1) pathway. AMPK phosphorylation of the TSC2 tumor suppressor contributes to suppression of mTORC1; however, TSC2-deficient cells remain responsive to energy stress. Using a proteomic and bioinformatics approach, we sought to identify additional substrates of AMPK that mediate its effects on growth control. We report here that AMPK directly phosphorylates the mTOR binding partner raptor on two well-conserved serine residues, and this phosphorylation induces 14-3-3 binding to raptor. The phosphorylation of raptor by AMPK is required for the inhibition of mTORC1 and cell-cycle arrest induced by energy stress. These findings uncover a conserved effector of AMPK that mediates its role as a metabolic checkpoint coordinating cell growth with energy status.","Found a SECOND way the energy sensor AMPK shuts mTORC1 down. Besides acting through TSC2, AMPK directly phosphorylates Raptor - the core mTORC1 subunit - to halt growth when energy runs low. This 'metabolic checkpoint' is exactly the switch that drugs like metformin and exercise tap into.","AMPK phosphorylation of raptor mediates a metabolic checkpoint
Key finding: Found a SECOND way the energy sensor AMPK shuts mTORC1 down. Besides acting through TSC2, AMPK directly phosphorylates Raptor - the core mTORC1 subunit - to halt growth when energy runs low. This 'metabolic checkpoint' is exactly the switch that drugs like metformin and exercise tap into.
Abstract: AMPK is a highly conserved sensor of cellular energy status that is activated under conditions of low intracellular ATP. AMPK responds to energy stress by suppressing cell growth and biosynthetic processes, in part through its inhibition of the rapamycin-sensitive mTOR (mTORC1) pathway. AMPK phosphorylation of the TSC2 tumor suppressor contributes to suppression of mTORC1; however, TSC2-deficient cells remain responsive to energy stress. Using a proteomic and bioinformatics approach, we sought to identify additional substrates of AMPK that mediate its effects on growth control. We report here that AMPK directly phosphorylates the mTOR binding partner raptor on two well-conserved serine residues, and this phosphorylation induces 14-3-3 binding to raptor. The phosphorylation of raptor by AMPK is required for the inhibition of mTORC1 and cell-cycle arrest induced by energy stress. These findings uncover a conserved effector of AMPK that mediates its role as a metabolic checkpoint coordinating cell growth with energy status."
rec2Cu2S2HsafRYNp,BRO1996,Dwarf mice and the ageing process,Brown-Borg HM; Bartke A et al.,1996,Nature,Animal,Ames dwarf mice (growth-hormone deficient),Growth hormone / IGF-1 axis; Longevity,C - Animal,4 - Animal Study,Yes,10.1038/384033a0,,,False,"(Brief communication; no formal abstract in PubMed — editorial summary.) This landmark report shows that Ames dwarf mice, which carry a mutation causing combined deficiency of growth hormone, prolactin and thyroid-stimulating hormone, live substantially longer than their normal littermates (both sexes). It was among the first demonstrations that genetically reduced growth hormone / IGF-1 endocrine signalling extends lifespan in a mammal, linking the somatotropic axis — upstream of PI3K-Akt-mTOR — to the ageing process and providing a foundational genetic model for the biology of ageing and longevity.",Mice with growth hormone deficiency lived substantially longer than normal littermates - founding observation linking reduced growth-signaling to mammalian longevity.,"Dwarf mice and the ageing process
Key finding: Mice with growth hormone deficiency lived substantially longer than normal littermates - founding observation linking reduced growth-signaling to mammalian longevity.
Abstract: (Brief communication; no formal abstract in PubMed — editorial summary.) This landmark report shows that Ames dwarf mice, which carry a mutation causing combined deficiency of growth hormone, prolactin and thyroid-stimulating hormone, live substantially longer than their normal littermates (both sexes). It was among the first demonstrations that genetically reduced growth hormone / IGF-1 endocrine signalling extends lifespan in a mammal, linking the somatotropic axis — upstream of PI3K-Akt-mTOR — to the ageing process and providing a foundational genetic model for the biology of ageing and longevity."
rec391snzMPPVCpVv,HSI2012,The translational landscape of mTOR signalling steers cancer initiation and metastasis,Hsieh AC; Liu Y; Edlind MP; Ingolia NT; Janes MR; Sher A; et al.; Ruggero D,2012,Nature,Mechanism,Mouse models + human prostate cancer,mTORC1; 4E-BP1; Prostate cancer,D - Mechanistic/Review,5 - Mechanistic / In Vitro,Yes,10.1038/nature10912,22367541,PMC3663483,True,"The mammalian target of rapamycin (mTOR) kinase is a master regulator of protein synthesis that couples nutrient sensing to cell growth and cancer. However, the downstream translationally regulated nodes of gene expression that may direct cancer development are poorly characterized. Using ribosome profiling, we uncover specialized translation of the prostate cancer genome by oncogenic mTOR signalling, revealing a remarkably specific repertoire of genes involved in cell proliferation, metabolism and invasion. We extend these findings by functionally characterizing a class of translationally controlled pro-invasion messenger RNAs that we show direct prostate cancer invasion and metastasis downstream of oncogenic mTOR signalling. Furthermore, we develop a clinically relevant ATP site inhibitor of mTOR, INK128, which reprograms this gene expression signature with therapeutic benefit for prostate cancer metastasis, for which there is presently no cure. Together, these findings extend our understanding of how the 'cancerous' translation machinery steers specific cancer cell behaviours, including metastasis, and may be therapeutically targeted.","Showed WHY mTOR-driven translation matters for cancer: in prostate cancer, oncogenic mTOR selectively translates a specific set of pro-invasion mRNAs that drive metastasis. An ATP-competitive mTOR inhibitor (INK128) reversed that signature - a therapeutic proof-of-concept.","The translational landscape of mTOR signalling steers cancer initiation and metastasis
Key finding: Showed WHY mTOR-driven translation matters for cancer: in prostate cancer, oncogenic mTOR selectively translates a specific set of pro-invasion mRNAs that drive metastasis. An ATP-competitive mTOR inhibitor (INK128) reversed that signature - a therapeutic proof-of-concept.
Abstract: The mammalian target of rapamycin (mTOR) kinase is a master regulator of protein synthesis that couples nutrient sensing to cell growth and cancer. However, the downstream translationally regulated nodes of gene expression that may direct cancer development are poorly characterized. Using ribosome profiling, we uncover specialized translation of the prostate cancer genome by oncogenic mTOR signalling, revealing a remarkably specific repertoire of genes involved in cell proliferation, metabolism and invasion. We extend these findings by functionally characterizing a class of translationally controlled pro-invasion messenger RNAs that we show direct prostate cancer invasion and metastasis downstream of oncogenic mTOR signalling. Furthermore, we develop a clinically relevant ATP site inhibitor of mTOR, INK128, which reprograms this gene expression signature with therapeutic benefit for prostate cancer metastasis, for which there is presently no cure. Together, these findings extend our understanding of how the 'cancerous' translation machinery steers specific cancer cell behaviours, including metastasis, and may be therapeutically targeted."
rec3RZPFcS0XOk5sE,JAC2006,SIN1/MIP1 maintains rictor-mTOR complex integrity and regulates Akt phosphorylation and substrate specificity,Jacinto E; Su B et al.,2006,Cell,Mechanism,Mammalian cells,"SIN1, rictor, mTORC2, Akt",D - Mechanistic/Review,5 - Mechanistic / In Vitro,Yes,10.1016/j.cell.2006.08.033,,,False,"Mammalian target of rapamycin (mTOR) controls cell growth and proliferation via the raptor-mTOR (TORC1) and rictor-mTOR (TORC2) protein complexes. Recent biochemical studies suggested that TORC2 is the elusive PDK2 for Akt/PKB Ser473 phosphorylation in the hydrophobic motif. Phosphorylation at Ser473, along with Thr308 of its activation loop, is deemed necessary for Akt function, although the regulatory mechanisms and physiological importance of each phosphorylation site remain to be fully understood. Here, we report that SIN1/MIP1 is an essential TORC2/PDK2 subunit. Genetic ablation of sin1 abolished Akt-Ser473 phosphorylation and disrupted rictor-mTOR interaction but maintained Thr308 phosphorylation. Surprisingly, defective Ser473 phosphorylation affected only a subset of Akt targets in vivo, including FoxO1/3a, while other Akt targets, TSC2 and GSK3, and the TORC1 effectors, S6K and 4E-BP1, were unaffected. Our findings reveal that the SIN1-rictor-mTOR function in Akt-Ser473 phosphorylation is required for TORC2 function in cell survival but is dispensable for TORC1 function.",SIN1 maintains rictor-mTOR integrity and confers mTORC2 Akt-Ser473 kinase activity and substrate specificity.,"SIN1/MIP1 maintains rictor-mTOR complex integrity and regulates Akt phosphorylation and substrate specificity
Key finding: SIN1 maintains rictor-mTOR integrity and confers mTORC2 Akt-Ser473 kinase activity and substrate specificity.
Abstract: Mammalian target of rapamycin (mTOR) controls cell growth and proliferation via the raptor-mTOR (TORC1) and rictor-mTOR (TORC2) protein complexes. Recent biochemical studies suggested that TORC2 is the elusive PDK2 for Akt/PKB Ser473 phosphorylation in the hydrophobic motif. Phosphorylation at Ser473, along with Thr308 of its activation loop, is deemed necessary for Akt function, although the regulatory mechanisms and physiological importance of each phosphorylation site remain to be fully understood. Here, we report that SIN1/MIP1 is an essential TORC2/PDK2 subunit. Genetic ablation of sin1 abolished Akt-Ser473 phosphorylation and disrupted rictor-mTOR interaction but maintained Thr308 phosphorylation. Surprisingly, defective Ser473 phosphorylation affected only a subset of Akt targets in vivo, including FoxO1/3a, while other Akt targets, TSC2 and GSK3, and the TORC1 effectors, S6K and 4E-BP1, were unaffected. Our findings reveal that the SIN1-rictor-mTOR function in Akt-Ser473 phosphorylation is required for TORC2 function in cell survival but is dispensable for TORC1 function."
rec3bdrglkiZ4HGeW,CHI2012,Regulation and function of mTOR signalling in T cell fate decisions,Chi H,2012,Nature reviews. Immunology,Review,Review,"mTOR, T cell fate",D - Mechanistic/Review,Narrative Review,Yes,10.1038/nri3198,22517423,PMC3417069,True,"The evolutionarily conserved kinase mTOR (mammalian target of rapamycin) couples cell growth and metabolism to environmental inputs in eukaryotes. T cells depend on mTOR signalling to integrate immune signals and metabolic cues for their proper maintenance and activation. Under steady-state conditions, mTOR is actively controlled by multiple inhibitory mechanisms, and this enforces normal T cell homeostasis. Antigen recognition by naive CD4(+) and CD8(+) T cells triggers mTOR activation, which in turn programmes the differentiation of these cells into functionally distinct lineages. This Review focuses on the signalling mechanisms of mTOR in T cell homeostatic and functional fates, and discusses the therapeutic implications of targeting mTOR in T cells.",Review of mTOR signalling in T-cell fate decisions.,"Regulation and function of mTOR signalling in T cell fate decisions
Key finding: Review of mTOR signalling in T-cell fate decisions.
Abstract: The evolutionarily conserved kinase mTOR (mammalian target of rapamycin) couples cell growth and metabolism to environmental inputs in eukaryotes. T cells depend on mTOR signalling to integrate immune signals and metabolic cues for their proper maintenance and activation. Under steady-state conditions, mTOR is actively controlled by multiple inhibitory mechanisms, and this enforces normal T cell homeostasis. Antigen recognition by naive CD4(+) and CD8(+) T cells triggers mTOR activation, which in turn programmes the differentiation of these cells into functionally distinct lineages. This Review focuses on the signalling mechanisms of mTOR in T cell homeostatic and functional fates, and discusses the therapeutic implications of targeting mTOR in T cells."
rec3kNKGDn68hqkK7,KRA2018,A randomized control trial to establish the feasibility and safety of rapamycin treatment in an older human cohort,Kraig E; Linehan LA; Liang H; Romo TQ; Liu Q; et al.; Kellogg DL,2018,Experimental Gerontology,Human,"Humans, pilot RCT (n=25, ages 70-95)",Rapamycin; Longevity; Immune function; mTORC1,B - Human,2 - Human Clinical Trial,Yes,10.1016/j.exger.2017.12.026,29408453,PMC5869166,True,"Inhibition of the mechanistic target of rapamycin (mTOR) pathway by rapamycin (RAPA), an FDA-approved immunosuppressive drug used as a clinical therapy to prevent solid organ allograft rejection, enhances longevity in mice. Importantly, RAPA was efficacious even when initiated in relatively old animals, suggesting that mTOR inhibition could potentially slow the progression of aging-associated pathologies in older humans (Harrison et al., 2009; Miller et al., 2011). However, the safety and tolerability of RAPA in older human subjects have not yet been demonstrated. Towards this end, we undertook a placebo-controlled pilot study in 25 generally healthy older adults (aged 70-95 years); subjects were randomized to receive either 1 mg RAPA or placebo daily. Although three subjects withdrew, 11 RAPA and 14 controls completed at least 8 weeks of treatment and were included in the analysis. We monitored for changes that would indicate detrimental effects of RAPA treatment on metabolism, including both standard clinical laboratory assays (CBC, CMP, HbA1c) and oral glucose tolerance tests (OGTTs). We also monitored parameters typically associated with aging that could potentially be modified by RAPA; these included cognitive function which was assessed by three different tools: Executive Interview-25 (EXIT25); Saint Louis University Mental Status Exam (SLUMS); and Texas Assessment of Processing Speed (TAPS). In addition, physical performance was measured by handgrip strength and 40-foot timed walks. Lastly, changes in general parameters of healthy immune aging, including serum pro-inflammatory cytokine levels and blood cell subsets, were assessed. Five subjects reported potential adverse side effects; in the RAPA group, these were limited to facial rash (1 subject), stomatitis (1 subject) and gastrointestinal issues (2 subjects) whereas placebo treated subjects only reported stomatitis (1 subject). Although no other adverse events were reported, statistically significant decrements in several erythrocyte parameters including hemoglobin (HgB) and hematocrit (Hct) as well as in red blood cell count (RBC), red blood cell distribution width (RDW), mean corpuscular volume (MCV), and mean corpuscular hemoglobin (MCH) were observed in the RAPA-treatment group. None of these changes manifested clinically significant effects during the short duration of this study. Similarly, no changes were noted in any other clinical laboratory, cognitive, physical performance, or self-perceived health status measure over the study period. Immune parameters were largely unchanged as well, possibly due to the advanced ages of the cohort (70-93 years; mean age 80.5). RAPA-associated increases in a myeloid cell subset and in Twere detected, but changes in most other PBMC cell subsets were not statistically significant. Importantly, the OGTTs revealed no RAPA-induced change in blood glucose concentration, insulin secretion, and insulin sensitivity. Thus, based on the results of our pilot study, it appears that short-term RAPA treatment can be used safely in older persons who are otherwise healthy; a trial with a larger sample size and longer treatment duration is warranted.","A safety-first pilot RCT (n=25, ages 70-95) asking the basic question before any longevity trial: is daily rapamycin safe in healthy older people? Over 8+ weeks it was well tolerated with only minor red-blood-cell changes and - importantly - NO rise in blood glucose or insulin resistance in this short window. Groundwork for larger aging trials like PEARL.","A randomized control trial to establish the feasibility and safety of rapamycin treatment in an older human cohort
Key finding: A safety-first pilot RCT (n=25, ages 70-95) asking the basic question before any longevity trial: is daily rapamycin safe in healthy older people? Over 8+ weeks it was well tolerated with only minor red-blood-cell changes and - importantly - NO rise in blood glucose or insulin resistance in this short window. Groundwork for larger aging trials like PEARL.
Abstract: Inhibition of the mechanistic target of rapamycin (mTOR) pathway by rapamycin (RAPA), an FDA-approved immunosuppressive drug used as a clinical therapy to prevent solid organ allograft rejection, enhances longevity in mice. Importantly, RAPA was efficacious even when initiated in relatively old animals, suggesting that mTOR inhibition could potentially slow the progression of aging-associated pathologies in older humans (Harrison et al., 2009; Miller et al., 2011). However, the safety and tolerability of RAPA in older human subjects have not yet been demonstrated. Towards this end, we undertook a placebo-controlled pilot study in 25 generally healthy older adults (aged 70-95 years); subjects were randomized to receive either 1 mg RAPA or placebo daily. Although three subjects withdrew, 11 RAPA and 14 controls completed at least 8 weeks of treatment and were included in the analysis. We monitored for changes that would indicate detrimental effects of RAPA treatment on metabolism, including both standard clinical laboratory assays (CBC, CMP, HbA1c) and oral glucose tolerance tests (OGTTs). We also monitored parameters typically associated with aging that could potentially be modified by RAPA; these included cognitive function which was assessed by three different tools: Executive Interview-25 (EXIT25); Saint Louis University Mental Status Exam (SLUMS); and Texas Assessment of Processing Speed (TAPS). In addition, physical performance was measured by handgrip strength and 40-foot timed walks. Lastly, changes in general parameters of healthy immune aging, including serum pro-inflammatory cytokine levels and blood cell subsets, were assessed. Five subjects reported potential adverse side effects; in the RAPA group, these were limited to facial rash (1 subject), stomatitis (1 subject) and gastrointestinal issues (2 subjects) whereas placebo treated subjects only reported stomatitis (1 subject). Although no other adverse events were reported, statistically significant decrements in several erythrocyte parameters including hemoglobin (HgB) and hematocrit (Hct) as well as in red blood cell count (RBC), red blood cell distribution width (RDW), mean corpuscular volume (MCV), and mean corpuscular hemoglobin (MCH) were observed in the RAPA-treatment group. None of these changes manifested clinically significant effects during the short duration of this study. Similarly, no changes were noted in any other clinical laboratory, cognitive, physical performance, or self-perceived health status measure over the study period. Immune parameters were largely unchanged as well, possibly due to the advanced ages of the cohort (70-93 years; mean age 80.5). RAPA-associated increases in a myeloid cell subset and in Twere detected, but changes in most other PBMC cell subsets were not statistically significant. Importantly, the OGTTs revealed no RAPA-induced change in blood glucose concentration, insulin secretion, and insulin sensitivity. Thus, based on the results of our pilot study, it appears that short-term RAPA treatment can be used safely in older persons who are otherwise healthy; a trial with a larger sample size and longer treatment duration is warranted."
rec4DIjkTAfaPMkSk,MAX2009,Molecular mechanisms of mTOR-mediated translational control,Ma XM; Blenis J et al.,2009,Nature reviews. Molecular cell biology,Review,Review,"mTOR, translation, 4E-BP, S6K",D - Mechanistic/Review,Narrative Review,Yes,10.1038/nrm2672,,,False,"The process of translation requires substantial cellular resources. Cells have therefore evolved complex mechanisms to control overall protein synthesis as well as the translation of specific mRNAs that are crucial for cell growth and proliferation. At the heart of this process is the mammalian target of rapamycin (mTOR) signalling pathway, which senses and responds to nutrient availability, energy sufficiency, stress, hormones and mitogens to modulate protein synthesis. Here, we highlight recent findings on the regulators and effectors of mTOR and discuss specific cases that serve as paradigms for the different modes of mTOR regulation and its control of translation.",Review of the molecular mechanisms of mTOR-mediated translational control.,"Molecular mechanisms of mTOR-mediated translational control
Key finding: Review of the molecular mechanisms of mTOR-mediated translational control.
Abstract: The process of translation requires substantial cellular resources. Cells have therefore evolved complex mechanisms to control overall protein synthesis as well as the translation of specific mRNAs that are crucial for cell growth and proliferation. At the heart of this process is the mammalian target of rapamycin (mTOR) signalling pathway, which senses and responds to nutrient availability, energy sufficiency, stress, hormones and mitogens to modulate protein synthesis. Here, we highlight recent findings on the regulators and effectors of mTOR and discuss specific cases that serve as paradigms for the different modes of mTOR regulation and its control of translation."
rec4GBNhnX5q0Dljv,HEI1991,Targets for cell cycle arrest by the immunosuppressant rapamycin in yeast,Heitman J; Movva NR; Hall MN,1991,Science,Mechanism,Yeast (Saccharomyces cerevisiae),mTOR; Rapamycin,D - Mechanistic/Review,5 - Mechanistic / In Vitro,Yes,10.1126/science.1715094,,,False,"FK506 and rapamycin are related immunosuppressive compounds that block helper T cell activation by interfering with signal transduction. In vitro, both drugs bind and inhibit the FK506-binding protein (FKBP) proline rotamase. Saccharomyces cerevisiae cells treated with rapamycin irreversibly arrested in the G1 phase of the cell cycle. An FKBP-rapamycin complex is concluded to be the toxic agent because (i) strains that lack FKBP proline rotamase, encoded by FPR1, were viable and fully resistant to rapamycin and (ii) FK506 antagonized rapamycin toxicity in vivo. Mutations that conferred rapamycin resistance altered conserved residues in FKBP that are critical for drug binding. Two genes other than FPR1, named TOR1 and TOR2, that participate in rapamycin toxicity were identified. Nonallelic noncomplementation between FPR1, TOR1, and TOR2 alleles suggests that the products of these genes may interact as subunits of a protein complex. Such a complex may mediate nuclear entry of signals required for progression through the cell cycle.",Discovery of the TOR1 and TOR2 genes in yeast as the targets whose disruption causes rapamycin's cell-cycle-arresting toxicity - the original genetic identification of the TOR pathway.,"Targets for cell cycle arrest by the immunosuppressant rapamycin in yeast
Key finding: Discovery of the TOR1 and TOR2 genes in yeast as the targets whose disruption causes rapamycin's cell-cycle-arresting toxicity - the original genetic identification of the TOR pathway.
Abstract: FK506 and rapamycin are related immunosuppressive compounds that block helper T cell activation by interfering with signal transduction. In vitro, both drugs bind and inhibit the FK506-binding protein (FKBP) proline rotamase. Saccharomyces cerevisiae cells treated with rapamycin irreversibly arrested in the G1 phase of the cell cycle. An FKBP-rapamycin complex is concluded to be the toxic agent because (i) strains that lack FKBP proline rotamase, encoded by FPR1, were viable and fully resistant to rapamycin and (ii) FK506 antagonized rapamycin toxicity in vivo. Mutations that conferred rapamycin resistance altered conserved residues in FKBP that are critical for drug binding. Two genes other than FPR1, named TOR1 and TOR2, that participate in rapamycin toxicity were identified. Nonallelic noncomplementation between FPR1, TOR1, and TOR2 alleles suggests that the products of these genes may interact as subunits of a protein complex. Such a complex may mediate nuclear entry of signals required for progression through the cell cycle."
rec4eUYT87bZd7BJS,FON2010,Extending healthy life span--from yeast to humans,Fontana L; Partridge L; Longo VD,2010,Science,Review,Review (yeast to humans),Caloric restriction; Longevity; mTORC1; Growth hormone / IGF-1 axis,D - Mechanistic/Review,Narrative Review,Yes,10.1126/science.1172539,20395504,PMC3607354,True,"When the food intake of organisms such as yeast and rodents is reduced (dietary restriction), they live longer than organisms fed a normal diet. A similar effect is seen when the activity of nutrient-sensing pathways is reduced by mutations or chemical inhibitors. In rodents, both dietary restriction and decreased nutrient-sensing pathway activity can lower the incidence of age-related loss of function and disease, including tumors and neurodegeneration. Dietary restriction also increases life span and protects against diabetes, cancer, and cardiovascular disease in rhesus monkeys, and in humans it causes changes that protect against these age-related pathologies. Tumors and diabetes are also uncommon in humans with mutations in the growth hormone receptor, and natural genetic variants in nutrient-sensing pathways are associated with increased human life span. Dietary restriction and reduced activity of nutrient-sensing pathways may thus slow aging by similar mechanisms, which have been conserved during evolution. We discuss these findings and their potential application to prevention of age-related disease and promotion of healthy aging in humans, and the challenge of possible negative side effects.",The landmark synthesis showing that eating less (dietary restriction) and dialing down nutrient-sensing pathways - mTOR and growth hormone/IGF-1 - extend healthy lifespan by the SAME conserved mechanisms from yeast to monkeys to humans. This is the paper that frames why mTOR sits at the crossroads of diet and aging.,"Extending healthy life span--from yeast to humans
Key finding: The landmark synthesis showing that eating less (dietary restriction) and dialing down nutrient-sensing pathways - mTOR and growth hormone/IGF-1 - extend healthy lifespan by the SAME conserved mechanisms from yeast to monkeys to humans. This is the paper that frames why mTOR sits at the crossroads of diet and aging.
Abstract: When the food intake of organisms such as yeast and rodents is reduced (dietary restriction), they live longer than organisms fed a normal diet. A similar effect is seen when the activity of nutrient-sensing pathways is reduced by mutations or chemical inhibitors. In rodents, both dietary restriction and decreased nutrient-sensing pathway activity can lower the incidence of age-related loss of function and disease, including tumors and neurodegeneration. Dietary restriction also increases life span and protects against diabetes, cancer, and cardiovascular disease in rhesus monkeys, and in humans it causes changes that protect against these age-related pathologies. Tumors and diabetes are also uncommon in humans with mutations in the growth hormone receptor, and natural genetic variants in nutrient-sensing pathways are associated with increased human life span. Dietary restriction and reduced activity of nutrient-sensing pathways may thus slow aging by similar mechanisms, which have been conserved during evolution. We discuss these findings and their potential application to prevention of age-related disease and promotion of healthy aging in humans, and the challenge of possible negative side effects."
rec4eYA0wfmIxhFyT,CAS2009,mTOR mediates Wnt-induced epidermal stem cell exhaustion and aging,Castilho RM; Gutkind JS et al.,2009,Cell stem cell,Animal,Mouse,"mTOR, Wnt, stem cells, aging",C - Animal,4 - Animal Study,Yes,10.1016/j.stem.2009.06.017,19733540,PMC2939833,True,"Epidermal integrity is a complex process established during embryogenesis and maintained throughout the organism lifespan by epithelial stem cells. Although Wnt regulates normal epithelial stem cell renewal, aberrant Wnt signaling can contribute to cancerous growth. Here, we explored the consequences of persistent expressing Wnt1 in an epidermal compartment that includes the epithelial stem cells. Surprisingly, Wnt caused the rapid growth of the hair follicles, but this was followed by epithelial cell senescence, disappearance of the epidermal stem cell compartment, and progressive hair loss. Although Wnt1 induced the activation of beta-catenin and the mTOR pathway, both hair follicle hyperproliferation and stem cell exhaustion were strictly dependent on mTOR function. These findings suggest that whereas activation of beta-catenin contributes to tumor growth, epithelial stem cells may be endowed with a protective mechanism that results in cell senescence upon the persistent stimulation of proliferative pathways that activate mTOR, ultimately suppressing tumor formation.",Wnt-induced mTOR activation drives epidermal stem-cell senescence; rapamycin rescues it.,"mTOR mediates Wnt-induced epidermal stem cell exhaustion and aging
Key finding: Wnt-induced mTOR activation drives epidermal stem-cell senescence; rapamycin rescues it.
Abstract: Epidermal integrity is a complex process established during embryogenesis and maintained throughout the organism lifespan by epithelial stem cells. Although Wnt regulates normal epithelial stem cell renewal, aberrant Wnt signaling can contribute to cancerous growth. Here, we explored the consequences of persistent expressing Wnt1 in an epidermal compartment that includes the epithelial stem cells. Surprisingly, Wnt caused the rapid growth of the hair follicles, but this was followed by epithelial cell senescence, disappearance of the epidermal stem cell compartment, and progressive hair loss. Although Wnt1 induced the activation of beta-catenin and the mTOR pathway, both hair follicle hyperproliferation and stem cell exhaustion were strictly dependent on mTOR function. These findings suggest that whereas activation of beta-catenin contributes to tumor growth, epithelial stem cells may be endowed with a protective mechanism that results in cell senescence upon the persistent stimulation of proliferative pathways that activate mTOR, ultimately suppressing tumor formation."
rec4trV61NErS0JEa,SAC2011,Rac1 regulates the activity of mTORC1 and mTORC2 and controls cellular size,Saci A; Carpenter CL et al.,2011,Molecular cell,Mechanism,Mammalian cells,"Rac1, mTORC1, mTORC2",D - Mechanistic/Review,5 - Mechanistic / In Vitro,Yes,10.1016/j.molcel.2011.03.017,21474067,PMC3750737,True,"Mammalian target of rapamycin (mTOR) is a serine/threonine kinase that exists in two separate complexes, mTORC1 and mTORC2, that function to control cell size and growth in response to growth factors, nutrients, and cellular energy levels. Low molecular weight GTP-binding proteins of the Rheb and Rag families are key regulators of the mTORC1 complex, but regulation of mTORC2 is poorly understood. Here, we report that Rac1, a member of the Rho family of GTPases, is a critical regulator of both mTORC1 and mTORC2 in response to growth-factor stimulation. Deletion of Rac1 in primary cells using an inducible-Cre/Lox approach inhibits basal and growth-factor activation of both mTORC1 and mTORC2. Rac1 appears to bind directly to mTOR and to mediate mTORC1 and mTORC2 localization at specific membranes. Binding of Rac1 to mTOR does not depend on the GTP-bound state of Rac1, but on the integrity of its C-terminal domain. This function of Rac1 provides a means to regulate mTORC1 and mTORC2 simultaneously.","Rac1 binds and regulates both mTORC1 and mTORC2, controlling their localization and cell growth.","Rac1 regulates the activity of mTORC1 and mTORC2 and controls cellular size
Key finding: Rac1 binds and regulates both mTORC1 and mTORC2, controlling their localization and cell growth.
Abstract: Mammalian target of rapamycin (mTOR) is a serine/threonine kinase that exists in two separate complexes, mTORC1 and mTORC2, that function to control cell size and growth in response to growth factors, nutrients, and cellular energy levels. Low molecular weight GTP-binding proteins of the Rheb and Rag families are key regulators of the mTORC1 complex, but regulation of mTORC2 is poorly understood. Here, we report that Rac1, a member of the Rho family of GTPases, is a critical regulator of both mTORC1 and mTORC2 in response to growth-factor stimulation. Deletion of Rac1 in primary cells using an inducible-Cre/Lox approach inhibits basal and growth-factor activation of both mTORC1 and mTORC2. Rac1 appears to bind directly to mTOR and to mediate mTORC1 and mTORC2 localization at specific membranes. Binding of Rac1 to mTOR does not depend on the GTP-bound state of Rac1, but on the integrity of its C-terminal domain. This function of Rac1 provides a means to regulate mTORC1 and mTORC2 simultaneously."
rec4yiUGg7OSdllYN,WOL2015,Sestrin2 is a leucine sensor for the mTORC1 pathway,Wolfson RL; Sabatini DM et al.,2015,Science,Mechanism,Mammalian cells,"Sestrin2, leucine sensor, GATOR2",D - Mechanistic/Review,5 - Mechanistic / In Vitro,Yes,10.1126/science.aab2674,26449471,PMC4698017,True,"Leucine is a proteogenic amino acid that also regulates many aspects of mammalian physiology, in large part by activating the mTOR complex 1 (mTORC1) protein kinase, a master growth controller. Amino acids signal to mTORC1 through the Rag guanosine triphosphatases (GTPases). Several factors regulate the Rags, including GATOR1, aGTPase-activating protein; GATOR2, a positive regulator of unknown function; and Sestrin2, a GATOR2-interacting protein that inhibits mTORC1 signaling. We find that leucine, but not arginine, disrupts the Sestrin2-GATOR2 interaction by binding to Sestrin2 with a dissociation constant of 20 micromolar, which is the leucine concentration that half-maximally activates mTORC1. The leucine-binding capacity of Sestrin2 is required for leucine to activate mTORC1 in cells. These results indicate that Sestrin2 is a leucine sensor for the mTORC1 pathway.",Sestrin2 is a direct leucine sensor whose leucine binding releases GATOR2 to activate mTORC1.,"Sestrin2 is a leucine sensor for the mTORC1 pathway
Key finding: Sestrin2 is a direct leucine sensor whose leucine binding releases GATOR2 to activate mTORC1.
Abstract: Leucine is a proteogenic amino acid that also regulates many aspects of mammalian physiology, in large part by activating the mTOR complex 1 (mTORC1) protein kinase, a master growth controller. Amino acids signal to mTORC1 through the Rag guanosine triphosphatases (GTPases). Several factors regulate the Rags, including GATOR1, aGTPase-activating protein; GATOR2, a positive regulator of unknown function; and Sestrin2, a GATOR2-interacting protein that inhibits mTORC1 signaling. We find that leucine, but not arginine, disrupts the Sestrin2-GATOR2 interaction by binding to Sestrin2 with a dissociation constant of 20 micromolar, which is the leucine concentration that half-maximally activates mTORC1. The leucine-binding capacity of Sestrin2 is required for leucine to activate mTORC1 in cells. These results indicate that Sestrin2 is a leucine sensor for the mTORC1 pathway."
rec5vWSrUstuoiiU2,JEW2015,Metabolism. Differential regulation of mTORC1 by leucine and glutamine,Jewell JL; Guan KL et al.,2015,Science,Mechanism,Mammalian cells,"glutamine, Arf1, Rag-independent",D - Mechanistic/Review,5 - Mechanistic / In Vitro,Yes,10.1126/science.1259472,25567907,PMC4384888,True,"The mechanistic target of rapamycin (mTOR) complex 1 (mTORC1) integrates environmental and intracellular signals to regulate cell growth. Amino acids stimulate mTORC1 activation at the lysosome in a manner thought to be dependent on the Rag small guanosine triphosphatases (GTPases), the Ragulator complex, and the vacuolar H(+)-adenosine triphosphatase (v-ATPase). We report that leucine and glutamine stimulate mTORC1 by Rag GTPase-dependent and -independent mechanisms, respectively. Glutamine promoted mTORC1 translocation to the lysosome in RagA and RagB knockout cells and required the v-ATPase but not the Ragulator. Furthermore, we identified the adenosine diphosphate ribosylation factor-1 GTPase to be required for mTORC1 activation and lysosomal localization by glutamine. Our results uncover a signaling cascade to mTORC1 activation independent of the Rag GTPases and suggest that mTORC1 is differentially regulated by specific amino acids.","Glutamine activates mTORC1 via a Rag-independent, Arf1-dependent route distinct from leucine.","Metabolism. Differential regulation of mTORC1 by leucine and glutamine
Key finding: Glutamine activates mTORC1 via a Rag-independent, Arf1-dependent route distinct from leucine.
Abstract: The mechanistic target of rapamycin (mTOR) complex 1 (mTORC1) integrates environmental and intracellular signals to regulate cell growth. Amino acids stimulate mTORC1 activation at the lysosome in a manner thought to be dependent on the Rag small guanosine triphosphatases (GTPases), the Ragulator complex, and the vacuolar H(+)-adenosine triphosphatase (v-ATPase). We report that leucine and glutamine stimulate mTORC1 by Rag GTPase-dependent and -independent mechanisms, respectively. Glutamine promoted mTORC1 translocation to the lysosome in RagA and RagB knockout cells and required the v-ATPase but not the Ragulator. Furthermore, we identified the adenosine diphosphate ribosylation factor-1 GTPase to be required for mTORC1 activation and lysosomal localization by glutamine. Our results uncover a signaling cascade to mTORC1 activation independent of the Rag GTPases and suggest that mTORC1 is differentially regulated by specific amino acids."
rec61cwwk386x930g,ZHO2001,Role of AMP-activated protein kinase in mechanism of metformin action,Zhou G et al.,2001,J Clin Invest,Mechanism,Rat; hepatocytes; skeletal muscle,Metformin; AMPK,D - Mechanistic/Review,5 - Mechanistic / In Vitro,Yes,10.1172/JCI13505,11602624,PMC209533,True,"Metformin is a widely used drug for treatment of type 2 diabetes with no defined cellular mechanism of action. Its glucose-lowering effect results from decreased hepatic glucose production and increased glucose utilization. Metformin's beneficial effects on circulating lipids have been linked to reduced fatty liver. AMP-activated protein kinase (AMPK) is a major cellular regulator of lipid and glucose metabolism. Here we report that metformin activates AMPK in hepatocytes; as a result, acetyl-CoA carboxylase (ACC) activity is reduced, fatty acid oxidation is induced, and expression of lipogenic enzymes is suppressed. Activation of AMPK by metformin or an adenosine analogue suppresses expression of SREBP-1, a key lipogenic transcription factor. In metformin-treated rats, hepatic expression of SREBP-1 (and other lipogenic) mRNAs and protein is reduced; activity of the AMPK target, ACC, is also reduced. Using a novel AMPK inhibitor, we find that AMPK activation is required for metformin's inhibitory effect on glucose production by hepatocytes. In isolated rat skeletal muscles, metformin stimulates glucose uptake coincident with AMPK activation. Activation of AMPK provides a unified explanation for the pleiotropic beneficial effects of this drug; these results also suggest that alternative means of modulating AMPK should be useful for the treatment of metabolic disorders.","Metformin activates AMPK, suppressing hepatic gluconeogenesis and lipogenesis.","Role of AMP-activated protein kinase in mechanism of metformin action
Key finding: Metformin activates AMPK, suppressing hepatic gluconeogenesis and lipogenesis.
Abstract: Metformin is a widely used drug for treatment of type 2 diabetes with no defined cellular mechanism of action. Its glucose-lowering effect results from decreased hepatic glucose production and increased glucose utilization. Metformin's beneficial effects on circulating lipids have been linked to reduced fatty liver. AMP-activated protein kinase (AMPK) is a major cellular regulator of lipid and glucose metabolism. Here we report that metformin activates AMPK in hepatocytes; as a result, acetyl-CoA carboxylase (ACC) activity is reduced, fatty acid oxidation is induced, and expression of lipogenic enzymes is suppressed. Activation of AMPK by metformin or an adenosine analogue suppresses expression of SREBP-1, a key lipogenic transcription factor. In metformin-treated rats, hepatic expression of SREBP-1 (and other lipogenic) mRNAs and protein is reduced; activity of the AMPK target, ACC, is also reduced. Using a novel AMPK inhibitor, we find that AMPK activation is required for metformin's inhibitory effect on glucose production by hepatocytes. In isolated rat skeletal muscles, metformin stimulates glucose uptake coincident with AMPK activation. Activation of AMPK provides a unified explanation for the pleiotropic beneficial effects of this drug; these results also suggest that alternative means of modulating AMPK should be useful for the treatment of metabolic disorders."
rec6A3ORIHXjIV4I1,SZW2021,Regulation and metabolic functions of mTORC1 and mTORC2,Szwed A; Jacinto E et al.,2021,Physiological reviews,Review,Review,"mTORC1, mTORC2, metabolism",D - Mechanistic/Review,Narrative Review,Yes,10.1152/physrev.00026.2020,33599151,PMC8424549,True,"Cells metabolize nutrients for biosynthetic and bioenergetic needs to fuel growth and proliferation. The uptake of nutrients from the environment and their intracellular metabolism is a highly controlled process that involves cross talk between growth signaling and metabolic pathways. Despite constant fluctuations in nutrient availability and environmental signals, normal cells restore metabolic homeostasis to maintain cellular functions and prevent disease. A central signaling molecule that integrates growth with metabolism is the mechanistic target of rapamycin (mTOR). mTOR is a protein kinase that responds to levels of nutrients and growth signals. mTOR forms two protein complexes, mTORC1, which is sensitive to rapamycin, and mTORC2, which is not directly inhibited by this drug. Rapamycin has facilitated the discovery of the various functions of mTORC1 in metabolism. Genetic models that disrupt either mTORC1 or mTORC2 have expanded our knowledge of their cellular, tissue, as well as systemic functions in metabolism. Since mTOR is an important target for cancer, aging, and other metabolism-related pathologies, understanding the distinct and overlapping regulation and functions of the two mTOR complexes is vital for the development of more effective therapeutic strategies.",Comprehensive review of the regulation and metabolic functions of mTORC1 and mTORC2.,"Regulation and metabolic functions of mTORC1 and mTORC2
Key finding: Comprehensive review of the regulation and metabolic functions of mTORC1 and mTORC2.
Abstract: Cells metabolize nutrients for biosynthetic and bioenergetic needs to fuel growth and proliferation. The uptake of nutrients from the environment and their intracellular metabolism is a highly controlled process that involves cross talk between growth signaling and metabolic pathways. Despite constant fluctuations in nutrient availability and environmental signals, normal cells restore metabolic homeostasis to maintain cellular functions and prevent disease. A central signaling molecule that integrates growth with metabolism is the mechanistic target of rapamycin (mTOR). mTOR is a protein kinase that responds to levels of nutrients and growth signals. mTOR forms two protein complexes, mTORC1, which is sensitive to rapamycin, and mTORC2, which is not directly inhibited by this drug. Rapamycin has facilitated the discovery of the various functions of mTORC1 in metabolism. Genetic models that disrupt either mTORC1 or mTORC2 have expanded our knowledge of their cellular, tissue, as well as systemic functions in metabolism. Since mTOR is an important target for cancer, aging, and other metabolism-related pathologies, understanding the distinct and overlapping regulation and functions of the two mTOR complexes is vital for the development of more effective therapeutic strategies."
rec6FWA9TwQH7bT0G,ARR2015,Alternative rapamycin treatment regimens mitigate the impact of rapamycin on glucose homeostasis and the immune system,Arriola Apelo SI; Lamming DW et al.,2015,Aging cell,Animal,Mouse,"rapamycin, intermittent dosing",C - Animal,4 - Animal Study,Yes,10.1111/acel.12405,26463117,PMC4717280,True,"Inhibition of the mechanistic target of rapamycin (mTOR) signaling pathway by the FDA-approved drug rapamycin has been shown to promote lifespan and delay age-related diseases in model organisms including mice. Unfortunately, rapamycin has potentially serious side effects in humans, including glucose intolerance and immunosuppression, which may preclude the long-term prophylactic use of rapamycin as a therapy for age-related diseases. While the beneficial effects of rapamycin are largely mediated by the inhibition of mTOR complex 1 (mTORC1), which is acutely sensitive to rapamycin, many of the negative side effects are mediated by the inhibition of a second mTOR-containing complex, mTORC2, which is much less sensitive to rapamycin. We hypothesized that different rapamycin dosing schedules or the use of FDA-approved rapamycin analogs with different pharmacokinetics might expand the therapeutic window of rapamycin by more specifically targeting mTORC1. Here, we identified an intermittent rapamycin dosing schedule with minimal effects on glucose tolerance, and we find that this schedule has a reduced impact on pyruvate tolerance, fasting glucose and insulin levels, beta cell function, and the immune system compared to daily rapamycin treatment. Further, we find that the FDA-approved rapamycin analogs everolimus and temsirolimus efficiently inhibit mTORC1 while having a reduced impact on glucose and pyruvate tolerance. Our results suggest that many of the negative side effects of rapamycin treatment can be mitigated through intermittent dosing or the use of rapamycin analogs.",Intermittent rapamycin regimens preserve lifespan benefit while reducing glucose/immune side effects.,"Alternative rapamycin treatment regimens mitigate the impact of rapamycin on glucose homeostasis and the immune system
Key finding: Intermittent rapamycin regimens preserve lifespan benefit while reducing glucose/immune side effects.
Abstract: Inhibition of the mechanistic target of rapamycin (mTOR) signaling pathway by the FDA-approved drug rapamycin has been shown to promote lifespan and delay age-related diseases in model organisms including mice. Unfortunately, rapamycin has potentially serious side effects in humans, including glucose intolerance and immunosuppression, which may preclude the long-term prophylactic use of rapamycin as a therapy for age-related diseases. While the beneficial effects of rapamycin are largely mediated by the inhibition of mTOR complex 1 (mTORC1), which is acutely sensitive to rapamycin, many of the negative side effects are mediated by the inhibition of a second mTOR-containing complex, mTORC2, which is much less sensitive to rapamycin. We hypothesized that different rapamycin dosing schedules or the use of FDA-approved rapamycin analogs with different pharmacokinetics might expand the therapeutic window of rapamycin by more specifically targeting mTORC1. Here, we identified an intermittent rapamycin dosing schedule with minimal effects on glucose tolerance, and we find that this schedule has a reduced impact on pyruvate tolerance, fasting glucose and insulin levels, beta cell function, and the immune system compared to daily rapamycin treatment. Further, we find that the FDA-approved rapamycin analogs everolimus and temsirolimus efficiently inhibit mTORC1 while having a reduced impact on glucose and pyruvate tolerance. Our results suggest that many of the negative side effects of rapamycin treatment can be mitigated through intermittent dosing or the use of rapamycin analogs."
rec6G6fnRLHQvGVr4,GOU2023,The molecular basis of nutrient sensing and signalling by mTORC1 in metabolism regulation and disease,Goul C; Zoncu R et al.,2023,Nature reviews. Molecular cell biology,Review,Review,"mTORC1, nutrient sensing, lysosome",D - Mechanistic/Review,Narrative Review,Yes,10.1038/s41580-023-00641-8,,,False,"The Ser/Thr kinase mechanistic target of rapamycin (mTOR) is a central regulator of cellular metabolism. As part of mTOR complex 1 (mTORC1), mTOR integrates signals such as the levels of nutrients, growth factors, energy sources and oxygen, and triggers responses that either boost anabolism or suppress catabolism. mTORC1 signalling has wide-ranging consequences for the growth and homeostasis of key tissues and organs, and its dysregulated activity promotes cancer, type 2 diabetes, neurodegeneration and other age-related disorders. How mTORC1 integrates numerous upstream cues and translates them into specific downstream responses is an outstanding question with major implications for our understanding of physiology and disease mechanisms. In this Review, we discuss recent structural and functional insights into the molecular architecture of mTORC1 and its lysosomal partners, which have greatly increased our mechanistic understanding of nutrient-dependent mTORC1 regulation. We also discuss the emerging involvement of aberrant nutrient-mTORC1 signalling in multiple diseases.",Authoritative review of the molecular basis of nutrient sensing and signalling by mTORC1 in disease.,"The molecular basis of nutrient sensing and signalling by mTORC1 in metabolism regulation and disease
Key finding: Authoritative review of the molecular basis of nutrient sensing and signalling by mTORC1 in disease.
Abstract: The Ser/Thr kinase mechanistic target of rapamycin (mTOR) is a central regulator of cellular metabolism. As part of mTOR complex 1 (mTORC1), mTOR integrates signals such as the levels of nutrients, growth factors, energy sources and oxygen, and triggers responses that either boost anabolism or suppress catabolism. mTORC1 signalling has wide-ranging consequences for the growth and homeostasis of key tissues and organs, and its dysregulated activity promotes cancer, type 2 diabetes, neurodegeneration and other age-related disorders. How mTORC1 integrates numerous upstream cues and translates them into specific downstream responses is an outstanding question with major implications for our understanding of physiology and disease mechanisms. In this Review, we discuss recent structural and functional insights into the molecular architecture of mTORC1 and its lysosomal partners, which have greatly increased our mechanistic understanding of nutrient-dependent mTORC1 regulation. We also discuss the emerging involvement of aberrant nutrient-mTORC1 signalling in multiple diseases."
rec6TaFoJQuZGQEKN,EFE2012,Regulation of mTORC1 by the Rag GTPases is necessary for neonatal autophagy and survival,Efeyan A; Sabatini DM et al.,2012,Nature,Animal,Mouse (RagA GTP knock-in),"RagA, mTORC1, neonatal autophagy",C - Animal,4 - Animal Study,Yes,10.1038/nature11745,23263183,PMC4000705,True,"The mechanistic target of rapamycin complex 1 (mTORC1) pathway regulates organismal growth in response to many environmental cues, including nutrients and growth factors. Cell-based studies showed that mTORC1 senses amino acids through the RagA-D family of GTPases (also known as RRAGA, B, C and D), but their importance in mammalian physiology is unknown. Here we generate knock-in mice that express a constitutively active form of RagA (RagA(GTP)) from its endogenous promoter. RagA(GTP/GTP) mice develop normally, but fail to survive postnatal day 1. When delivered by Caesarean section, fasted RagA(GTP/GTP) neonates die almost twice as rapidly as wild-type littermates. Within an hour of birth, wild-type neonates strongly inhibit mTORC1, which coincides with profound hypoglycaemia and a decrease in plasma amino-acid concentrations. In contrast, mTORC1 inhibition does not occur in RagA(GTP/GTP) neonates, despite identical reductions in blood nutrient amounts. With prolonged fasting, wild-type neonates recover their plasma glucose concentrations, but RagA(GTP/GTP) mice remain hypoglycaemic until death, despite using glycogen at a faster rate. The glucose homeostasis defect correlates with the inability of fasted RagA(GTP/GTP) neonates to trigger autophagy and produce amino acids for de novo glucose production. Because profound hypoglycaemia does not inhibit mTORC1 in RagA(GTP/GTP) neonates, we considered the possibility that the Rag pathway signals glucose as well as amino-acid sufficiency to mTORC1. Indeed, mTORC1 is resistant to glucose deprivation in RagA(GTP/GTP) fibroblasts, and glucose, like amino acids, controls its recruitment to the lysosomal surface, the site of mTORC1 activation. Thus, the Rag GTPases signal glucose and amino-acid concentrations to mTORC1, and have an unexpectedly key role in neonates in autophagy induction and thus nutrient homeostasis and viability.",Rag-GTPase control of mTORC1 is essential for neonatal autophagy and survival to fasting.,"Regulation of mTORC1 by the Rag GTPases is necessary for neonatal autophagy and survival
Key finding: Rag-GTPase control of mTORC1 is essential for neonatal autophagy and survival to fasting.
Abstract: The mechanistic target of rapamycin complex 1 (mTORC1) pathway regulates organismal growth in response to many environmental cues, including nutrients and growth factors. Cell-based studies showed that mTORC1 senses amino acids through the RagA-D family of GTPases (also known as RRAGA, B, C and D), but their importance in mammalian physiology is unknown. Here we generate knock-in mice that express a constitutively active form of RagA (RagA(GTP)) from its endogenous promoter. RagA(GTP/GTP) mice develop normally, but fail to survive postnatal day 1. When delivered by Caesarean section, fasted RagA(GTP/GTP) neonates die almost twice as rapidly as wild-type littermates. Within an hour of birth, wild-type neonates strongly inhibit mTORC1, which coincides with profound hypoglycaemia and a decrease in plasma amino-acid concentrations. In contrast, mTORC1 inhibition does not occur in RagA(GTP/GTP) neonates, despite identical reductions in blood nutrient amounts. With prolonged fasting, wild-type neonates recover their plasma glucose concentrations, but RagA(GTP/GTP) mice remain hypoglycaemic until death, despite using glycogen at a faster rate. The glucose homeostasis defect correlates with the inability of fasted RagA(GTP/GTP) neonates to trigger autophagy and produce amino acids for de novo glucose production. Because profound hypoglycaemia does not inhibit mTORC1 in RagA(GTP/GTP) neonates, we considered the possibility that the Rag pathway signals glucose as well as amino-acid sufficiency to mTORC1. Indeed, mTORC1 is resistant to glucose deprivation in RagA(GTP/GTP) fibroblasts, and glucose, like amino acids, controls its recruitment to the lysosomal surface, the site of mTORC1 activation. Thus, the Rag GTPases signal glucose and amino-acid concentrations to mTORC1, and have an unexpectedly key role in neonates in autophagy induction and thus nutrient homeostasis and viability."
rec6dOJ4dlDVCsvJl,MAN2014,mTOR inhibition improves immune function in the elderly,Mannick JB et al.,2014,Science Translational Medicine,Human,"Humans, RCT, older adults",Everolimus; Immune function,B - Human,2 - Human Clinical Trial,Yes,10.1126/scitranslmed.3009892,,,False,"Inhibition of the mammalian target of rapamycin (mTOR) pathway extends life span in all species studied to date, and in mice delays the onset of age-related diseases and comorbidities. However, it is unknown if mTOR inhibition affects aging or its consequences in humans. To begin to assess the effects of mTOR inhibition on human aging-related conditions, we evaluated whether the mTOR inhibitor RAD001 ameliorated immunosenescence (the decline in immune function during aging) in elderly volunteers, as assessed by their response to influenza vaccination. RAD001 enhanced the response to the influenza vaccine by about 20% at doses that were relatively well tolerated. RAD001 also reduced the percentage of CD4 and CD8 T lymphocytes expressing the programmed death-1 (PD-1) receptor, which inhibits T cell signaling and is more highly expressed with age. These results raise the possibility that mTOR inhibition may have beneficial effects on immunosenescence in the elderly.",Low-dose everolimus improved influenza vaccine response by ~20% and reduced PD-1 expression on T lymphocytes.,"mTOR inhibition improves immune function in the elderly
Key finding: Low-dose everolimus improved influenza vaccine response by ~20% and reduced PD-1 expression on T lymphocytes.
Abstract: Inhibition of the mammalian target of rapamycin (mTOR) pathway extends life span in all species studied to date, and in mice delays the onset of age-related diseases and comorbidities. However, it is unknown if mTOR inhibition affects aging or its consequences in humans. To begin to assess the effects of mTOR inhibition on human aging-related conditions, we evaluated whether the mTOR inhibitor RAD001 ameliorated immunosenescence (the decline in immune function during aging) in elderly volunteers, as assessed by their response to influenza vaccination. RAD001 enhanced the response to the influenza vaccine by about 20% at doses that were relatively well tolerated. RAD001 also reduced the percentage of CD4 and CD8 T lymphocytes expressing the programmed death-1 (PD-1) receptor, which inhibits T cell signaling and is more highly expressed with age. These results raise the possibility that mTOR inhibition may have beneficial effects on immunosenescence in the elderly."
rec6p332Kfu6pqUw4,GUR2017,mTORC2 Promotes Tumorigenesis via Lipid Synthesis,Guri Y; Hall MN et al.,2017,Cancer cell,Animal,Mouse; cells,"mTORC2, lipid synthesis, cancer",C - Animal,4 - Animal Study,Yes,10.1016/j.ccell.2017.11.011,,,False,"Dysregulated mammalian target of rapamycin (mTOR) promotes cancer, but underlying mechanisms are poorly understood. We describe an mTOR-driven mouse model that displays hepatosteatosis progressing to hepatocellular carcinoma (HCC). Longitudinal proteomic, lipidomics, and metabolomic analyses revealed that hepatic mTORC2 promotes de novo fatty acid and lipid synthesis, leading to steatosis and tumor development. In particular, mTORC2 stimulated sphingolipid (glucosylceramide) and glycerophospholipid (cardiolipin) synthesis. Inhibition of fatty acid or sphingolipid synthesis prevented tumor development, indicating a causal effect in tumorigenesis. Increased levels of cardiolipin were associated with tubular mitochondria and enhanced oxidative phosphorylation. Furthermore, increased lipogenesis correlated with elevated mTORC2 activity and HCC in human patients. Thus, mTORC2 promotes cancer via formation of lipids essential for growth and energy production.",mTORC2 promotes tumorigenesis through control of de novo lipid synthesis.,"mTORC2 Promotes Tumorigenesis via Lipid Synthesis
Key finding: mTORC2 promotes tumorigenesis through control of de novo lipid synthesis.
Abstract: Dysregulated mammalian target of rapamycin (mTOR) promotes cancer, but underlying mechanisms are poorly understood. We describe an mTOR-driven mouse model that displays hepatosteatosis progressing to hepatocellular carcinoma (HCC). Longitudinal proteomic, lipidomics, and metabolomic analyses revealed that hepatic mTORC2 promotes de novo fatty acid and lipid synthesis, leading to steatosis and tumor development. In particular, mTORC2 stimulated sphingolipid (glucosylceramide) and glycerophospholipid (cardiolipin) synthesis. Inhibition of fatty acid or sphingolipid synthesis prevented tumor development, indicating a causal effect in tumorigenesis. Increased levels of cardiolipin were associated with tubular mitochondria and enhanced oxidative phosphorylation. Furthermore, increased lipogenesis correlated with elevated mTORC2 activity and HCC in human patients. Thus, mTORC2 promotes cancer via formation of lipids essential for growth and energy production."
rec6q8RGGfuHGULPm,CHU1992,Rapamycin-FKBP specifically blocks growth-dependent activation of and signaling by the 70 kd S6 protein kinases,Chung J; Blenis J et al.,1992,Cell,Mechanism,T cells; in vitro,"Rapamycin, FKBP12, p70 S6K",D - Mechanistic/Review,5 - Mechanistic / In Vitro,Yes,10.1016/0092-8674(92)90643-q,,,False,"The macrolide rapamycin blocks cell cycle progression in yeast and various animal cells by an unknown mechanism. We demonstrate that rapamycin blocks the phosphorylation and activation of the 70 kd S6 protein kinases (pp70S6K) in a variety of animal cells. The structurally related drug FK506 had no effect on pp70S6K activation but at high concentrations reversed the rapamycin-induced block, confirming the requirement for the rapamycin and FK506 receptor, FKBP. Rapamycin also interfered with signaling by these S6 kinases, blocking serum-stimulated S6 phosphorylation and delaying entry of Swiss 3T3 cells into S phase. Neither rapamycin nor FK506 blocked activation of a distinct family of S6 kinases (RSKs) or the MAP kinases. These studies identify a rapamycin-sensitive signaling pathway, argue for a ubiquitous role for FKBPs in signal transduction, indicate that FK506-FKBP-calcineurin complexes do not interfere with pp70S6K signaling, and show that in fibroblasts pp70S6K, not RSK, is the physiological S6 kinase.","Rapamycin-FKBP12 complex blocks growth-factor activation of p70 S6 kinase, linking the drug to a specific mitogenic pathway.","Rapamycin-FKBP specifically blocks growth-dependent activation of and signaling by the 70 kd S6 protein kinases
Key finding: Rapamycin-FKBP12 complex blocks growth-factor activation of p70 S6 kinase, linking the drug to a specific mitogenic pathway.
Abstract: The macrolide rapamycin blocks cell cycle progression in yeast and various animal cells by an unknown mechanism. We demonstrate that rapamycin blocks the phosphorylation and activation of the 70 kd S6 protein kinases (pp70S6K) in a variety of animal cells. The structurally related drug FK506 had no effect on pp70S6K activation but at high concentrations reversed the rapamycin-induced block, confirming the requirement for the rapamycin and FK506 receptor, FKBP. Rapamycin also interfered with signaling by these S6 kinases, blocking serum-stimulated S6 phosphorylation and delaying entry of Swiss 3T3 cells into S phase. Neither rapamycin nor FK506 blocked activation of a distinct family of S6 kinases (RSKs) or the MAP kinases. These studies identify a rapamycin-sensitive signaling pathway, argue for a ubiquitous role for FKBPs in signal transduction, indicate that FK506-FKBP-calcineurin complexes do not interfere with pp70S6K signaling, and show that in fibroblasts pp70S6K, not RSK, is the physiological S6 kinase."
rec6rfl70S1rwkHKM,SCI2014,Mammalian target of rapamycin signaling in cardiac physiology and disease,Sciarretta S; Sadoshima J et al.,2014,Circulation research,Review,Review,"mTOR, heart",D - Mechanistic/Review,Narrative Review,Yes,10.1161/CIRCRESAHA.114.302022,24481845,PMC3995130,True,"The protein kinase mammalian or mechanistic target of rapamycin (mTOR) is an atypical serine/threonine kinase that exerts its main cellular functions by interacting with specific adaptor proteins to form 2 different multiprotein complexes, mTOR complex 1 (mTORC1) and mTOR complex 2 (mTORC2). mTORC1 regulates protein synthesis, cell growth and proliferation, autophagy, cell metabolism, and stress responses, whereas mTORC2 seems to regulate cell survival and polarity. The mTOR pathway plays a key regulatory function in cardiovascular physiology and pathology. However, the majority of information available about mTOR function in the cardiovascular system is related to the role of mTORC1 in the unstressed and stressed heart. mTORC1 is required for embryonic cardiovascular development and for postnatal maintenance of cardiac structure and function. In addition, mTORC1 is necessary for cardiac adaptation to pressure overload and development of compensatory hypertrophy. However, partial and selective pharmacological and genetic inhibition of mTORC1 was shown to extend life span in mammals, reduce pathological hypertrophy and heart failure caused by increased load or genetic cardiomyopathies, reduce myocardial damage after acute and chronic myocardial infarction, and reduce cardiac derangements caused by metabolic disorders. This article reviews the information available regarding the effects exerted by mTOR signaling in cardiovascular physiology and pathological states.",Review of mTOR signalling in cardiac physiology and disease.,"Mammalian target of rapamycin signaling in cardiac physiology and disease
Key finding: Review of mTOR signalling in cardiac physiology and disease.
Abstract: The protein kinase mammalian or mechanistic target of rapamycin (mTOR) is an atypical serine/threonine kinase that exerts its main cellular functions by interacting with specific adaptor proteins to form 2 different multiprotein complexes, mTOR complex 1 (mTORC1) and mTOR complex 2 (mTORC2). mTORC1 regulates protein synthesis, cell growth and proliferation, autophagy, cell metabolism, and stress responses, whereas mTORC2 seems to regulate cell survival and polarity. The mTOR pathway plays a key regulatory function in cardiovascular physiology and pathology. However, the majority of information available about mTOR function in the cardiovascular system is related to the role of mTORC1 in the unstressed and stressed heart. mTORC1 is required for embryonic cardiovascular development and for postnatal maintenance of cardiac structure and function. In addition, mTORC1 is necessary for cardiac adaptation to pressure overload and development of compensatory hypertrophy. However, partial and selective pharmacological and genetic inhibition of mTORC1 was shown to extend life span in mammals, reduce pathological hypertrophy and heart failure caused by increased load or genetic cardiomyopathies, reduce myocardial damage after acute and chronic myocardial infarction, and reduce cardiac derangements caused by metabolic disorders. This article reviews the information available regarding the effects exerted by mTOR signaling in cardiovascular physiology and pathological states."
rec8D1eezOylJ1qxF,BEN2008,"Skeletal muscle-specific ablation of raptor, but not of rictor, causes metabolic changes and results in muscle dystrophy",Bentzinger CF; Rueegg MA et al.,2008,Cell metabolism,Animal,Mouse (muscle raptor/rictor KO),"raptor, rictor, muscle",C - Animal,4 - Animal Study,Yes,10.1016/j.cmet.2008.10.002,,,False,"Mammalian target of rapamycin (mTOR) is a central controller of cell growth. mTOR assembles into two distinct multiprotein complexes called mTOR complex 1 (mTORC1) and mTORC2. Here we show that the mTORC1 component raptor is critical for muscle function and prolonged survival. In contrast, muscles lacking the mTORC2 component rictor are indistinguishable from wild-type controls. Raptor-deficient muscles become progressively dystrophic, are impaired in their oxidative capacity, and contain increased glycogen stores, but they express structural components indicative of oxidative muscle fibers. Biochemical analysis indicates that these changes are probably due to loss of activation of direct downstream targets of mTORC1, downregulation of genes involved in mitochondrial biogenesis, including PGC1alpha, and hyperactivation of PKB/Akt. Finally, we show that activation of PKB/Akt does not require mTORC2. Together, these results demonstrate that muscle mTORC1 has an unexpected role in the regulation of the metabolic properties and that its function is essential for life.","Muscle-specific raptor loss (not rictor) causes dystrophy, showing mTORC1 is essential for muscle homeostasis.","Skeletal muscle-specific ablation of raptor, but not of rictor, causes metabolic changes and results in muscle dystrophy
Key finding: Muscle-specific raptor loss (not rictor) causes dystrophy, showing mTORC1 is essential for muscle homeostasis.
Abstract: Mammalian target of rapamycin (mTOR) is a central controller of cell growth. mTOR assembles into two distinct multiprotein complexes called mTOR complex 1 (mTORC1) and mTORC2. Here we show that the mTORC1 component raptor is critical for muscle function and prolonged survival. In contrast, muscles lacking the mTORC2 component rictor are indistinguishable from wild-type controls. Raptor-deficient muscles become progressively dystrophic, are impaired in their oxidative capacity, and contain increased glycogen stores, but they express structural components indicative of oxidative muscle fibers. Biochemical analysis indicates that these changes are probably due to loss of activation of direct downstream targets of mTORC1, downregulation of genes involved in mitochondrial biogenesis, including PGC1alpha, and hyperactivation of PKB/Akt. Finally, we show that activation of PKB/Akt does not require mTORC2. Together, these results demonstrate that muscle mTORC1 has an unexpected role in the regulation of the metabolic properties and that its function is essential for life."
rec8jFOYldSUo8ULJ,SAB1994,RAFT1: a mammalian protein that binds to FKBP12 in a rapamycin-dependent fashion and is homologous to yeast TORs,Sabatini DM et al.,1994,Cell,Mechanism,Mammalian cell culture,mTOR; Rapamycin,D - Mechanistic/Review,5 - Mechanistic / In Vitro,Yes,10.1016/0092-8674(94)90570-3,,,False,"The immunosuppressants rapamycin and FK506 bind to the same intracellular protein, the immunophilin FKBP12. The FKB12-FK506 complex interacts with and inhibits the Ca(2+)-activated protein phosphatase calcineurin. The target of the FKBP12-rapamycin complex has not yet been identified. We report that a protein complex containing 245 kDa and 35 kDa components, designated rapamycin and FKBP12 targets 1 and 2 (RAFT1 and RAFT2), interacts with FKBP12 in a rapamycin-dependent manner. Sequences (330 amino acids total) of tryptic peptides derived from the 245 kDa RAFT1 reveal striking homologies to the yeast TOR gene products, which were originally identified by mutations that confer rapamycin resistance in yeast. A RAFT1 cDNA was obtained and found to encode a 289 kDa protein (2549 amino acids) that is 43% and 39% identical to TOR2 and TOR1, respectively. We propose that RAFT1 is the direct target of FKBP12-rapamycin and a mammalian homolog of the TOR proteins.",Discovery of the protein RAFT1 (today's mTOR) as the direct target of the FKBP12-rapamycin complex; founding paper of the entire mTOR field.,"RAFT1: a mammalian protein that binds to FKBP12 in a rapamycin-dependent fashion and is homologous to yeast TORs
Key finding: Discovery of the protein RAFT1 (today's mTOR) as the direct target of the FKBP12-rapamycin complex; founding paper of the entire mTOR field.
Abstract: The immunosuppressants rapamycin and FK506 bind to the same intracellular protein, the immunophilin FKBP12. The FKB12-FK506 complex interacts with and inhibits the Ca(2+)-activated protein phosphatase calcineurin. The target of the FKBP12-rapamycin complex has not yet been identified. We report that a protein complex containing 245 kDa and 35 kDa components, designated rapamycin and FKBP12 targets 1 and 2 (RAFT1 and RAFT2), interacts with FKBP12 in a rapamycin-dependent manner. Sequences (330 amino acids total) of tryptic peptides derived from the 245 kDa RAFT1 reveal striking homologies to the yeast TOR gene products, which were originally identified by mutations that confer rapamycin resistance in yeast. A RAFT1 cDNA was obtained and found to encode a 289 kDa protein (2549 amino acids) that is 43% and 39% identical to TOR2 and TOR1, respectively. We propose that RAFT1 is the direct target of FKBP12-rapamycin and a mammalian homolog of the TOR proteins."
rec8wN3uHV8ZToahP,UMX2004,Absence of S6K1 protects against age- and diet-induced obesity while enhancing insulin sensitivity,Um SH; Thomas G et al.,2004,Nature,Animal,Mouse (S6K1 KO),"S6K1, obesity, insulin",C - Animal,4 - Animal Study,Yes,10.1038/nature02866,,,False,"Elucidating the signalling mechanisms by which obesity leads to impaired insulin action is critical in the development of therapeutic strategies for the treatment of diabetes. Recently, mice deficient for S6 Kinase 1 (S6K1), an effector of the mammalian target of rapamycin (mTOR) that acts to integrate nutrient and insulin signals, were shown to be hypoinsulinaemic, glucose intolerant and have reduced beta-cell mass. However, S6K1-deficient mice maintain normal glucose levels during fasting, suggesting hypersensitivity to insulin, raising the question of their metabolic fate as a function of age and diet. Here, we report that S6K1-deficient mice are protected against obesity owing to enhanced beta-oxidation. However on a high fat diet, levels of glucose and free fatty acids still rise in S6K1-deficient mice, resulting in insulin receptor desensitization. Nevertheless, S6K1-deficient mice remain sensitive to insulin owing to the apparent loss of a negative feedback loop from S6K1 to insulin receptor substrate 1 (IRS1), which blunts S307 and S636/S639 phosphorylation; sites involved in insulin resistance. Moreover, wild-type mice on a high fat diet as well as K/K A(y) and ob/ob mice-two genetic models of obesity-have markedly elevated S6K1 activity and, unlike S6K1-deficient mice, increased phosphorylation of IRS1 S307 and S636/S639. Thus under conditions of nutrient satiation S6K1 negatively regulates insulin signalling.",S6K1 deletion protects mice from age- and diet-induced obesity and enhances insulin sensitivity.,"Absence of S6K1 protects against age- and diet-induced obesity while enhancing insulin sensitivity
Key finding: S6K1 deletion protects mice from age- and diet-induced obesity and enhances insulin sensitivity.
Abstract: Elucidating the signalling mechanisms by which obesity leads to impaired insulin action is critical in the development of therapeutic strategies for the treatment of diabetes. Recently, mice deficient for S6 Kinase 1 (S6K1), an effector of the mammalian target of rapamycin (mTOR) that acts to integrate nutrient and insulin signals, were shown to be hypoinsulinaemic, glucose intolerant and have reduced beta-cell mass. However, S6K1-deficient mice maintain normal glucose levels during fasting, suggesting hypersensitivity to insulin, raising the question of their metabolic fate as a function of age and diet. Here, we report that S6K1-deficient mice are protected against obesity owing to enhanced beta-oxidation. However on a high fat diet, levels of glucose and free fatty acids still rise in S6K1-deficient mice, resulting in insulin receptor desensitization. Nevertheless, S6K1-deficient mice remain sensitive to insulin owing to the apparent loss of a negative feedback loop from S6K1 to insulin receptor substrate 1 (IRS1), which blunts S307 and S636/S639 phosphorylation; sites involved in insulin resistance. Moreover, wild-type mice on a high fat diet as well as K/K A(y) and ob/ob mice-two genetic models of obesity-have markedly elevated S6K1 activity and, unlike S6K1-deficient mice, increased phosphorylation of IRS1 S307 and S636/S639. Thus under conditions of nutrient satiation S6K1 negatively regulates insulin signalling."
rec8xUal5BlFTTTfi,SAR2006,Prolonged rapamycin treatment inhibits mTORC2 assembly and Akt/PKB,Sarbassov DD; Ali SM; Sengupta S; Sheen JH; Hsu PP; Bagley AF; Markhard AL; Sabatini DM,2006,Molecular Cell,Mechanism,Multiple human/mouse cell lines,mTORC2; Rapamycin; Akt/PKB; Rictor,D - Mechanistic/Review,5 - Mechanistic / In Vitro,Yes,10.1016/j.molcel.2006.03.029,,,False,"The drug rapamycin has important uses in oncology, cardiology, and transplantation medicine, but its clinically relevant molecular effects are not understood. When bound to FKBP12, rapamycin interacts with and inhibits the kinase activity of a multiprotein complex composed of mTOR, mLST8, and raptor (mTORC1). The distinct complex of mTOR, mLST8, and rictor (mTORC2) does not interact with FKBP12-rapamycin and is not thought to be rapamycin sensitive. mTORC2 phosphorylates and activates Akt/PKB, a key regulator of cell survival. Here we show that rapamycin inhibits the assembly of mTORC2 and that, in many cell types, prolonged rapamycin treatment reduces the levels of mTORC2 below those needed to maintain Akt/PKB signaling. The proapoptotic and antitumor effects of rapamycin are suppressed in cells expressing an Akt/PKB mutant that is rapamycin resistant. Our work describes an unforeseen mechanism of action for rapamycin that suggests it can be used to inhibit Akt/PKB in certain cell types.","The molecular explanation for rapamycin's dark side. Short-term rapamycin only hits mTORC1, but LONG-term treatment also strips down mTORC2 in many cells, cutting Akt signaling. This is the mechanistic root of the insulin-resistance side effect later shown in mice (see Lamming 2012) - crucial for anyone dosing rapamycin for longevity.","Prolonged rapamycin treatment inhibits mTORC2 assembly and Akt/PKB
Key finding: The molecular explanation for rapamycin's dark side. Short-term rapamycin only hits mTORC1, but LONG-term treatment also strips down mTORC2 in many cells, cutting Akt signaling. This is the mechanistic root of the insulin-resistance side effect later shown in mice (see Lamming 2012) - crucial for anyone dosing rapamycin for longevity.
Abstract: The drug rapamycin has important uses in oncology, cardiology, and transplantation medicine, but its clinically relevant molecular effects are not understood. When bound to FKBP12, rapamycin interacts with and inhibits the kinase activity of a multiprotein complex composed of mTOR, mLST8, and raptor (mTORC1). The distinct complex of mTOR, mLST8, and rictor (mTORC2) does not interact with FKBP12-rapamycin and is not thought to be rapamycin sensitive. mTORC2 phosphorylates and activates Akt/PKB, a key regulator of cell survival. Here we show that rapamycin inhibits the assembly of mTORC2 and that, in many cell types, prolonged rapamycin treatment reduces the levels of mTORC2 below those needed to maintain Akt/PKB signaling. The proapoptotic and antitumor effects of rapamycin are suppressed in cells expressing an Akt/PKB mutant that is rapamycin resistant. Our work describes an unforeseen mechanism of action for rapamycin that suggests it can be used to inhibit Akt/PKB in certain cell types."
rec9Sny9D10lHYP7M,GUR2016,mTOR Signaling Confers Resistance to Targeted Cancer Drugs,Guri Y; Hall MN et al.,2016,Trends in cancer,Review,Review,"mTOR, drug resistance, cancer",D - Mechanistic/Review,Narrative Review,Yes,10.1016/j.trecan.2016.10.006,,,False,"Cancer is a complex disease and a leading cause of death worldwide. Extensive research over decades has led to the development of therapies that target cancer-specific signaling pathways. However, the clinical benefits of such drugs are at best transient due to tumors displaying intrinsic or adaptive resistance. The underlying compensatory pathways that allow cancer cells to circumvent a drug blockade are poorly understood. We review here recent studies suggesting that mammalian TOR (mTOR) signaling is a major compensatory pathway conferring resistance to many cancer drugs. mTOR-mediated resistance can be cell-autonomous or non-cell-autonomous. These findings suggest that mTOR signaling should be monitored routinely in tumors and that an mTOR inhibitor should be considered as a co-therapy.",Review of how mTOR signalling confers resistance to targeted cancer therapies.,"mTOR Signaling Confers Resistance to Targeted Cancer Drugs
Key finding: Review of how mTOR signalling confers resistance to targeted cancer therapies.
Abstract: Cancer is a complex disease and a leading cause of death worldwide. Extensive research over decades has led to the development of therapies that target cancer-specific signaling pathways. However, the clinical benefits of such drugs are at best transient due to tumors displaying intrinsic or adaptive resistance. The underlying compensatory pathways that allow cancer cells to circumvent a drug blockade are poorly understood. We review here recent studies suggesting that mammalian TOR (mTOR) signaling is a major compensatory pathway conferring resistance to many cancer drugs. mTOR-mediated resistance can be cell-autonomous or non-cell-autonomous. These findings suggest that mTOR signaling should be monitored routinely in tumors and that an mTOR inhibitor should be considered as a co-therapy."
recA0Fipqbk89JyQw,MOR2013,mTORC1 controls mitochondrial activity and biogenesis through 4E-BP-dependent translational regulation,Morita M; Sonenberg N et al.,2013,Cell metabolism,Mechanism,Mammalian cells,"mTORC1, 4E-BP, TFAM, mitochondria",D - Mechanistic/Review,5 - Mechanistic / In Vitro,Yes,10.1016/j.cmet.2013.10.001,,,False,"mRNA translation is thought to be the most energy-consuming process in the cell. Translation and energy metabolism are dysregulated in a variety of diseases including cancer, diabetes, and heart disease. However, the mechanisms that coordinate translation and energy metabolism in mammals remain largely unknown. The mechanistic/mammalian target of rapamycin complex 1 (mTORC1) stimulates mRNA translation and other anabolic processes. We demonstrate that mTORC1 controls mitochondrial activity and biogenesis by selectively promoting translation of nucleus-encoded mitochondria-related mRNAs via inhibition of the eukaryotic translation initiation factor 4E (eIF4E)-binding proteins (4E-BPs). Stimulating the translation of nucleus-encoded mitochondria-related mRNAs engenders an increase in ATP production capacity, a required energy source for translation. These findings establish a feed-forward loop that links mRNA translation to oxidative phosphorylation, thereby providing a key mechanism linking aberrant mTOR signaling to conditions of abnormal cellular energy metabolism such as neoplasia and insulin resistance.",mTORC1 controls mitochondrial biogenesis and activity through 4E-BP-dependent translation.,"mTORC1 controls mitochondrial activity and biogenesis through 4E-BP-dependent translational regulation
Key finding: mTORC1 controls mitochondrial biogenesis and activity through 4E-BP-dependent translation.
Abstract: mRNA translation is thought to be the most energy-consuming process in the cell. Translation and energy metabolism are dysregulated in a variety of diseases including cancer, diabetes, and heart disease. However, the mechanisms that coordinate translation and energy metabolism in mammals remain largely unknown. The mechanistic/mammalian target of rapamycin complex 1 (mTORC1) stimulates mRNA translation and other anabolic processes. We demonstrate that mTORC1 controls mitochondrial activity and biogenesis by selectively promoting translation of nucleus-encoded mitochondria-related mRNAs via inhibition of the eukaryotic translation initiation factor 4E (eIF4E)-binding proteins (4E-BPs). Stimulating the translation of nucleus-encoded mitochondria-related mRNAs engenders an increase in ATP production capacity, a required energy source for translation. These findings establish a feed-forward loop that links mRNA translation to oxidative phosphorylation, thereby providing a key mechanism linking aberrant mTOR signaling to conditions of abnormal cellular energy metabolism such as neoplasia and insulin resistance."
recAGA2VpywfAcVrl,FEL2009,Active-site inhibitors of mTOR target rapamycin-resistant outputs of mTORC1 and mTORC2,Feldman ME; Apsel B; Uotila A; Loewith R; Knight ZA; Ruggero D; Shokat KM,2009,PLoS Biology,Mechanism,Mouse fibroblasts + primary cells,mTORC1; mTORC2; PP242; Rapamycin; Akt/PKB,D - Mechanistic/Review,5 - Mechanistic / In Vitro,Yes,10.1371/journal.pbio.1000038,19209957,PMC2637922,True,"The mammalian target of rapamycin (mTOR) regulates cell growth and survival by integrating nutrient and hormonal signals. These signaling functions are distributed between at least two distinct mTOR protein complexes: mTORC1 and mTORC2. mTORC1 is sensitive to the selective inhibitor rapamycin and activated by growth factor stimulation via the canonical phosphoinositide 3-kinase (PI3K)-->Akt-->mTOR pathway. Activated mTORC1 kinase up-regulates protein synthesis by phosphorylating key regulators of mRNA translation. By contrast, mTORC2 is resistant to rapamycin. Genetic studies have suggested that mTORC2 may phosphorylate Akt at S473, one of two phosphorylation sites required for Akt activation; this has been controversial, in part because RNA interference and gene knockouts produce distinct Akt phospho-isoforms. The central role of mTOR in controlling key cellular growth and survival pathways has sparked interest in discovering mTOR inhibitors that bind to the ATP site and therefore target both mTORC2 and mTORC1. We investigated mTOR signaling in cells and animals with two novel and specific mTOR kinase domain inhibitors (TORKinibs). Unlike rapamycin, these TORKinibs (PP242 and PP30) inhibit mTORC2, and we use them to show that pharmacological inhibition of mTOR blocks the phosphorylation of Akt at S473 and prevents its full activation. Furthermore, we show that TORKinibs inhibit proliferation of primary cells more completely than rapamycin. Surprisingly, we find that mTORC2 is not the basis for this enhanced activity, and we show that the TORKinib PP242 is a more effective mTORC1 inhibitor than rapamycin. Importantly, at the molecular level, PP242 inhibits cap-dependent translation under conditions in which rapamycin has no effect. Our findings identify new functional features of mTORC1 that are resistant to rapamycin but are effectively targeted by TORKinibs. These potent new pharmacological agents complement rapamycin in the study of mTOR and its role in normal physiology and human disease.","The parallel discovery to Thoreen 2009 (same year), from the Shokat lab. Their TORKinibs (PP242, PP30) block mTOR's active site, hitting both complexes and shutting down cap-dependent translation that rapamycin misses. Together these two papers established a whole new drug class beyond rapamycin.","Active-site inhibitors of mTOR target rapamycin-resistant outputs of mTORC1 and mTORC2
Key finding: The parallel discovery to Thoreen 2009 (same year), from the Shokat lab. Their TORKinibs (PP242, PP30) block mTOR's active site, hitting both complexes and shutting down cap-dependent translation that rapamycin misses. Together these two papers established a whole new drug class beyond rapamycin.
Abstract: The mammalian target of rapamycin (mTOR) regulates cell growth and survival by integrating nutrient and hormonal signals. These signaling functions are distributed between at least two distinct mTOR protein complexes: mTORC1 and mTORC2. mTORC1 is sensitive to the selective inhibitor rapamycin and activated by growth factor stimulation via the canonical phosphoinositide 3-kinase (PI3K)-->Akt-->mTOR pathway. Activated mTORC1 kinase up-regulates protein synthesis by phosphorylating key regulators of mRNA translation. By contrast, mTORC2 is resistant to rapamycin. Genetic studies have suggested that mTORC2 may phosphorylate Akt at S473, one of two phosphorylation sites required for Akt activation; this has been controversial, in part because RNA interference and gene knockouts produce distinct Akt phospho-isoforms. The central role of mTOR in controlling key cellular growth and survival pathways has sparked interest in discovering mTOR inhibitors that bind to the ATP site and therefore target both mTORC2 and mTORC1. We investigated mTOR signaling in cells and animals with two novel and specific mTOR kinase domain inhibitors (TORKinibs). Unlike rapamycin, these TORKinibs (PP242 and PP30) inhibit mTORC2, and we use them to show that pharmacological inhibition of mTOR blocks the phosphorylation of Akt at S473 and prevents its full activation. Furthermore, we show that TORKinibs inhibit proliferation of primary cells more completely than rapamycin. Surprisingly, we find that mTORC2 is not the basis for this enhanced activity, and we show that the TORKinib PP242 is a more effective mTORC1 inhibitor than rapamycin. Importantly, at the molecular level, PP242 inhibits cap-dependent translation under conditions in which rapamycin has no effect. Our findings identify new functional features of mTORC1 that are resistant to rapamycin but are effectively targeted by TORKinibs. These potent new pharmacological agents complement rapamycin in the study of mTOR and its role in normal physiology and human disease."
recAJUW3nAv7BKMoi,IYE2012,Genome sequencing identifies a basis for everolimus sensitivity,Iyer G; Solit DB et al.,2012,Science,Human,Human (patient) + sequencing,"mTOR, TSC1, everolimus",B - Human,3 - Human Observational,Yes,10.1126/science.1226344,22923433,PMC3633467,True,"Cancer drugs often induce dramatic responses in a small minority of patients. We used whole-genome sequencing to investigate the genetic basis of a durable remission of metastatic bladder cancer in a patient treated with everolimus, a drug that inhibits the mTOR (mammalian target of rapamycin) signaling pathway. Among the somatic mutations was a loss-of-function mutation in TSC1 (tuberous sclerosis complex 1), a regulator of mTOR pathway activation. Targeted sequencing revealed TSC1 mutations in about 8% of 109 additional bladder cancers examined, and TSC1 mutation correlated with everolimus sensitivity. These results demonstrate the feasibility of using whole-genome sequencing in the clinical setting to identify previously occult biomarkers of drug sensitivity that can aid in the identification of patients most likely to respond to targeted anticancer drugs.",Genome sequencing of an exceptional everolimus responder pinpoints TSC1 loss as the sensitivity basis.,"Genome sequencing identifies a basis for everolimus sensitivity
Key finding: Genome sequencing of an exceptional everolimus responder pinpoints TSC1 loss as the sensitivity basis.
Abstract: Cancer drugs often induce dramatic responses in a small minority of patients. We used whole-genome sequencing to investigate the genetic basis of a durable remission of metastatic bladder cancer in a patient treated with everolimus, a drug that inhibits the mTOR (mammalian target of rapamycin) signaling pathway. Among the somatic mutations was a loss-of-function mutation in TSC1 (tuberous sclerosis complex 1), a regulator of mTOR pathway activation. Targeted sequencing revealed TSC1 mutations in about 8% of 109 additional bladder cancers examined, and TSC1 mutation correlated with everolimus sensitivity. These results demonstrate the feasibility of using whole-genome sequencing in the clinical setting to identify previously occult biomarkers of drug sensitivity that can aid in the identification of patients most likely to respond to targeted anticancer drugs."
recANuF6UwQjDhNuG,HOL2005,mTOR and S6K1 mediate assembly of the translation preinitiation complex through dynamic protein interchange and ordered phosphorylation events,Holz MK; Blenis J et al.,2005,Cell,Mechanism,Mammalian cells,"mTOR, S6K1, eIF3",D - Mechanistic/Review,5 - Mechanistic / In Vitro,Yes,10.1016/j.cell.2005.10.024,,,False,"In response to nutrients, energy sufficiency, hormones, and mitogenic agents, S6K1 phosphorylates several targets linked to translation. However, the molecular mechanisms whereby S6K1 is activated, encounters substrate, and contributes to translation initiation are poorly understood. We show that mTOR and S6K1 maneuver on and off the eukaryotic initiation factor 3 (eIF3) translation initiation complex in a signal-dependent, choreographed fashion. When inactive, S6K1 associates with the eIF3 complex, while the S6K1 activator mTOR/raptor does not. Cell stimulation promotes mTOR/raptor binding to the eIF3 complex and phosphorylation of S6K1 at its hydrophobic motif. Phosphorylation results in S6K1 dissociation, activation, and subsequent phosphorylation of its translational targets, including eIF4B, which is then recruited into the complex in a phosphorylation-dependent manner. Thus, the eIF3 preinitiation complex acts as a scaffold to coordinate a dynamic sequence of events in response to stimuli that promote efficient protein synthesis.",mTOR and S6K1 dynamically assemble the translation preinitiation complex on eIF3.,"mTOR and S6K1 mediate assembly of the translation preinitiation complex through dynamic protein interchange and ordered phosphorylation events
Key finding: mTOR and S6K1 dynamically assemble the translation preinitiation complex on eIF3.
Abstract: In response to nutrients, energy sufficiency, hormones, and mitogenic agents, S6K1 phosphorylates several targets linked to translation. However, the molecular mechanisms whereby S6K1 is activated, encounters substrate, and contributes to translation initiation are poorly understood. We show that mTOR and S6K1 maneuver on and off the eukaryotic initiation factor 3 (eIF3) translation initiation complex in a signal-dependent, choreographed fashion. When inactive, S6K1 associates with the eIF3 complex, while the S6K1 activator mTOR/raptor does not. Cell stimulation promotes mTOR/raptor binding to the eIF3 complex and phosphorylation of S6K1 at its hydrophobic motif. Phosphorylation results in S6K1 dissociation, activation, and subsequent phosphorylation of its translational targets, including eIF4B, which is then recruited into the complex in a phosphorylation-dependent manner. Thus, the eIF3 preinitiation complex acts as a scaffold to coordinate a dynamic sequence of events in response to stimuli that promote efficient protein synthesis."
recAboxFbohBJlkSH,EGA2010,Phosphorylation of ULK1 (hATG1) by AMP-activated protein kinase connects energy sensing to mitophagy,Egan DF; Shaw RJ et al.,2010,Science,Mechanism,Mammalian cells,"ULK1, AMPK, mitophagy",D - Mechanistic/Review,5 - Mechanistic / In Vitro,Yes,10.1126/science.1196371,21205641,PMC3030664,True,"Adenosine monophosphate-activated protein kinase (AMPK) is a conserved sensor of intracellular energy activated in response to low nutrient availability and environmental stress. In a screen for conserved substrates of AMPK, we identified ULK1 and ULK2, mammalian orthologs of the yeast protein kinase Atg1, which is required for autophagy. Genetic analysis of AMPK or ULK1 in mammalian liver and Caenorhabditis elegans revealed a requirement for these kinases in autophagy. In mammals, loss of AMPK or ULK1 resulted in aberrant accumulation of the autophagy adaptor p62 and defective mitophagy. Reconstitution of ULK1-deficient cells with a mutant ULK1 that cannot be phosphorylated by AMPK revealed that such phosphorylation is required for mitochondrial homeostasis and cell survival during starvation. These findings uncover a conserved biochemical mechanism coupling nutrient status with autophagy and cell survival.","AMPK directly phosphorylates ULK1 to connect energy sensing to autophagy/mitophagy, opposing mTOR.","Phosphorylation of ULK1 (hATG1) by AMP-activated protein kinase connects energy sensing to mitophagy
Key finding: AMPK directly phosphorylates ULK1 to connect energy sensing to autophagy/mitophagy, opposing mTOR.
Abstract: Adenosine monophosphate-activated protein kinase (AMPK) is a conserved sensor of intracellular energy activated in response to low nutrient availability and environmental stress. In a screen for conserved substrates of AMPK, we identified ULK1 and ULK2, mammalian orthologs of the yeast protein kinase Atg1, which is required for autophagy. Genetic analysis of AMPK or ULK1 in mammalian liver and Caenorhabditis elegans revealed a requirement for these kinases in autophagy. In mammals, loss of AMPK or ULK1 resulted in aberrant accumulation of the autophagy adaptor p62 and defective mitophagy. Reconstitution of ULK1-deficient cells with a mutant ULK1 that cannot be phosphorylated by AMPK revealed that such phosphorylation is required for mitochondrial homeostasis and cell survival during starvation. These findings uncover a conserved biochemical mechanism coupling nutrient status with autophagy and cell survival."
recAjNgK7Osld0ZoR,LIU2015,"PtdIns(3,4,5)P3-Dependent Activation of the mTORC2 Kinase Complex",Liu P; Wei W et al.,2015,Cancer discovery,Mechanism,Mammalian cells,"mTORC2, PIP3, SIN1 PH domain",D - Mechanistic/Review,5 - Mechanistic / In Vitro,Yes,10.1158/2159-8290.CD-15-0460,26293922,PMC4631654,True,"mTOR serves as a central regulator of cell growth and metabolism by forming two distinct complexes, mTORC1 and mTORC2. Although mechanisms of mTORC1 activation by growth factors and amino acids have been extensively studied, the upstream regulatory mechanisms leading to mTORC2 activation remain largely elusive. Here, we report that the pleckstrin homology (PH) domain of SIN1, an essential and unique component of mTORC2, interacts with the mTOR kinase domain to suppress mTOR activity. More importantly, PtdIns(3,4,5)P3, but not other PtdInsPn species, interacts with SIN1-PH to release its inhibition on the mTOR kinase domain, thereby triggering mTORC2 activation. Mutating critical SIN1 residues that mediate PtdIns(3,4,5)P3 interaction inactivates mTORC2, whereas mTORC2 activity is pathologically increased by patient-derived mutations in the SIN1-PH domain, promoting cell growth and tumor formation. Together, our study unravels a PI3K-dependent mechanism for mTORC2 activation, allowing mTORC2 to activate AKT in a manner that is regulated temporally and spatially by PtdIns(3,4,5)P3.",PIP3 relieves SIN1 PH-domain autoinhibition to activate the mTORC2 kinase complex.,"PtdIns(3,4,5)P3-Dependent Activation of the mTORC2 Kinase Complex
Key finding: PIP3 relieves SIN1 PH-domain autoinhibition to activate the mTORC2 kinase complex.
Abstract: mTOR serves as a central regulator of cell growth and metabolism by forming two distinct complexes, mTORC1 and mTORC2. Although mechanisms of mTORC1 activation by growth factors and amino acids have been extensively studied, the upstream regulatory mechanisms leading to mTORC2 activation remain largely elusive. Here, we report that the pleckstrin homology (PH) domain of SIN1, an essential and unique component of mTORC2, interacts with the mTOR kinase domain to suppress mTOR activity. More importantly, PtdIns(3,4,5)P3, but not other PtdInsPn species, interacts with SIN1-PH to release its inhibition on the mTOR kinase domain, thereby triggering mTORC2 activation. Mutating critical SIN1 residues that mediate PtdIns(3,4,5)P3 interaction inactivates mTORC2, whereas mTORC2 activity is pathologically increased by patient-derived mutations in the SIN1-PH domain, promoting cell growth and tumor formation. Together, our study unravels a PI3K-dependent mechanism for mTORC2 activation, allowing mTORC2 to activate AKT in a manner that is regulated temporally and spatially by PtdIns(3,4,5)P3."
recAkmthPJSmvy0UC,MAN2021,Targeting the biology of ageing with mTOR inhibitors to improve immune function in older adults: phase 2b and phase 3 randomised trials,Mannick JB; Teo G; Bernardo P; Quinn D; Russell K; Klickstein L; Marshall W; Shergill S,2021,Lancet Healthy Longevity,Negative_result,"Humans, phase 2b + phase 3 RCT (n=1024 phase 3)",RTB101; Immune function; mTORC1,B - Human,2 - Human Clinical Trial,Yes,10.1016/S2666-7568(21)00062-3,33977284,PMC8102040,True,"The COVID-19 pandemic highlights the need for therapies that improve immune function in older adults, including interferon (IFN)-induced antiviral immunity that declines with age. In a previous phase 2a trial, RTB101 (previously known as BEZ235), an oral mechanistic target of rapamycin (mTOR) inhibitor, was observed to increase IFN-induced antiviral gene expression and decrease the incidence of respiratory tract infections (RTIs) in older adults. Therefore, we aimed to investigate whether oral RTB101 upregulated IFN-induced antiviral responses and decreased the incidence of viral RTIs when given once daily for 16 weeks during winter cold and flu season.

We did a phase 2b and a phase 3 double-blind, randomised, placebo-controlled trial in adults aged at least 65 years enrolled in New Zealand, Australia, and the USA at 54 sites. In the phase 2b trial, patients were aged 65-85 years, with asthma, type 2 diabetes, chronic obstructive pulmonary disease (COPD), congestive heart failure, were current smokers, or had an emergency room or hospitalisation for an RTI within the past 12 months. In the phase 3 trial, patients were aged at least 65 years, did not have COPD, and were not current smokers. In the phase 2b trial, patients were randomly assigned to using a validated automated randomisation system to oral RTB101 5 mg, RTB101 10 mg once daily, or placebo in part 1 and RTB101 10 mg once daily, RTB101 10 mg twice daily, RTB101 10 mg plus everolimus once daily, or matching placebo in part 2. In the phase 3 trial, patients were randomly assigned to RTB101 10mg once daily or matching placebo. The phase 2b primary outcome was the incidence of laboratory-confirmed RTIs during 16 weeks of winter cold and influenza season and the phase 3 primary outcome was the incidence of clinically symptomatic respiratory illness defined as symptoms consistent with an RTI, irrespective of whether an infection was laboratory-confirmed. Patients, investigators, and sponsor were masked to treatment assignments. All patients who received at least part of one dose of study drug were included in the primary and safety analyses. The phase 2b trial was registered with ANZCTR, ACTRN12617000468325, ClinicalTrials.gov, NCT03373903, and the phase 3 trial was registered with ANZCTR, ACTRN12619000628145.

In the phase 2b trial, we recruited 652 participants in total between May 16, 2017, and Jan 10, 2018, 179 participants to part 1 of the study (randomly assigned 1:1:1 to RTB101 5 mg once daily [61 participants], RTB101 10 mg once daily [58 participants], or matching placebo [60 participants]) and 473 patients to part 2 (randomly assigned 1:1:1:1 to RTB101 10 mg once daily [118 participants], RTB101 10 mg twice daily [120 participants], RTB101 10 mg in combination with everolimus 0·1 mg daily [115 participants] or matching placebo [120 participants]). In our first prespecified statistical analysis of the primary efficacy endpoint for part 2 of the phase 2b trial efficacy of RTB101 10 mg in combination with everolimus 0·1 mg once daily compared with placebo did not meet statistical significance but, in our second prespecified analysis, which included data from part 1 and part 2, we found a statistically significant reduction in the proportion of patients who had one or more laboratory-confirmed RTIs in the RTB101 10 mg once daily treatment group (34 [19%] of 176) compared with the pooled placebo group (50 [28%] of 180; odds ratio [OR] 0·601 [90% CI 0·391-0·922]; p=0·02). In the phase 3 trial, we enrolled 1024 patients between May 7, 2018, and July 19, 2019. 513 (50·1%) participants were randomly assigned to RTB101 10 mg once daily and 510 (49·9%) to placebo. In the full analysis set of the phase 3 trial, RTB101 did not reduce the proportion of patients with clinically symptomatic respiratory illness (134 [26%] of 511 patients in the RTB101 treatment group125 [25%] 510 patients in the placebo treatment group; OR 1·07 [90% CI 0·80-1·42]; p=0·65). In both trials, significantly more IFN-induced antiviral genes were upregulated in patients treated with RTB101 as compared with placebo. The study drug was found to be safe and well-tolerated across trials and treatment groups. Only one patient in the placebo group in the phase 3 trial had serious adverse events (nausea, fatigue, hyponatraemia, and arthralgia) which were considered related to study drug treatment. Three patients died in the phase 2b trial and one in the phase 3 trial but no deaths were considered related to study treatment.

The combined results indicate that low doses of the mTOR inhibitor RTB101 are well tolerated and upregulate IFN-induced antiviral responses in older adults. Further refinement of clinical trial endpoints and patient populations might be required to identify whether upregulation of IFN responses by mTOR inhibitors consistently decreases the incidence or severity of viral infections in older adults.

resTORbio and the National Institute on Aging.","The crucial reality check. After the promising phase 2a, the large phase 3 trial (n=1024) FAILED its primary endpoint - RTB101 did not reduce clinically symptomatic respiratory illness (26% vs 25%, p=0.65). It still reliably switched on antiviral genes, so the biomarker moved but the clinical outcome did not. A textbook lesson that a promising biomarker is not a proven benefit.","Targeting the biology of ageing with mTOR inhibitors to improve immune function in older adults: phase 2b and phase 3 randomised trials
Key finding: The crucial reality check. After the promising phase 2a, the large phase 3 trial (n=1024) FAILED its primary endpoint - RTB101 did not reduce clinically symptomatic respiratory illness (26% vs 25%, p=0.65). It still reliably switched on antiviral genes, so the biomarker moved but the clinical outcome did not. A textbook lesson that a promising biomarker is not a proven benefit.
Abstract: The COVID-19 pandemic highlights the need for therapies that improve immune function in older adults, including interferon (IFN)-induced antiviral immunity that declines with age. In a previous phase 2a trial, RTB101 (previously known as BEZ235), an oral mechanistic target of rapamycin (mTOR) inhibitor, was observed to increase IFN-induced antiviral gene expression and decrease the incidence of respiratory tract infections (RTIs) in older adults. Therefore, we aimed to investigate whether oral RTB101 upregulated IFN-induced antiviral responses and decreased the incidence of viral RTIs when given once daily for 16 weeks during winter cold and flu season.

We did a phase 2b and a phase 3 double-blind, randomised, placebo-controlled trial in adults aged at least 65 years enrolled in New Zealand, Australia, and the USA at 54 sites. In the phase 2b trial, patients were aged 65-85 years, with asthma, type 2 diabetes, chronic obstructive pulmonary disease (COPD), congestive heart failure, were current smokers, or had an emergency room or hospitalisation for an RTI within the past 12 months. In the phase 3 trial, patients were aged at least 65 years, did not have COPD, and were not current smokers. In the phase 2b trial, patients were randomly assigned to using a validated automated randomisation system to oral RTB101 5 mg, RTB101 10 mg once daily, or placebo in part 1 and RTB101 10 mg once daily, RTB101 10 mg twice daily, RTB101 10 mg plus everolimus once daily, or matching placebo in part 2. In the phase 3 trial, patients were randomly assigned to RTB101 10mg once daily or matching placebo. The phase 2b primary outcome was the incidence of laboratory-confirmed RTIs during 16 weeks of winter cold and influenza season and the phase 3 primary outcome was the incidence of clinically symptomatic respiratory illness defined as symptoms consistent with an RTI, irrespective of whether an infection was laboratory-confirmed. Patients, investigators, and sponsor were masked to treatment assignments. All patients who received at least part of one dose of study drug were included in the primary and safety analyses. The phase 2b trial was registered with ANZCTR, ACTRN12617000468325, ClinicalTrials.gov, NCT03373903, and the phase 3 trial was registered with ANZCTR, ACTRN12619000628145.

In the phase 2b trial, we recruited 652 participants in total between May 16, 2017, and Jan 10, 2018, 179 participants to part 1 of the study (randomly assigned 1:1:1 to RTB101 5 mg once daily [61 participants], RTB101 10 mg once daily [58 participants], or matching placebo [60 participants]) and 473 patients to part 2 (randomly assigned 1:1:1:1 to RTB101 10 mg once daily [118 participants], RTB101 10 mg twice daily [120 participants], RTB101 10 mg in combination with everolimus 0·1 mg daily [115 participants] or matching placebo [120 participants]). In our first prespecified statistical analysis of the primary efficacy endpoint for part 2 of the phase 2b trial efficacy of RTB101 10 mg in combination with everolimus 0·1 mg once daily compared with placebo did not meet statistical significance but, in our second prespecified analysis, which included data from part 1 and part 2, we found a statistically significant reduction in the proportion of patients who had one or more laboratory-confirmed RTIs in the RTB101 10 mg once daily treatment group (34 [19%] of 176) compared with the pooled placebo group (50 [28%] of 180; odds ratio [OR] 0·601 [90% CI 0·391-0·922]; p=0·02). In the phase 3 trial, we enrolled 1024 patients between May 7, 2018, and July 19, 2019. 513 (50·1%) participants were randomly assigned to RTB101 10 mg once daily and 510 (49·9%) to placebo. In the full analysis set of the phase 3 trial, RTB101 did not reduce the proportion of patients with clinically symptomatic respiratory illness (134 [26%] of 511 patients in the RTB101 treatment group125 [25%] 510 patients in the placebo treatment group; OR 1·07 [90% CI 0·80-1·42]; p=0·65). In both trials, significantly more IFN-induced antiviral genes were upregulated in patients treated with RTB101 as compared with placebo. The study drug was found to be safe and well-tolerated across trials and treatment groups. Only one patient in the placebo group in the phase 3 trial had serious adverse events (nausea, fatigue, hyponatraemia, and arthralgia) which were considered related to study drug treatment. Three patients died in the phase 2b trial and one in the phase 3 trial but no deaths were considered related to study treatment.

The combined results indicate that low doses of the mTOR inhibitor RTB101 are well tolerated and upregulate IFN-induced antiviral responses in older adults. Further refinement of clinical trial endpoints and patient populations might be required to identify whether upregulation of IFN responses by mTOR inhibitors consistently decreases the incidence or severity of viral infections in older adults.

resTORbio and the National Institute on Aging."
recBFHEw7g9i85JKv,SAN2008,The Rag GTPases bind raptor and mediate amino acid signaling to mTORC1,Sancak Y; Sabatini DM et al.,2008,Science,Mechanism,Human cell lines,Rag GTPases; mTORC1,D - Mechanistic/Review,5 - Mechanistic / In Vitro,Yes,10.1126/science.1157535,18497260,PMC2475333,True,"The multiprotein mTORC1 protein kinase complex is the central component of a pathway that promotes growth in response to insulin, energy levels, and amino acids and is deregulated in common cancers. We find that the Rag proteins--a family of four related small guanosine triphosphatases (GTPases)--interact with mTORC1 in an amino acid-sensitive manner and are necessary for the activation of the mTORC1 pathway by amino acids. A Rag mutant that is constitutively bound to guanosine triphosphate interacted strongly with mTORC1, and its expression within cells made the mTORC1 pathway resistant to amino acid deprivation. Conversely, expression of a guanosine diphosphate-bound Rag mutant prevented stimulation of mTORC1 by amino acids. The Rag proteins do not directly stimulate the kinase activity of mTORC1, but, like amino acids, promote the intracellular localization of mTOR to a compartment that also contains its activator Rheb.",Identifies the Rag GTPase family as the missing link that lets mTORC1 sense amino acids by controlling whether mTOR is positioned near its activator Rheb.,"The Rag GTPases bind raptor and mediate amino acid signaling to mTORC1
Key finding: Identifies the Rag GTPase family as the missing link that lets mTORC1 sense amino acids by controlling whether mTOR is positioned near its activator Rheb.
Abstract: The multiprotein mTORC1 protein kinase complex is the central component of a pathway that promotes growth in response to insulin, energy levels, and amino acids and is deregulated in common cancers. We find that the Rag proteins--a family of four related small guanosine triphosphatases (GTPases)--interact with mTORC1 in an amino acid-sensitive manner and are necessary for the activation of the mTORC1 pathway by amino acids. A Rag mutant that is constitutively bound to guanosine triphosphate interacted strongly with mTORC1, and its expression within cells made the mTORC1 pathway resistant to amino acid deprivation. Conversely, expression of a guanosine diphosphate-bound Rag mutant prevented stimulation of mTORC1 by amino acids. The Rag proteins do not directly stimulate the kinase activity of mTORC1, but, like amino acids, promote the intracellular localization of mTOR to a compartment that also contains its activator Rheb."
recBK5Fu5sekZ88xA,ORE2006,mTOR inhibition induces upstream receptor tyrosine kinase signaling and activates Akt,O'Reilly KE; Rosen N et al.,2006,Cancer research,Mechanism,Cancer cells,"mTOR, Akt, RTK, IRS-1",D - Mechanistic/Review,5 - Mechanistic / In Vitro,Yes,10.1158/0008-5472.CAN-05-2925,16452206,PMC3193604,True,"Stimulation of the insulin and insulin-like growth factor I (IGF-I) receptor activates the phosphoinositide-3-kinase/Akt/mTOR pathway causing pleiotropic cellular effects including an mTOR-dependent loss in insulin receptor substrate-1 expression leading to feedback down-regulation of signaling through the pathway. In model systems, tumors exhibiting mutational activation of phosphoinositide-3-kinase/Akt kinase, a common event in cancers, are hypersensitive to mTOR inhibitors, including rapamycin. Despite the activity in model systems, in patients, mTOR inhibitors exhibit more modest antitumor activity. We now show that mTOR inhibition induces insulin receptor substrate-1 expression and abrogates feedback inhibition of the pathway, resulting in Akt activation both in cancer cell lines and in patient tumors treated with the rapamycin derivative, RAD001. IGF-I receptor inhibition prevents rapamycin-induced Akt activation and sensitizes tumor cells to inhibition of mTOR. In contrast, IGF-I reverses the antiproliferative effects of rapamycin in serum-free medium. The data suggest that feedback down-regulation of receptor tyrosine kinase signaling is a frequent event in tumor cells with constitutive mTOR activation. Reversal of this feedback loop by rapamycin may attenuate its therapeutic effects, whereas combination therapy that ablates mTOR function and prevents Akt activation may have improved antitumor activity.",mTORC1 inhibition relieves feedback and activates upstream RTK-PI3K-Akt signalling.,"mTOR inhibition induces upstream receptor tyrosine kinase signaling and activates Akt
Key finding: mTORC1 inhibition relieves feedback and activates upstream RTK-PI3K-Akt signalling.
Abstract: Stimulation of the insulin and insulin-like growth factor I (IGF-I) receptor activates the phosphoinositide-3-kinase/Akt/mTOR pathway causing pleiotropic cellular effects including an mTOR-dependent loss in insulin receptor substrate-1 expression leading to feedback down-regulation of signaling through the pathway. In model systems, tumors exhibiting mutational activation of phosphoinositide-3-kinase/Akt kinase, a common event in cancers, are hypersensitive to mTOR inhibitors, including rapamycin. Despite the activity in model systems, in patients, mTOR inhibitors exhibit more modest antitumor activity. We now show that mTOR inhibition induces insulin receptor substrate-1 expression and abrogates feedback inhibition of the pathway, resulting in Akt activation both in cancer cell lines and in patient tumors treated with the rapamycin derivative, RAD001. IGF-I receptor inhibition prevents rapamycin-induced Akt activation and sensitizes tumor cells to inhibition of mTOR. In contrast, IGF-I reverses the antiproliferative effects of rapamycin in serum-free medium. The data suggest that feedback down-regulation of receptor tyrosine kinase signaling is a frequent event in tumor cells with constitutive mTOR activation. Reversal of this feedback loop by rapamycin may attenuate its therapeutic effects, whereas combination therapy that ablates mTOR function and prevents Akt activation may have improved antitumor activity."
recBeGsB5wplneNKt,LAW2019,Structural mechanism of a Rag GTPase activation checkpoint by the lysosomal folliculin complex,Lawrence RE; Zoncu R et al.,2019,Science,Mechanism,Structure; cells,"FLCN, RagC, GAP checkpoint",D - Mechanistic/Review,5 - Mechanistic / In Vitro,Yes,10.1126/science.aax0364,31672913,PMC6945816,True,"The tumor suppressor folliculin (FLCN) enables nutrient-dependent activation of the mechanistic target of rapamycin complex 1 (mTORC1) protein kinase via its guanosine triphosphatase (GTPase) activating protein (GAP) activity toward the GTPase RagC. Concomitant with mTORC1 inactivation by starvation, FLCN relocalizes from the cytosol to lysosomes. To determine the lysosomal function of FLCN, we reconstituted the human lysosomal FLCN complex (LFC) containing FLCN, its partner FLCN-interacting protein 2 (FNIP2), and the RagA:RagCGTPases as they exist in the starved state with their lysosomal anchor Ragulator complex and determined its cryo-electron microscopy structure to 3.6 angstroms. The RagC-GAP activity of FLCN was inhibited within the LFC, owing to displacement of a catalytically required arginine in FLCN from the RagC nucleotide. Disassembly of the LFC and release of the RagC-GAP activity of FLCN enabled mTORC1-dependent regulation of the master regulator of lysosomal biogenesis, transcription factor E3, implicating the LFC as a checkpoint in mTORC1 signaling.",Structure reveals the FLCN complex as a Rag-GTPase activation checkpoint gating mTORC1.,"Structural mechanism of a Rag GTPase activation checkpoint by the lysosomal folliculin complex
Key finding: Structure reveals the FLCN complex as a Rag-GTPase activation checkpoint gating mTORC1.
Abstract: The tumor suppressor folliculin (FLCN) enables nutrient-dependent activation of the mechanistic target of rapamycin complex 1 (mTORC1) protein kinase via its guanosine triphosphatase (GTPase) activating protein (GAP) activity toward the GTPase RagC. Concomitant with mTORC1 inactivation by starvation, FLCN relocalizes from the cytosol to lysosomes. To determine the lysosomal function of FLCN, we reconstituted the human lysosomal FLCN complex (LFC) containing FLCN, its partner FLCN-interacting protein 2 (FNIP2), and the RagA:RagCGTPases as they exist in the starved state with their lysosomal anchor Ragulator complex and determined its cryo-electron microscopy structure to 3.6 angstroms. The RagC-GAP activity of FLCN was inhibited within the LFC, owing to displacement of a catalytically required arginine in FLCN from the RagC nucleotide. Disassembly of the LFC and release of the RagC-GAP activity of FLCN enabled mTORC1-dependent regulation of the master regulator of lysosomal biogenesis, transcription factor E3, implicating the LFC as a checkpoint in mTORC1 signaling."
recC0rJqHPuJKNPYZ,BAR2012,Ragulator is a GEF for the rag GTPases that signal amino acid levels to mTORC1,Bar-Peled L; Sabatini DM et al.,2012,Cell,Mechanism,Mammalian cells,"Ragulator, Rag GTPases, GEF",D - Mechanistic/Review,5 - Mechanistic / In Vitro,Yes,10.1016/j.cell.2012.07.032,22980980,PMC3517996,True,"The mTOR Complex 1 (mTORC1) pathway regulates cell growth in response to numerous cues, including amino acids, which promote mTORC1 translocation to the lysosomal surface, its site of activation. The heterodimeric RagA/B-RagC/D GTPases, the Ragulator complex that tethers the Rags to the lysosome, and the v-ATPase form a signaling system that is necessary for amino acid sensing by mTORC1. Amino acids stimulate the binding of guanosine triphosphate to RagA and RagB but the factors that regulate Rag nucleotide loading are unknown. Here, we identify HBXIP and C7orf59 as two additional Ragulator components that are required for mTORC1 activation by amino acids. The expanded Ragulator has nucleotide exchange activity toward RagA and RagB and interacts with the Rag heterodimers in an amino acid- and v-ATPase-dependent fashion. Thus, we provide mechanistic insight into how mTORC1 senses amino acids by identifying Ragulator as a guanine nucleotide exchange factor (GEF) for the Rag GTPases.",Ragulator is the guanine-nucleotide exchange factor activating the Rag GTPases on the lysosome.,"Ragulator is a GEF for the rag GTPases that signal amino acid levels to mTORC1
Key finding: Ragulator is the guanine-nucleotide exchange factor activating the Rag GTPases on the lysosome.
Abstract: The mTOR Complex 1 (mTORC1) pathway regulates cell growth in response to numerous cues, including amino acids, which promote mTORC1 translocation to the lysosomal surface, its site of activation. The heterodimeric RagA/B-RagC/D GTPases, the Ragulator complex that tethers the Rags to the lysosome, and the v-ATPase form a signaling system that is necessary for amino acid sensing by mTORC1. Amino acids stimulate the binding of guanosine triphosphate to RagA and RagB but the factors that regulate Rag nucleotide loading are unknown. Here, we identify HBXIP and C7orf59 as two additional Ragulator components that are required for mTORC1 activation by amino acids. The expanded Ragulator has nucleotide exchange activity toward RagA and RagB and interacts with the Rag heterodimers in an amino acid- and v-ATPase-dependent fashion. Thus, we provide mechanistic insight into how mTORC1 senses amino acids by identifying Ragulator as a guanine nucleotide exchange factor (GEF) for the Rag GTPases."
recC4sy7lgaONNayM,SOL2014,"The ratio of macronutrients, not caloric intake, dictates cardiometabolic health, aging, and longevity in ad libitum-fed mice",Solon-Biet SM et al.,2014,Cell Metabolism,Animal,"Mouse, 25 ad libitum diets",Macronutrient ratio; mTORC1; Longevity,C - Animal,4 - Animal Study,Yes,10.1016/j.cmet.2014.02.009,24606899,PMC5087279,True,"The fundamental questions of what represents a macronutritionally balanced diet and how this maintains health and longevity remain unanswered. Here, the Geometric Framework, a state-space nutritional modeling method, was used to measure interactive effects of dietary energy, protein, fat, and carbohydrate on food intake, cardiometabolic phenotype, and longevity in mice fed one of 25 diets ad libitum. Food intake was regulated primarily by protein and carbohydrate content. Longevity and health were optimized when protein was replaced with carbohydrate to limit compensatory feeding for protein and suppress protein intake. These consequences are associated with hepatic mammalian target of rapamycin (mTOR) activation and mitochondrial function and, in turn, related to circulating branched-chain amino acids and glucose. Calorie restriction achieved by high-protein diets or dietary dilution had no beneficial effects on lifespan. The results suggest that longevity can be extended in ad libitum-fed animals by manipulating the ratio of macronutrients to inhibit mTOR activation.",Lifespan and cardiometabolic health were determined not by caloric intake but by the protein:carbohydrate ratio; low protein ratio suppressed hepatic mTOR.,"The ratio of macronutrients, not caloric intake, dictates cardiometabolic health, aging, and longevity in ad libitum-fed mice
Key finding: Lifespan and cardiometabolic health were determined not by caloric intake but by the protein:carbohydrate ratio; low protein ratio suppressed hepatic mTOR.
Abstract: The fundamental questions of what represents a macronutritionally balanced diet and how this maintains health and longevity remain unanswered. Here, the Geometric Framework, a state-space nutritional modeling method, was used to measure interactive effects of dietary energy, protein, fat, and carbohydrate on food intake, cardiometabolic phenotype, and longevity in mice fed one of 25 diets ad libitum. Food intake was regulated primarily by protein and carbohydrate content. Longevity and health were optimized when protein was replaced with carbohydrate to limit compensatory feeding for protein and suppress protein intake. These consequences are associated with hepatic mammalian target of rapamycin (mTOR) activation and mitochondrial function and, in turn, related to circulating branched-chain amino acids and glucose. Calorie restriction achieved by high-protein diets or dietary dilution had no beneficial effects on lifespan. The results suggest that longevity can be extended in ad libitum-fed animals by manipulating the ratio of macronutrients to inhibit mTOR activation."
recCA12iJzdCsG6v3,MOT2008,"Efficacy of everolimus in advanced renal cell carcinoma: a double-blind, randomised, placebo-controlled phase III trial",Motzer RJ et al.,2008,Lancet,Human,"Humans, phase III RCT (RECORD-1)",Everolimus; Renal cell carcinoma,B - Human,2 - Human Clinical Trial,Yes,10.1016/S0140-6736(08)61039-9,,,False,"Everolimus (RAD001) is an orally administered inhibitor of the mammalian target of rapamycin (mTOR), a therapeutic target for metastatic renal cell carcinoma. We did a phase III, randomised, double-blind, placebo-controlled trial of everolimus in patients with metastatic renal cell carcinoma whose disease had progressed on vascular endothelial growth factor-targeted therapy.

Patients with metastatic renal cell carcinoma which had progressed on sunitinib, sorafenib, or both, were randomly assigned in a two to one ratio to receive everolimus 10 mg once daily (n=272) or placebo (n=138), in conjunction with best supportive care. Randomisation was done centrally via an interactive voice response system using a validated computer system, and was stratified by Memorial Sloan-Kettering Cancer Center prognostic score and previous anticancer therapy, with a permuted block size of six. The primary endpoint was progression-free survival, assessed via a blinded, independent central review. The study was designed to be terminated after 290 events of progression. Analysis was by intention to treat. This study is registered with ClinicalTrials.gov, number NCT00410124.

All randomised patients were included in efficacy analyses. The results of the second interim analysis indicated a significant difference in efficacy between arms and the trial was thus halted early after 191 progression events had been observed (101 [37%] events in the everolimus group, 90 [65%] in the placebo group; hazard ratio 0.30, 95% CI 0.22-0.40, p<0.0001; median progression-free survival 4.0 [95% CI 3.7-5.5] vs 1.9 [1.8-1.9] months). Stomatitis (107 [40%] patients in the everolimus group vs 11 [8%] in the placebo group), rash (66 [25%] vs six [4%]), and fatigue (53 [20%] vs 22 [16%]) were the most commonly reported adverse events, but were mostly mild or moderate in severity. Pneumonitis (any grade) was detected in 22 (8%) patients in the everolimus group, of whom eight had pneumonitis of grade 3 severity.

Treatment with everolimus prolongs progression-free survival relative to placebo in patients with metastatic renal cell carcinoma that had progressed on other targeted therapies.",Everolimus extended median progression-free survival from 1.9 to 4.0 months versus placebo in metastatic renal cell carcinoma.,"Efficacy of everolimus in advanced renal cell carcinoma: a double-blind, randomised, placebo-controlled phase III trial
Key finding: Everolimus extended median progression-free survival from 1.9 to 4.0 months versus placebo in metastatic renal cell carcinoma.
Abstract: Everolimus (RAD001) is an orally administered inhibitor of the mammalian target of rapamycin (mTOR), a therapeutic target for metastatic renal cell carcinoma. We did a phase III, randomised, double-blind, placebo-controlled trial of everolimus in patients with metastatic renal cell carcinoma whose disease had progressed on vascular endothelial growth factor-targeted therapy.

Patients with metastatic renal cell carcinoma which had progressed on sunitinib, sorafenib, or both, were randomly assigned in a two to one ratio to receive everolimus 10 mg once daily (n=272) or placebo (n=138), in conjunction with best supportive care. Randomisation was done centrally via an interactive voice response system using a validated computer system, and was stratified by Memorial Sloan-Kettering Cancer Center prognostic score and previous anticancer therapy, with a permuted block size of six. The primary endpoint was progression-free survival, assessed via a blinded, independent central review. The study was designed to be terminated after 290 events of progression. Analysis was by intention to treat. This study is registered with ClinicalTrials.gov, number NCT00410124.

All randomised patients were included in efficacy analyses. The results of the second interim analysis indicated a significant difference in efficacy between arms and the trial was thus halted early after 191 progression events had been observed (101 [37%] events in the everolimus group, 90 [65%] in the placebo group; hazard ratio 0.30, 95% CI 0.22-0.40, p<0.0001; median progression-free survival 4.0 [95% CI 3.7-5.5] vs 1.9 [1.8-1.9] months). Stomatitis (107 [40%] patients in the everolimus group vs 11 [8%] in the placebo group), rash (66 [25%] vs six [4%]), and fatigue (53 [20%] vs 22 [16%]) were the most commonly reported adverse events, but were mostly mild or moderate in severity. Pneumonitis (any grade) was detected in 22 (8%) patients in the everolimus group, of whom eight had pneumonitis of grade 3 severity.

Treatment with everolimus prolongs progression-free survival relative to placebo in patients with metastatic renal cell carcinoma that had progressed on other targeted therapies."
recCEjxAEPIqtxARt,JAN2010,Effective and selective targeting of leukemia cells using a TORC1/2 kinase inhibitor,Janes MR; Fruman DA et al.,2010,Nature medicine,Mechanism,Leukemia cells; mouse,"PP242, TORC1/2 inhibitor, leukemia",D - Mechanistic/Review,5 - Mechanistic / In Vitro,Yes,10.1038/nm.2091,20072130,PMC4017764,True,"Targeting the mammalian target of rapamycin (mTOR) protein is a promising strategy for cancer therapy. The mTOR kinase functions in two complexes, TORC1 (target of rapamycin complex-1) and TORC2 (target of rapamycin complex-2); however, neither of these complexes is fully inhibited by the allosteric inhibitor rapamycin or its analogs. We compared rapamycin with PP242, an inhibitor of the active site of mTOR in both TORC1 and TORC2 (hereafter referred to as TORC1/2), in models of acute leukemia harboring the Philadelphia chromosome (Ph) translocation. We demonstrate that PP242, but not rapamycin, causes death of mouse and human leukemia cells. In vivo, PP242 delays leukemia onset and augments the effects of the current front-line tyrosine kinase inhibitors more effectively than does rapamycin. Unexpectedly, PP242 has much weaker effects than rapamycin on the proliferation and function of normal lymphocytes. PI-103, a less selective TORC1/2 inhibitor that also targets phosphoinositide 3-kinase (PI3K), is more immunosuppressive than PP242. These findings establish that Ph(+) transformed cells are more sensitive than normal lymphocytes to selective TORC1/2 inhibitors and support the development of such inhibitors for leukemia therapy.","The ATP-competitive TORC1/2 inhibitor PP242 selectively kills leukemia cells, sparing normal cells.","Effective and selective targeting of leukemia cells using a TORC1/2 kinase inhibitor
Key finding: The ATP-competitive TORC1/2 inhibitor PP242 selectively kills leukemia cells, sparing normal cells.
Abstract: Targeting the mammalian target of rapamycin (mTOR) protein is a promising strategy for cancer therapy. The mTOR kinase functions in two complexes, TORC1 (target of rapamycin complex-1) and TORC2 (target of rapamycin complex-2); however, neither of these complexes is fully inhibited by the allosteric inhibitor rapamycin or its analogs. We compared rapamycin with PP242, an inhibitor of the active site of mTOR in both TORC1 and TORC2 (hereafter referred to as TORC1/2), in models of acute leukemia harboring the Philadelphia chromosome (Ph) translocation. We demonstrate that PP242, but not rapamycin, causes death of mouse and human leukemia cells. In vivo, PP242 delays leukemia onset and augments the effects of the current front-line tyrosine kinase inhibitors more effectively than does rapamycin. Unexpectedly, PP242 has much weaker effects than rapamycin on the proliferation and function of normal lymphocytes. PI-103, a less selective TORC1/2 inhibitor that also targets phosphoinositide 3-kinase (PI3K), is more immunosuppressive than PP242. These findings establish that Ph(+) transformed cells are more sensitive than normal lymphocytes to selective TORC1/2 inhibitors and support the development of such inhibitors for leukemia therapy."
recCEuU6SzFphu5nK,BUR1998,RAFT1 phosphorylation of the translational regulators p70 S6 kinase and 4E-BP1,Burnett PE; Sabatini DM et al.,1998,Proceedings of the National Academy of Sciences of the United States of America,Mechanism,In vitro,"mTOR/RAFT1, p70 S6K, 4E-BP1",D - Mechanistic/Review,5 - Mechanistic / In Vitro,Yes,10.1073/pnas.95.4.1432,9465032,PMC19032,True,"The complex of rapamycin with its intracellular receptor, FKBP12, interacts with RAFT1/FRAP/mTOR, the in vivo rapamycin-sensitive target and a member of the ataxia telangiectasia mutated (ATM)-related family of kinases that share homology with the catalytic domain of phosphatidylinositol 3-kinase. The function of RAFT1 in the rapamycin-sensitive pathway and its connection to downstream components of the pathway, such as p70 S6 kinase and 4E-BP1, are poorly understood. Here, we show that RAFT1 directly phosphorylates p70(S6k), 4E-BP1, and 4E-BP2 and that serum stimulates RAFT1 kinase activity with kinetics similar to those of p70(S6k) and 4E-BP1 phosphorylation. RAFT1 phosphorylates p70(S6k) on Thr-389, a residue whose phosphorylation is rapamycin-sensitive in vivo and necessary for S6 kinase activity. RAFT1 phosphorylation of 4E-BP1 on Thr-36 and Thr-45 blocks its association with the cap-binding protein, eIF-4E, in vitro, and phosphorylation of Thr-45 seems to be the major regulator of the 4E-BP1-eIF-4E interaction in vivo. RAFT1 phosphorylates p70(S6k) much more effectively than 4E-BP1, and the phosphorylation sites on the two proteins show little homology. This raises the possibility that, in vivo, an unidentified kinase analogous to p70(S6k) is activated by RAFT1 phosphorylation and acts at the rapamycin-sensitive phosphorylation sites of 4E-BP1.","RAFT1/mTOR directly phosphorylates p70 S6K (Thr389) and 4E-BP1, the two central translational effectors.","RAFT1 phosphorylation of the translational regulators p70 S6 kinase and 4E-BP1
Key finding: RAFT1/mTOR directly phosphorylates p70 S6K (Thr389) and 4E-BP1, the two central translational effectors.
Abstract: The complex of rapamycin with its intracellular receptor, FKBP12, interacts with RAFT1/FRAP/mTOR, the in vivo rapamycin-sensitive target and a member of the ataxia telangiectasia mutated (ATM)-related family of kinases that share homology with the catalytic domain of phosphatidylinositol 3-kinase. The function of RAFT1 in the rapamycin-sensitive pathway and its connection to downstream components of the pathway, such as p70 S6 kinase and 4E-BP1, are poorly understood. Here, we show that RAFT1 directly phosphorylates p70(S6k), 4E-BP1, and 4E-BP2 and that serum stimulates RAFT1 kinase activity with kinetics similar to those of p70(S6k) and 4E-BP1 phosphorylation. RAFT1 phosphorylates p70(S6k) on Thr-389, a residue whose phosphorylation is rapamycin-sensitive in vivo and necessary for S6 kinase activity. RAFT1 phosphorylation of 4E-BP1 on Thr-36 and Thr-45 blocks its association with the cap-binding protein, eIF-4E, in vitro, and phosphorylation of Thr-45 seems to be the major regulator of the 4E-BP1-eIF-4E interaction in vivo. RAFT1 phosphorylates p70(S6k) much more effectively than 4E-BP1, and the phosphorylation sites on the two proteins show little homology. This raises the possibility that, in vivo, an unidentified kinase analogous to p70(S6k) is activated by RAFT1 phosphorylation and acts at the rapamycin-sensitive phosphorylation sites of 4E-BP1."
recCdIdRkygk0XIoS,SAX2017,"mTOR Signaling in Growth, Metabolism, and Disease",Saxton RA; Sabatini DM,2017,Cell,Review,Review article,mTOR; mTORC1; mTORC2,D - Mechanistic/Review,Narrative Review,Yes,10.1016/j.cell.2017.02.004,28283069,PMC5394987,True,"The mechanistic target of rapamycin (mTOR) coordinates eukaryotic cell growth and metabolism with environmental inputs, including nutrients and growth factors. Extensive research over the past two decades has established a central role for mTOR in regulating many fundamental cell processes, from protein synthesis to autophagy, and deregulated mTOR signaling is implicated in the progression of cancer and diabetes, as well as the aging process. Here, we review recent advances in our understanding of mTOR function, regulation, and importance in mammalian physiology. We also highlight how the mTOR signaling network contributes to human disease and discuss the current and future prospects for therapeutically targeting mTOR in the clinic.","Comprehensive synthesis of mTORC1/mTORC2 signaling, growth regulation, metabolism, and disease relevance.","mTOR Signaling in Growth, Metabolism, and Disease
Key finding: Comprehensive synthesis of mTORC1/mTORC2 signaling, growth regulation, metabolism, and disease relevance.
Abstract: The mechanistic target of rapamycin (mTOR) coordinates eukaryotic cell growth and metabolism with environmental inputs, including nutrients and growth factors. Extensive research over the past two decades has established a central role for mTOR in regulating many fundamental cell processes, from protein synthesis to autophagy, and deregulated mTOR signaling is implicated in the progression of cancer and diabetes, as well as the aging process. Here, we review recent advances in our understanding of mTOR function, regulation, and importance in mammalian physiology. We also highlight how the mTOR signaling network contributes to human disease and discuss the current and future prospects for therapeutically targeting mTOR in the clinic."
recCeDWleEfH4oOUh,SAB2017,Twenty-five years of mTOR: Uncovering the link from nutrients to growth,Sabatini DM,2017,Proceedings of the National Academy of Sciences of the United States of America,Review,Review,"mTOR, nutrients, growth",D - Mechanistic/Review,Narrative Review,Yes,10.1073/pnas.1716173114,29078414,PMC5692607,True,"In my PNAS Inaugural Article, I describe the development of the mTOR field, starting with efforts to understand the mechanism of action of the drug rapamycin, which ~25 y ago led to the discovery of the mTOR protein kinase. I focus on insights that we have contributed and on work that has been particularly influential to me, as well as provide some personal reflections and stories. We now appreciate that, as part of two distinct complexes, mTORC1 and mTORC2, mTOR is the major regulator of growth (mass accumulation) in animals and is the key link between the availability of nutrients in the environment and the control of most anabolic and catabolic processes. Nutrients signal to mTORC1 through the lysosome-associated Rag GTPases and their many regulators and associated cytosolic and lysosomal nutrient sensors. mTOR signaling is deregulated in common diseases, like cancer and epilepsy, and mTORC1 is a well-validated modulator of aging in multiple model organisms. There is significant excitement around using mTORC1 inhibitors to treat cancer and neurological disease and, potentially, to improve healthspan and lifespan.",Sabatini's 25-year synthesis linking nutrient sensing to growth through mTOR.,"Twenty-five years of mTOR: Uncovering the link from nutrients to growth
Key finding: Sabatini's 25-year synthesis linking nutrient sensing to growth through mTOR.
Abstract: In my PNAS Inaugural Article, I describe the development of the mTOR field, starting with efforts to understand the mechanism of action of the drug rapamycin, which ~25 y ago led to the discovery of the mTOR protein kinase. I focus on insights that we have contributed and on work that has been particularly influential to me, as well as provide some personal reflections and stories. We now appreciate that, as part of two distinct complexes, mTORC1 and mTORC2, mTOR is the major regulator of growth (mass accumulation) in animals and is the key link between the availability of nutrients in the environment and the control of most anabolic and catabolic processes. Nutrients signal to mTORC1 through the lysosome-associated Rag GTPases and their many regulators and associated cytosolic and lysosomal nutrient sensors. mTOR signaling is deregulated in common diseases, like cancer and epilepsy, and mTORC1 is a well-validated modulator of aging in multiple model organisms. There is significant excitement around using mTORC1 inhibitors to treat cancer and neurological disease and, potentially, to improve healthspan and lifespan."
recCk7Npl1k0ZXkSS,STR2012,"Evaluation of resveratrol, green tea extract, curcumin, oxaloacetic acid, and medium-chain triglyceride oil on life span of genetically heterogeneous mice",Strong R; Miller RA; Harrison DE et al.,2012,J Gerontol A Biol Sci Med Sci,Negative_result,"Mouse (genetically heterogeneous, ITP, 3 sites)",Resveratrol; Green tea extract; Curcumin; Oxaloacetic acid; MCT oil; Longevity,C - Animal,4 - Animal Study,Yes,10.1093/gerona/gls070,22451473,PMC3598361,True,"The National Institute on Aging Interventions Testing Program (ITP) was established to evaluate agents that are hypothesized to increase life span and/or health span in genetically heterogeneous mice. Each compound is tested in parallel at three test sites. It is the goal of the ITP to publish all results, negative or positive. We report here on the results of lifelong treatment of mice, beginning at 4 months of age, with each of five agents, that is, green tea extract (GTE), curcumin, oxaloacetic acid, medium-chain triglyceride oil, and resveratrol, on the life span of genetically heterogeneous mice. Each agent was administered beginning at 4 months of age. None of these five agents had a statistically significant effect on life span of male or female mice, by log-rank test, at the concentrations tested, although a secondary analysis suggested that GTE might diminish the risk of midlife deaths in females only.","None of five popular longevity compounds had a statistically significant effect on lifespan. The paper explicitly states the ITP's mission is to publish all results, positive or negative - the exact registry model this Atlas should emulate.","Evaluation of resveratrol, green tea extract, curcumin, oxaloacetic acid, and medium-chain triglyceride oil on life span of genetically heterogeneous mice
Key finding: None of five popular longevity compounds had a statistically significant effect on lifespan. The paper explicitly states the ITP's mission is to publish all results, positive or negative - the exact registry model this Atlas should emulate.
Abstract: The National Institute on Aging Interventions Testing Program (ITP) was established to evaluate agents that are hypothesized to increase life span and/or health span in genetically heterogeneous mice. Each compound is tested in parallel at three test sites. It is the goal of the ITP to publish all results, negative or positive. We report here on the results of lifelong treatment of mice, beginning at 4 months of age, with each of five agents, that is, green tea extract (GTE), curcumin, oxaloacetic acid, medium-chain triglyceride oil, and resveratrol, on the life span of genetically heterogeneous mice. Each agent was administered beginning at 4 months of age. None of these five agents had a statistically significant effect on life span of male or female mice, by log-rank test, at the concentrations tested, although a secondary analysis suggested that GTE might diminish the risk of midlife deaths in females only."
recCuUu3AZ7YhQAoF,DOR2006,S6K1- and betaTRCP-mediated degradation of PDCD4 promotes protein translation and cell growth,Dorrello NV; Pagano M et al.,2006,Science,Mechanism,Mammalian cells,"S6K1, PDCD4, betaTRCP",D - Mechanistic/Review,5 - Mechanistic / In Vitro,Yes,10.1126/science.1130276,,,False,"The tumor suppressor programmed cell death protein 4 (PDCD4) inhibits the translation initiation factor eIF4A, an RNA helicase that catalyzes the unwinding of secondary structure at the 5' untranslated region (5'UTR) of messenger RNAs (mRNAs). In response to mitogens, PDCD4 was rapidly phosphorylated on Ser67 by the protein kinase S6K1 and subsequently degraded via the ubiquitin ligase SCF(betaTRCP). Expression in cultured cells of a stable PDCD4 mutant that is unable to bind betaTRCP inhibited translation of an mRNA with a structured 5'UTR, resulted in smaller cell size, and slowed down cell cycle progression. We propose that regulated degradation of PDCD4 in response to mitogens allows efficient protein synthesis and consequently cell growth.",S6K1 triggers betaTRCP-mediated degradation of the tumour suppressor PDCD4 to promote translation.,"S6K1- and betaTRCP-mediated degradation of PDCD4 promotes protein translation and cell growth
Key finding: S6K1 triggers betaTRCP-mediated degradation of the tumour suppressor PDCD4 to promote translation.
Abstract: The tumor suppressor programmed cell death protein 4 (PDCD4) inhibits the translation initiation factor eIF4A, an RNA helicase that catalyzes the unwinding of secondary structure at the 5' untranslated region (5'UTR) of messenger RNAs (mRNAs). In response to mitogens, PDCD4 was rapidly phosphorylated on Ser67 by the protein kinase S6K1 and subsequently degraded via the ubiquitin ligase SCF(betaTRCP). Expression in cultured cells of a stable PDCD4 mutant that is unable to bind betaTRCP inhibited translation of an mRNA with a structured 5'UTR, resulted in smaller cell size, and slowed down cell cycle progression. We propose that regulated degradation of PDCD4 in response to mitogens allows efficient protein synthesis and consequently cell growth."
recCw149f4OjbGnJS,HAR2014,"Acarbose, 17-alpha-estradiol, and nordihydroguaiaretic acid extend mouse lifespan preferentially in males",Harrison DE; Miller RA et al.,2014,Aging Cell,Animal,"Mouse (genetically heterogeneous, ITP, 3 sites)",Acarbose; Longevity,C - Animal,4 - Animal Study,Yes,10.1111/acel.12170,24245565,PMC3954939,True,"Four agents--acarbose (ACA), 17-α-estradiol (EST), nordihydroguaiaretic acid (NDGA), and methylene blue (MB)--were evaluated for lifespan effects in genetically heterogeneous mice tested at three sites. Acarbose increased male median lifespan by 22% (P < 0.0001), but increased female median lifespan by only 5% (P = 0.01). This sexual dimorphism in ACA lifespan effect could not be explained by differences in effects on weight. Maximum lifespan (90th percentile) increased 11% (P < 0.001) in males and 9% (P = 0.001) in females. EST increased male median lifespan by 12% (P = 0.002), but did not lead to a significant effect on maximum lifespan. The benefits of EST were much stronger at one test site than at the other two and were not explained by effects on body weight. EST did not alter female lifespan. NDGA increased male median lifespan by 8-10% at three different doses, with P-values ranging from 0.04 to 0.005. Females did not show a lifespan benefit from NDGA, even at a dose that produced blood levels similar to those in males, which did show a strong lifespan benefit. MB did not alter median lifespan of males or females, but did produce a small, statistically significant (6%, P = 0.004) increase in female maximum lifespan. These results provide new pharmacological models for exploring processes that regulate the timing of aging and late-life diseases, and in particular for testing hypotheses about sexual dimorphism in aging and health.","Beyond rapamycin, the same ITP program found acarbose extended male median lifespan by 22% - proof the registry finds real positive hits too, not only negative results.","Acarbose, 17-alpha-estradiol, and nordihydroguaiaretic acid extend mouse lifespan preferentially in males
Key finding: Beyond rapamycin, the same ITP program found acarbose extended male median lifespan by 22% - proof the registry finds real positive hits too, not only negative results.
Abstract: Four agents--acarbose (ACA), 17-α-estradiol (EST), nordihydroguaiaretic acid (NDGA), and methylene blue (MB)--were evaluated for lifespan effects in genetically heterogeneous mice tested at three sites. Acarbose increased male median lifespan by 22% (P < 0.0001), but increased female median lifespan by only 5% (P = 0.01). This sexual dimorphism in ACA lifespan effect could not be explained by differences in effects on weight. Maximum lifespan (90th percentile) increased 11% (P < 0.001) in males and 9% (P = 0.001) in females. EST increased male median lifespan by 12% (P = 0.002), but did not lead to a significant effect on maximum lifespan. The benefits of EST were much stronger at one test site than at the other two and were not explained by effects on body weight. EST did not alter female lifespan. NDGA increased male median lifespan by 8-10% at three different doses, with P-values ranging from 0.04 to 0.005. Females did not show a lifespan benefit from NDGA, even at a dose that produced blood levels similar to those in males, which did show a strong lifespan benefit. MB did not alter median lifespan of males or females, but did produce a small, statistically significant (6%, P = 0.004) increase in female maximum lifespan. These results provide new pharmacological models for exploring processes that regulate the timing of aging and late-life diseases, and in particular for testing hypotheses about sexual dimorphism in aging and health."
recD5jNlX2hyAS1qJ,MAN2018,TORC1 inhibition enhances immune function and reduces infections in the elderly,Mannick JB; Morris M; Hockey HP; Roma G; Beibel M; et al.; Klickstein LB,2018,Science Translational Medicine,Human,"Humans, phase 2a RCT (n=264, elderly)",RTB101; Everolimus; Immune function; mTORC1,B - Human,2 - Human Clinical Trial,Yes,10.1126/scitranslmed.aaq1564,,,False,"Inhibition of the mechanistic target of rapamycin (mTOR) protein kinase extends life span and ameliorates aging-related pathologies including declining immune function in model organisms. The objective of this phase 2a randomized, placebo-controlled clinical trial was to determine whether low-dose mTOR inhibitor therapy enhanced immune function and decreased infection rates in 264 elderly subjects given the study drugs for 6 weeks. A low-dose combination of a catalytic (BEZ235) plus an allosteric (RAD001) mTOR inhibitor that selectively inhibits target of rapamycin complex 1 (TORC1) downstream of mTOR was safe and was associated with a significant (= 0.001) decrease in the rate of infections reported by elderly subjects for a year after study drug initiation. In addition, we observed an up-regulation of antiviral gene expression and an improvement in the response to influenza vaccination in this treatment group. Thus, selective TORC1 inhibition has the potential to improve immune function and reduce infections in the elderly.","The strongest human evidence that mTOR inhibition can rejuvenate a specific function of aging - immunity. In 264 elderly people, a low-dose combination that selectively hits TORC1 significantly reduced infections over the following year and boosted antiviral gene expression and flu-vaccine response. The follow-up to Mannick 2014.","TORC1 inhibition enhances immune function and reduces infections in the elderly
Key finding: The strongest human evidence that mTOR inhibition can rejuvenate a specific function of aging - immunity. In 264 elderly people, a low-dose combination that selectively hits TORC1 significantly reduced infections over the following year and boosted antiviral gene expression and flu-vaccine response. The follow-up to Mannick 2014.
Abstract: Inhibition of the mechanistic target of rapamycin (mTOR) protein kinase extends life span and ameliorates aging-related pathologies including declining immune function in model organisms. The objective of this phase 2a randomized, placebo-controlled clinical trial was to determine whether low-dose mTOR inhibitor therapy enhanced immune function and decreased infection rates in 264 elderly subjects given the study drugs for 6 weeks. A low-dose combination of a catalytic (BEZ235) plus an allosteric (RAD001) mTOR inhibitor that selectively inhibits target of rapamycin complex 1 (TORC1) downstream of mTOR was safe and was associated with a significant (= 0.001) decrease in the rate of infections reported by elderly subjects for a year after study drug initiation. In addition, we observed an up-regulation of antiviral gene expression and an improvement in the response to influenza vaccination in this treatment group. Thus, selective TORC1 inhibition has the potential to improve immune function and reduce infections in the elderly."
recDR1AY40yzouWmn,LIU2020,"mTOR at the nexus of nutrition, growth, ageing and disease",Liu GY; Sabatini DM,2020,Nature Reviews Molecular Cell Biology,Review,Review (comprehensive),mTORC1; mTORC2; Longevity; Autophagy,D - Mechanistic/Review,Narrative Review,Yes,10.1038/s41580-019-0199-y,31937935,PMC7102936,True,"The mTOR pathway integrates a diverse set of environmental cues, such as growth factor signals and nutritional status, to direct eukaryotic cell growth. Over the past two and a half decades, mapping of the mTOR signalling landscape has revealed that mTOR controls biomass accumulation and metabolism by modulating key cellular processes, including protein synthesis and autophagy. Given the pathway's central role in maintaining cellular and physiological homeostasis, dysregulation of mTOR signalling has been implicated in metabolic disorders, neurodegeneration, cancer and ageing. In this Review, we highlight recent advances in our understanding of the complex regulation of the mTOR pathway and discuss its function in the context of physiology, human disease and pharmacological intervention.","The flagship modern review of the whole field, from Sabatini's own lab (Nature Reviews Molecular Cell Biology). Maps 25+ years of mTOR biology - how it senses nutrients, controls growth and autophagy, and goes wrong in cancer, neurodegeneration, metabolic disease and aging. The single best orientation document for the entire Atlas.","mTOR at the nexus of nutrition, growth, ageing and disease
Key finding: The flagship modern review of the whole field, from Sabatini's own lab (Nature Reviews Molecular Cell Biology). Maps 25+ years of mTOR biology - how it senses nutrients, controls growth and autophagy, and goes wrong in cancer, neurodegeneration, metabolic disease and aging. The single best orientation document for the entire Atlas.
Abstract: The mTOR pathway integrates a diverse set of environmental cues, such as growth factor signals and nutritional status, to direct eukaryotic cell growth. Over the past two and a half decades, mapping of the mTOR signalling landscape has revealed that mTOR controls biomass accumulation and metabolism by modulating key cellular processes, including protein synthesis and autophagy. Given the pathway's central role in maintaining cellular and physiological homeostasis, dysregulation of mTOR signalling has been implicated in metabolic disorders, neurodegeneration, cancer and ageing. In this Review, we highlight recent advances in our understanding of the complex regulation of the mTOR pathway and discuss its function in the context of physiology, human disease and pharmacological intervention."
recDksrmz0xNzqMIy,SAR2004,"Rictor, a novel binding partner of mTOR, defines a rapamycin-insensitive and raptor-independent pathway that regulates the cytoskeleton",Sarbassov DD; Ali SM; Kim DH; Guertin DA; Latek RR; Erdjument-Bromage H; Tempst P; Sabatini DM,2004,Current Biology,Mechanism,Human cells + Drosophila,mTORC2; Rictor; mTOR; Akt/PKB,D - Mechanistic/Review,5 - Mechanistic / In Vitro,Yes,10.1016/j.cub.2004.06.054,,,False,"The mammalian TOR (mTOR) pathway integrates nutrient- and growth factor-derived signals to regulate growth, the process whereby cells accumulate mass and increase in size. mTOR is a large protein kinase and the target of rapamycin, an immunosuppressant that also blocks vessel restenosis and has potential anticancer applications. mTOR interacts with the raptor and GbetaL proteins to form a complex that is the target of rapamycin. Here, we demonstrate that mTOR is also part of a distinct complex defined by the novel protein rictor (rapamycin-insensitive companion of mTOR). Rictor shares homology with the previously described pianissimo from D. discoidieum, STE20p from S. pombe, and AVO3p from S. cerevisiae. Interestingly, AVO3p is part of a rapamycin-insensitive TOR complex that does not contain the yeast homolog of raptor and signals to the actin cytoskeleton through PKC1. Consistent with this finding, the rictor-containing mTOR complex contains GbetaL but not raptor and it neither regulates the mTOR effector S6K1 nor is it bound by FKBP12-rapamycin. We find that the rictor-mTOR complex modulates the phosphorylation of Protein Kinase C alpha (PKCalpha) and the actin cytoskeleton, suggesting that this aspect of TOR signaling is conserved between yeast and mammals.","Discovery of Rictor and the SECOND mTOR complex, mTORC2. Crucially showed this complex is NOT blocked by rapamycin and does not use Raptor - it controls the cytoskeleton via PKC. This is the paper that split mTOR biology into 'two faces' at the molecular level.","Rictor, a novel binding partner of mTOR, defines a rapamycin-insensitive and raptor-independent pathway that regulates the cytoskeleton
Key finding: Discovery of Rictor and the SECOND mTOR complex, mTORC2. Crucially showed this complex is NOT blocked by rapamycin and does not use Raptor - it controls the cytoskeleton via PKC. This is the paper that split mTOR biology into 'two faces' at the molecular level.
Abstract: The mammalian TOR (mTOR) pathway integrates nutrient- and growth factor-derived signals to regulate growth, the process whereby cells accumulate mass and increase in size. mTOR is a large protein kinase and the target of rapamycin, an immunosuppressant that also blocks vessel restenosis and has potential anticancer applications. mTOR interacts with the raptor and GbetaL proteins to form a complex that is the target of rapamycin. Here, we demonstrate that mTOR is also part of a distinct complex defined by the novel protein rictor (rapamycin-insensitive companion of mTOR). Rictor shares homology with the previously described pianissimo from D. discoidieum, STE20p from S. pombe, and AVO3p from S. cerevisiae. Interestingly, AVO3p is part of a rapamycin-insensitive TOR complex that does not contain the yeast homolog of raptor and signals to the actin cytoskeleton through PKC1. Consistent with this finding, the rictor-containing mTOR complex contains GbetaL but not raptor and it neither regulates the mTOR effector S6K1 nor is it bound by FKBP12-rapamycin. We find that the rictor-mTOR complex modulates the phosphorylation of Protein Kinase C alpha (PKCalpha) and the actin cytoskeleton, suggesting that this aspect of TOR signaling is conserved between yeast and mammals."
recDwA7CYTaUvMfyV,LAB2015,mTOR regulates the pro-tumorigenic senescence-associated secretory phenotype by promoting IL1A translation,Laberge RM; Sun Y; Orjalo AV; Patil CK; Freund A; et al.; Campisi J,2015,Nature Cell Biology,Mechanism,Human cells + mouse xenografts,mTORC1; Rapamycin; Cellular senescence; 4E-BP1,D - Mechanistic/Review,5 - Mechanistic / In Vitro,Yes,10.1038/ncb3195,26147250,PMC4691706,True,"The TOR (target of rapamycin) kinase limits longevity by poorly understood mechanisms. Rapamycin suppresses the mammalian TORC1 complex, which regulates translation, and extends lifespan in diverse species, including mice. We show that rapamycin selectively blunts the pro-inflammatory phenotype of senescent cells. Cellular senescence suppresses cancer by preventing cell proliferation. However, as senescent cells accumulate with age, the senescence-associated secretory phenotype (SASP) can disrupt tissues and contribute to age-related pathologies, including cancer. MTOR inhibition suppressed the secretion of inflammatory cytokines by senescent cells. Rapamycin reduced IL6 and other cytokine mRNA levels, but selectively suppressed translation of the membrane-bound cytokine IL1A. Reduced IL1A diminished NF-κB transcriptional activity, which controls much of the SASP; exogenous IL1A restored IL6 secretion to rapamycin-treated cells. Importantly, rapamycin suppressed the ability of senescent fibroblasts to stimulate prostate tumour growth in mice. Thus, rapamycin might ameliorate age-related pathologies, including late-life cancer, by suppressing senescence-associated inflammation.","Explained HOW rapamycin calms 'inflammaging'. Senescent cells spew inflammatory signals (the SASP) that damage surrounding tissue and even feed tumors. mTOR powers this by translating IL1A, the cytokine at the top of the cascade. Rapamycin selectively shuts it down - and blocked senescent cells from fueling prostate tumor growth in mice.","mTOR regulates the pro-tumorigenic senescence-associated secretory phenotype by promoting IL1A translation
Key finding: Explained HOW rapamycin calms 'inflammaging'. Senescent cells spew inflammatory signals (the SASP) that damage surrounding tissue and even feed tumors. mTOR powers this by translating IL1A, the cytokine at the top of the cascade. Rapamycin selectively shuts it down - and blocked senescent cells from fueling prostate tumor growth in mice.
Abstract: The TOR (target of rapamycin) kinase limits longevity by poorly understood mechanisms. Rapamycin suppresses the mammalian TORC1 complex, which regulates translation, and extends lifespan in diverse species, including mice. We show that rapamycin selectively blunts the pro-inflammatory phenotype of senescent cells. Cellular senescence suppresses cancer by preventing cell proliferation. However, as senescent cells accumulate with age, the senescence-associated secretory phenotype (SASP) can disrupt tissues and contribute to age-related pathologies, including cancer. MTOR inhibition suppressed the secretion of inflammatory cytokines by senescent cells. Rapamycin reduced IL6 and other cytokine mRNA levels, but selectively suppressed translation of the membrane-bound cytokine IL1A. Reduced IL1A diminished NF-κB transcriptional activity, which controls much of the SASP; exogenous IL1A restored IL6 secretion to rapamycin-treated cells. Importantly, rapamycin suppressed the ability of senescent fibroblasts to stimulate prostate tumour growth in mice. Thus, rapamycin might ameliorate age-related pathologies, including late-life cancer, by suppressing senescence-associated inflammation."
recECCNZLOt9YIPf6,MAR2012,MTORC1 functions as a transcriptional regulator of autophagy by preventing nuclear transport of TFEB,Martina JA; Chen Y; Gucek M; Puertollano R,2012,Autophagy,Mechanism,Human cells,mTORC1; TFEB; Autophagy; Ragulator,D - Mechanistic/Review,5 - Mechanistic / In Vitro,Yes,10.4161/auto.19653,22576015,PMC3427256,True,"The mammalian target of rapamycin (MTOR) protein kinase complex is a key component of a pathway that regulates cell growth and proliferation in response to energy levels, hypoxia, nutrients and insulin. Inhibition of MTORC1 strongly induces autophagy by regulating the activity of the ULK protein kinase complex that is required for the formation of autophagosomes. However, the participation of MTORC1 in the expression of autophagy genes has not been characterized. Here we show that MTORC1 regulates nuclear localization and activity of the transcription factor EB (TFEB), a member of the bHLH leucine-zipper family of transcription factors that drives expression of autophagy and lysosomal genes. Under normal nutrient conditions, TFEB is phosphorylated in Ser211 in an MTORC1-dependent manner. This phosphorylation promotes association of TFEB with members of the YWHA (14-3-3) family of proteins and retention of the transcription factor in the cytosol. Pharmacological or genetic inhibition of MTORC1 causes dissociation of the TFEB/YWHA complex and rapid transport of TFEB to the nucleus where it increases transcription of multiple genes implicated in autophagy and lysosomal function. Active TFEB also associates with late endosomal/lysosomal membranes through interaction with the LAMTOR/RRAG/MTORC1 complex. Our results unveil a novel role for MTORC1 in the maintenance of cellular homeostasis by regulating autophagy at the transcriptional level.","Pinned down the direct mTORC1-TFEB link: mTORC1 (docked at the lysosome via Ragulator) phosphorylates TFEB on Ser211, which traps it in the cytosol via 14-3-3 proteins. Inhibit mTORC1 and TFEB rushes to the nucleus to switch on autophagy - explaining how mTORC1 controls recycling at the level of gene transcription.","MTORC1 functions as a transcriptional regulator of autophagy by preventing nuclear transport of TFEB
Key finding: Pinned down the direct mTORC1-TFEB link: mTORC1 (docked at the lysosome via Ragulator) phosphorylates TFEB on Ser211, which traps it in the cytosol via 14-3-3 proteins. Inhibit mTORC1 and TFEB rushes to the nucleus to switch on autophagy - explaining how mTORC1 controls recycling at the level of gene transcription.
Abstract: The mammalian target of rapamycin (MTOR) protein kinase complex is a key component of a pathway that regulates cell growth and proliferation in response to energy levels, hypoxia, nutrients and insulin. Inhibition of MTORC1 strongly induces autophagy by regulating the activity of the ULK protein kinase complex that is required for the formation of autophagosomes. However, the participation of MTORC1 in the expression of autophagy genes has not been characterized. Here we show that MTORC1 regulates nuclear localization and activity of the transcription factor EB (TFEB), a member of the bHLH leucine-zipper family of transcription factors that drives expression of autophagy and lysosomal genes. Under normal nutrient conditions, TFEB is phosphorylated in Ser211 in an MTORC1-dependent manner. This phosphorylation promotes association of TFEB with members of the YWHA (14-3-3) family of proteins and retention of the transcription factor in the cytosol. Pharmacological or genetic inhibition of MTORC1 causes dissociation of the TFEB/YWHA complex and rapid transport of TFEB to the nucleus where it increases transcription of multiple genes implicated in autophagy and lysosomal function. Active TFEB also associates with late endosomal/lysosomal membranes through interaction with the LAMTOR/RRAG/MTORC1 complex. Our results unveil a novel role for MTORC1 in the maintenance of cellular homeostasis by regulating autophagy at the transcriptional level."
recEUqsLnOYvruwov,PAR2014,Sestrins inhibit mTORC1 kinase activation through the GATOR complex,Parmigiani A; Budanov AV et al.,2014,Cell reports,Mechanism,Mammalian cells,"Sestrins, GATOR2, mTORC1",D - Mechanistic/Review,5 - Mechanistic / In Vitro,Yes,10.1016/j.celrep.2014.10.019,25457612,PMC4303546,True,"The mechanistic target of rapamycin complex 1 (mTORC1) kinase is a sensor of different environmental conditions and regulator of cell growth, metabolism, and autophagy. mTORC1 is activated by Rag GTPases, working as RagA:RagB and RagC:RagD heterodimers. Rags control mTORC1 activity by tethering mTORC1 to the lysosomes where it is activated by Rheb GTPase. RagA:RagB, active in its GTP-bound form, is inhibited by GATOR1 complex, a GTPase-activating protein, and GATOR1 is in turn negatively regulated by GATOR2 complex. Sestrins are stress-responsive proteins that inhibit mTORC1 via activation of AMP-activated protein kinase (AMPK) and tuberous sclerosis complex. Here we report an AMPK-independent mechanism of mTORC1 inhibition by Sestrins mediated by their interaction with GATOR2. As a result of this interaction, the Sestrins suppress mTOR lysosomal localization in a Rag-dependent manner. This mechanism is potentially involved in mTORC1 regulation by amino acids, rotenone, and tunicamycin, connecting stress response with mTORC1 inhibition.",Sestrins inhibit mTORC1 activation through the GATOR2 complex.,"Sestrins inhibit mTORC1 kinase activation through the GATOR complex
Key finding: Sestrins inhibit mTORC1 activation through the GATOR2 complex.
Abstract: The mechanistic target of rapamycin complex 1 (mTORC1) kinase is a sensor of different environmental conditions and regulator of cell growth, metabolism, and autophagy. mTORC1 is activated by Rag GTPases, working as RagA:RagB and RagC:RagD heterodimers. Rags control mTORC1 activity by tethering mTORC1 to the lysosomes where it is activated by Rheb GTPase. RagA:RagB, active in its GTP-bound form, is inhibited by GATOR1 complex, a GTPase-activating protein, and GATOR1 is in turn negatively regulated by GATOR2 complex. Sestrins are stress-responsive proteins that inhibit mTORC1 via activation of AMP-activated protein kinase (AMPK) and tuberous sclerosis complex. Here we report an AMPK-independent mechanism of mTORC1 inhibition by Sestrins mediated by their interaction with GATOR2. As a result of this interaction, the Sestrins suppress mTOR lysosomal localization in a Rag-dependent manner. This mechanism is potentially involved in mTORC1 regulation by amino acids, rotenone, and tunicamycin, connecting stress response with mTORC1 inhibition."
recEcr295euEFDpRf,KIM2019,mTOR as a central hub of nutrient signalling and cell growth,Kim J; Guan KL et al.,2019,Nature cell biology,Review,Review,"mTOR, nutrient signalling",D - Mechanistic/Review,Narrative Review,Yes,10.1038/s41556-018-0205-1,,,False,"The highly conserved protein kinase mechanistic target of rapamycin (mTOR; originally known as mammalian target of rapamycin) is a central cell growth regulator connecting cellular metabolism and growth with a wide range of environmental inputs as part of mTOR complex 1 (mTORC1) and mTORC2. In this Review, we introduce the landmark discoveries in the mTOR field, starting from the isolation of rapamycin to the molecular characterizations of key components of the mTORC signalling network with an emphasis on amino acid sensing, and discuss the perspectives of mTORC inhibitors in therapeutic applications.",Review: mTOR as a central hub of nutrient signalling and cell growth.,"mTOR as a central hub of nutrient signalling and cell growth
Key finding: Review: mTOR as a central hub of nutrient signalling and cell growth.
Abstract: The highly conserved protein kinase mechanistic target of rapamycin (mTOR; originally known as mammalian target of rapamycin) is a central cell growth regulator connecting cellular metabolism and growth with a wide range of environmental inputs as part of mTOR complex 1 (mTORC1) and mTORC2. In this Review, we introduce the landmark discoveries in the mTOR field, starting from the isolation of rapamycin to the molecular characterizations of key components of the mTORC signalling network with an emphasis on amino acid sensing, and discuss the perspectives of mTORC inhibitors in therapeutic applications."
recF7Hc40EueOmTN3,VAL2019,Molecular logic of mTORC1 signalling as a metabolic rheostat,Valvezan AJ; Manning BD et al.,2019,Nature metabolism,Review,Review,"mTORC1, metabolism",D - Mechanistic/Review,Narrative Review,Yes,10.1038/s42255-019-0038-7,32694720,PMC12569966,True,"The protein kinase complex mechanistic target of rapamycin complex 1 (mTORC1) serves as a key conduit between growth signals and the metabolic processes underlying cell growth. The activation state of mTORC1 is controlled by intracellular nutrients and energy, as well as exogenous hormones and growth factors, thereby integrating local and systemic growth signals. Here we discuss the molecular logic of the mTORC1 signalling network and its importance in coupling growth signals to the control of cellular metabolism. After activation, mTORC1 promotes the conversion of available nutrients and energy into the major macromolecular species contributing to cellular mass, including proteins, nucleic acids and lipids, while suppressing the autophagic recycling of these macromolecules back into their nutrient constituents. Given that uncoupling of mTORC1 from its normal regulatory inputs contributes to many diseases-including cancer, genetic tumour syndromes, metabolic diseases, autoimmune diseases and neurological disorders-understanding the molecular logic of the mTORC1 network and how to modulate it may present therapeutic opportunities for treatment of a broad range of diseases and potentially even for the extension of lifespan.",Review framing mTORC1 as a metabolic rheostat coupling growth signals to metabolism.,"Molecular logic of mTORC1 signalling as a metabolic rheostat
Key finding: Review framing mTORC1 as a metabolic rheostat coupling growth signals to metabolism.
Abstract: The protein kinase complex mechanistic target of rapamycin complex 1 (mTORC1) serves as a key conduit between growth signals and the metabolic processes underlying cell growth. The activation state of mTORC1 is controlled by intracellular nutrients and energy, as well as exogenous hormones and growth factors, thereby integrating local and systemic growth signals. Here we discuss the molecular logic of the mTORC1 signalling network and its importance in coupling growth signals to the control of cellular metabolism. After activation, mTORC1 promotes the conversion of available nutrients and energy into the major macromolecular species contributing to cellular mass, including proteins, nucleic acids and lipids, while suppressing the autophagic recycling of these macromolecules back into their nutrient constituents. Given that uncoupling of mTORC1 from its normal regulatory inputs contributes to many diseases-including cancer, genetic tumour syndromes, metabolic diseases, autoimmune diseases and neurological disorders-understanding the molecular logic of the mTORC1 network and how to modulate it may present therapeutic opportunities for treatment of a broad range of diseases and potentially even for the extension of lifespan."
recFZrr7QtlBbiFig,FRI2006,"mSin1 is necessary for Akt/PKB phosphorylation, and its isoforms define three distinct mTORC2s",Frias MA; Sabatini DM et al.,2006,Current biology : CB,Mechanism,Mammalian cells,"mSin1, mTORC2, Akt",D - Mechanistic/Review,5 - Mechanistic / In Vitro,Yes,10.1016/j.cub.2006.08.001,,,False,"The mammalian target of rapamycin (mTOR) is a serine/threonine kinase that participates in at least two distinct multiprotein complexes, mTORC1 and mTORC2 . These complexes play important roles in the regulation of cell growth, proliferation, survival, and metabolism. mTORC2 is a hydrophobic motif kinase for the cell-survival protein Akt/PKB and, here, we identify mSin1 as a component of mTORC2 but not mTORC1. mSin1 is necessary for the assembly of mTORC2 and for its capacity to phosphorylate Akt/PKB. Alternative splicing generates at least five isoforms of the mSin1 protein , three of which assemble into mTORC2 to generate three distinct mTORC2s. Even though all mTORC2s can phosphorylate Akt/PKB in vitro, insulin regulates the activity of only two of them. Thus, we propose that cells contain several mTORC2 flavors that may phosphorylate Akt/PKB in response to different signals.",mSin1 is required for mTORC2 assembly and Akt Ser473 phosphorylation; isoforms define distinct complexes.,"mSin1 is necessary for Akt/PKB phosphorylation, and its isoforms define three distinct mTORC2s
Key finding: mSin1 is required for mTORC2 assembly and Akt Ser473 phosphorylation; isoforms define distinct complexes.
Abstract: The mammalian target of rapamycin (mTOR) is a serine/threonine kinase that participates in at least two distinct multiprotein complexes, mTORC1 and mTORC2 . These complexes play important roles in the regulation of cell growth, proliferation, survival, and metabolism. mTORC2 is a hydrophobic motif kinase for the cell-survival protein Akt/PKB and, here, we identify mSin1 as a component of mTORC2 but not mTORC1. mSin1 is necessary for the assembly of mTORC2 and for its capacity to phosphorylate Akt/PKB. Alternative splicing generates at least five isoforms of the mSin1 protein , three of which assemble into mTORC2 to generate three distinct mTORC2s. Even though all mTORC2s can phosphorylate Akt/PKB in vitro, insulin regulates the activity of only two of them. Thus, we propose that cells contain several mTORC2 flavors that may phosphorylate Akt/PKB in response to different signals."
recFbaDCwPJSm23Ig,YAN2006,Identification of Sin1 as an essential TORC2 component required for complex formation and kinase activity,Yang Q; Guan KL et al.,2006,Genes & development,Mechanism,Mammalian cells,"Sin1, TORC2, Akt",D - Mechanistic/Review,5 - Mechanistic / In Vitro,Yes,10.1101/gad.1461206,17043309,PMC1619946,True,"Target of rapamycin (TOR) is an evolutionally conserved protein kinase in eukaryotes and a central cell growth controller. TOR exists in two distinct complexes, termed TORC1 and TORC2. Mammalian TORC2 has recently been shown to possess kinase activity toward the C-terminal hydrophobic site of Akt/PKB. Here, we report that Sin1 is an essential component of TORC2 but not of TORC1, and functions similarly to Rictor, the defining member of TORC2, in complex formation and kinase activity. Knockdown of Sin1decreases Akt phosphorylation in both Drosophila and mammalian cells and diminishes Akt function in vivo. It also disrupts the interaction between Rictor and mTOR. Furthermore, Sin1 is required for TORC2 kinase activity in vitro. Disruption of the Rictor gene in mice results in embryonic lethality and ablates Akt phosphorylation. These data demonstrate that Sin1 together with Rictor are key components of mTORC2 and play an essential role in Akt phosphorylation and signaling.",Identified Sin1 as an essential TORC2 component required for Akt phosphorylation.,"Identification of Sin1 as an essential TORC2 component required for complex formation and kinase activity
Key finding: Identified Sin1 as an essential TORC2 component required for Akt phosphorylation.
Abstract: Target of rapamycin (TOR) is an evolutionally conserved protein kinase in eukaryotes and a central cell growth controller. TOR exists in two distinct complexes, termed TORC1 and TORC2. Mammalian TORC2 has recently been shown to possess kinase activity toward the C-terminal hydrophobic site of Akt/PKB. Here, we report that Sin1 is an essential component of TORC2 but not of TORC1, and functions similarly to Rictor, the defining member of TORC2, in complex formation and kinase activity. Knockdown of Sin1decreases Akt phosphorylation in both Drosophila and mammalian cells and diminishes Akt function in vivo. It also disrupts the interaction between Rictor and mTOR. Furthermore, Sin1 is required for TORC2 kinase activity in vitro. Disruption of the Rictor gene in mice results in embryonic lethality and ablates Akt phosphorylation. These data demonstrate that Sin1 together with Rictor are key components of mTORC2 and play an essential role in Akt phosphorylation and signaling."
recFs8qjfCZ9vwfPG,GUE2007,Defining the role of mTOR in cancer,Guertin DA; Sabatini DM,2007,Cancer Cell,Review,Review article,mTORC1; mTORC2; Renal cell carcinoma (RCC),D - Mechanistic/Review,Narrative Review,Yes,10.1016/j.ccr.2007.05.008,,,False,"The mammalian target of rapamycin (mTOR) has emerged as a critical effector in cell-signaling pathways commonly deregulated in human cancers. This has led to the prediction that mTOR inhibitors may be useful in oncology, and derivatives of one such molecule, rapamycin (from which mTOR derives its name), are currently in clinical development. In this review, we discuss recent progress in understanding mTOR signaling, paying particular attention to its relevance in cancer. We further discuss the use of rapamycin in oncology and conclude with a discussion on the future of mTOR-targeted therapy.","Comprehensive review arguing mTOR signaling is commonly deregulated in human cancers, laying out the rationale for rapalog trials in oncology.","Defining the role of mTOR in cancer
Key finding: Comprehensive review arguing mTOR signaling is commonly deregulated in human cancers, laying out the rationale for rapalog trials in oncology.
Abstract: The mammalian target of rapamycin (mTOR) has emerged as a critical effector in cell-signaling pathways commonly deregulated in human cancers. This has led to the prediction that mTOR inhibitors may be useful in oncology, and derivatives of one such molecule, rapamycin (from which mTOR derives its name), are currently in clinical development. In this review, we discuss recent progress in understanding mTOR signaling, paying particular attention to its relevance in cancer. We further discuss the use of rapamycin in oncology and conclude with a discussion on the future of mTOR-targeted therapy."
recG5MXcbdanBaoKl,BEN2013,Stimulation of de novo pyrimidine synthesis by growth signaling through mTOR and S6K1,Ben-Sahra I; Manning BD et al.,2013,Science,Mechanism,Mammalian cells,"mTORC1, S6K1, CAD, pyrimidine",D - Mechanistic/Review,5 - Mechanistic / In Vitro,Yes,10.1126/science.1228792,23429703,PMC3753690,True,"Cellular growth signals stimulate anabolic processes. The mechanistic target of rapamycin complex 1 (mTORC1) is a protein kinase that senses growth signals to regulate anabolic growth and proliferation. Activation of mTORC1 led to the acute stimulation of metabolic flux through the de novo pyrimidine synthesis pathway. mTORC1 signaling posttranslationally regulated this metabolic pathway via its downstream target ribosomal protein S6 kinase 1 (S6K1), which directly phosphorylates S1859 on CAD (carbamoyl-phosphate synthetase 2, aspartate transcarbamoylase, dihydroorotase), the enzyme that catalyzes the first three steps of de novo pyrimidine synthesis. Growth signaling through mTORC1 thus stimulates the production of new nucleotides to accommodate an increase in RNA and DNA synthesis needed for ribosome biogenesis and anabolic growth.",mTORC1-S6K1 stimulates de novo pyrimidine synthesis by phosphorylating CAD.,"Stimulation of de novo pyrimidine synthesis by growth signaling through mTOR and S6K1
Key finding: mTORC1-S6K1 stimulates de novo pyrimidine synthesis by phosphorylating CAD.
Abstract: Cellular growth signals stimulate anabolic processes. The mechanistic target of rapamycin complex 1 (mTORC1) is a protein kinase that senses growth signals to regulate anabolic growth and proliferation. Activation of mTORC1 led to the acute stimulation of metabolic flux through the de novo pyrimidine synthesis pathway. mTORC1 signaling posttranslationally regulated this metabolic pathway via its downstream target ribosomal protein S6 kinase 1 (S6K1), which directly phosphorylates S1859 on CAD (carbamoyl-phosphate synthetase 2, aspartate transcarbamoylase, dihydroorotase), the enzyme that catalyzes the first three steps of de novo pyrimidine synthesis. Growth signaling through mTORC1 thus stimulates the production of new nucleotides to accommodate an increase in RNA and DNA synthesis needed for ribosome biogenesis and anabolic growth."
recG8lnqaGl1kOveY,BAT2022,mTOR substrate phosphorylation in growth control,Battaglioni S; Hall MN et al.,2022,Cell,Review,Review,"mTOR substrates, phosphorylation",D - Mechanistic/Review,Narrative Review,Yes,10.1016/j.cell.2022.04.013,,,False,"The target of rapamycin (TOR), discovered 30 years ago, is a highly conserved serine/threonine protein kinase that plays a central role in regulating cell growth and metabolism. It is activated by nutrients, growth factors, and cellular energy. TOR forms two structurally and functionally distinct complexes, TORC1 and TORC2. TOR signaling activates cell growth, defined as an increase in biomass, by stimulating anabolic metabolism while inhibiting catabolic processes. With emphasis on mammalian TOR (mTOR), we comprehensively reviewed the literature and identified all reported direct substrates. In the context of recent structural information, we discuss how mTORC1 and mTORC2, despite having a common catalytic subunit, phosphorylate distinct substrates. We conclude that the two complexes recruit different substrates to phosphorylate a common, minimal motif.",Review cataloguing direct mTOR substrates and how mTORC1/2 achieve substrate specificity.,"mTOR substrate phosphorylation in growth control
Key finding: Review cataloguing direct mTOR substrates and how mTORC1/2 achieve substrate specificity.
Abstract: The target of rapamycin (TOR), discovered 30 years ago, is a highly conserved serine/threonine protein kinase that plays a central role in regulating cell growth and metabolism. It is activated by nutrients, growth factors, and cellular energy. TOR forms two structurally and functionally distinct complexes, TORC1 and TORC2. TOR signaling activates cell growth, defined as an increase in biomass, by stimulating anabolic metabolism while inhibiting catabolic processes. With emphasis on mammalian TOR (mTOR), we comprehensively reviewed the literature and identified all reported direct substrates. In the context of recent structural information, we discuss how mTORC1 and mTORC2, despite having a common catalytic subunit, phosphorylate distinct substrates. We conclude that the two complexes recruit different substrates to phosphorylate a common, minimal motif."
recGH3MF4cLhQkoX7,BJE2010,Mechanisms of life span extension by rapamycin in the fruit fly Drosophila melanogaster,Bjedov I; Partridge L et al.,2010,Cell Metabolism,Animal,Drosophila melanogaster,Rapamycin; mTORC1; Autophagy; Longevity,C - Animal,4 - Animal Study,Yes,10.1016/j.cmet.2009.11.010,20074526,PMC2824086,True,"The target of rapamycin (TOR) pathway is a major nutrient-sensing pathway that, when genetically downregulated, increases life span in evolutionarily diverse organisms including mammals. The central component of this pathway, TOR kinase, is the target of the inhibitory drug rapamycin, a highly specific and well-described drug approved for human use. We show here that feeding rapamycin to adult Drosophila produces the life span extension seen in some TOR mutants. Increase in life span by rapamycin was associated with increased resistance to both starvation and paraquat. Analysis of the underlying mechanisms revealed that rapamycin increased longevity specifically through the TORC1 branch of the TOR pathway, through alterations to both autophagy and translation. Rapamycin could increase life span of weak insulin/Igf signaling (IIS) pathway mutants and of flies with life span maximized by dietary restriction, indicating additional mechanisms.","Feeding rapamycin extended fly lifespan through autophagy and reduced translation, and worked even in flies already on a lifespan-maximizing diet.","Mechanisms of life span extension by rapamycin in the fruit fly Drosophila melanogaster
Key finding: Feeding rapamycin extended fly lifespan through autophagy and reduced translation, and worked even in flies already on a lifespan-maximizing diet.
Abstract: The target of rapamycin (TOR) pathway is a major nutrient-sensing pathway that, when genetically downregulated, increases life span in evolutionarily diverse organisms including mammals. The central component of this pathway, TOR kinase, is the target of the inhibitory drug rapamycin, a highly specific and well-described drug approved for human use. We show here that feeding rapamycin to adult Drosophila produces the life span extension seen in some TOR mutants. Increase in life span by rapamycin was associated with increased resistance to both starvation and paraquat. Analysis of the underlying mechanisms revealed that rapamycin increased longevity specifically through the TORC1 branch of the TOR pathway, through alterations to both autophagy and translation. Rapamycin could increase life span of weak insulin/Igf signaling (IIS) pathway mutants and of flies with life span maximized by dietary restriction, indicating additional mechanisms."
recGI0z9Wd8AR1UTC,NAP2020,A substrate-specific mTORC1 pathway underlies Birt-Hogg-Dube syndrome,Napolitano G; Ballabio A et al.,2020,Nature,Mechanism,Human cells; mouse,"TFEB, RagC/D, FLCN, Birt-Hogg-Dube",D - Mechanistic/Review,5 - Mechanistic / In Vitro,Yes,10.1038/s41586-020-2444-0,32612235,PMC7610377,True,"The mechanistic target of rapamycin complex 1 (mTORC1) is a key metabolic hub that controls the cellular response to environmental cues by exerting its kinase activity on multiple substrates. However, whether mTORC1 responds to diverse stimuli by differentially phosphorylating specific substrates is poorly understood. Here we show that transcription factor EB (TFEB), a master regulator of lysosomal biogenesis and autophagy, is phosphorylated by mTORC1 via a substrate-specific mechanism that is mediated by Rag GTPases. Owing to this mechanism, the phosphorylation of TFEB-unlike other substrates of mTORC1, such as S6K and 4E-BP1- is strictly dependent on the amino-acid-mediated activation of RagC and RagD GTPases, but is insensitive to RHEB activity induced by growth factors. This mechanism has a crucial role in Birt-Hogg-Dube syndrome, a disorder that is caused by mutations in the RagC and RagD activator folliculin (FLCN) and is characterized by benign skin tumours, lung and kidney cysts and renal cell carcinoma. We found that constitutive activation of TFEB is the main driver of the kidney abnormalities and mTORC1 hyperactivity in a mouse model of Birt-Hogg-Dube syndrome. Accordingly, depletion of TFEB in kidneys of these mice fully rescued the disease phenotype and associated lethality, and normalized mTORC1 activity. Our findings identify a mechanism that enables differential phosphorylation of mTORC1 substrates, the dysregulation of which leads to kidney cysts and cancer.",A substrate-specific mTORC1-TFEB pathway (RagC/D-dependent) drives Birt-Hogg-Dube kidney disease.,"A substrate-specific mTORC1 pathway underlies Birt-Hogg-Dube syndrome
Key finding: A substrate-specific mTORC1-TFEB pathway (RagC/D-dependent) drives Birt-Hogg-Dube kidney disease.
Abstract: The mechanistic target of rapamycin complex 1 (mTORC1) is a key metabolic hub that controls the cellular response to environmental cues by exerting its kinase activity on multiple substrates. However, whether mTORC1 responds to diverse stimuli by differentially phosphorylating specific substrates is poorly understood. Here we show that transcription factor EB (TFEB), a master regulator of lysosomal biogenesis and autophagy, is phosphorylated by mTORC1 via a substrate-specific mechanism that is mediated by Rag GTPases. Owing to this mechanism, the phosphorylation of TFEB-unlike other substrates of mTORC1, such as S6K and 4E-BP1- is strictly dependent on the amino-acid-mediated activation of RagC and RagD GTPases, but is insensitive to RHEB activity induced by growth factors. This mechanism has a crucial role in Birt-Hogg-Dube syndrome, a disorder that is caused by mutations in the RagC and RagD activator folliculin (FLCN) and is characterized by benign skin tumours, lung and kidney cysts and renal cell carcinoma. We found that constitutive activation of TFEB is the main driver of the kidney abnormalities and mTORC1 hyperactivity in a mouse model of Birt-Hogg-Dube syndrome. Accordingly, depletion of TFEB in kidneys of these mice fully rescued the disease phenotype and associated lethality, and normalized mTORC1 activity. Our findings identify a mechanism that enables differential phosphorylation of mTORC1 substrates, the dysregulation of which leads to kidney cysts and cancer."
recGWVT6500Z06nND,CAC2010,"Molecular interplay between mTOR, amyloid-beta, and Tau: effects on cognitive impairments",Caccamo A; Majumder S; Richardson A; Strong R; Oddo S,2010,Journal of Biological Chemistry,Animal,3xTg-AD transgenic mice,mTORC1; Rapamycin; Alzheimer's disease; Autophagy,C - Animal,4 - Animal Study,Yes,10.1074/jbc.M110.100420,20178983,PMC2857107,True,"Accumulation of amyloid-beta (Abeta) and Tau is an invariant feature of Alzheimer disease (AD). The upstream role of Abeta accumulation in the disease pathogenesis is widely accepted, and there is strong evidence showing that Abeta accumulation causes cognitive impairments. However, the molecular mechanisms linking Abeta to cognitive decline remain to be elucidated. Here we show that the buildup of Abeta increases the mammalian target of rapamycin (mTOR) signaling, whereas decreasing mTOR signaling reduces Abeta levels, thereby highlighting an interrelation between mTOR signaling and Abeta. The mTOR pathway plays a central role in controlling protein homeostasis and hence, neuronal functions; indeed mTOR signaling regulates different forms of learning and memory. Using an animal model of AD, we show that pharmacologically restoring mTOR signaling with rapamycin rescues cognitive deficits and ameliorates Abeta and Tau pathology by increasing autophagy. Indeed, we further show that autophagy induction is necessary for the rapamycin-mediated reduction in Abeta levels. The results presented here provide a molecular basis for the Abeta-induced cognitive deficits and, moreover, show that rapamycin, an FDA approved drug, improves learning and memory and reduces Abeta and Tau pathology.","Revealed a vicious cycle: amyloid-beta RAISES mTOR activity, and high mTOR in turn blocks the autophagy needed to clear amyloid and tau - so the disease feeds itself. Rapamycin broke the loop in 3xTg-AD mice, rescuing memory and lowering BOTH amyloid and tau, with autophagy shown to be required for the effect.","Molecular interplay between mTOR, amyloid-beta, and Tau: effects on cognitive impairments
Key finding: Revealed a vicious cycle: amyloid-beta RAISES mTOR activity, and high mTOR in turn blocks the autophagy needed to clear amyloid and tau - so the disease feeds itself. Rapamycin broke the loop in 3xTg-AD mice, rescuing memory and lowering BOTH amyloid and tau, with autophagy shown to be required for the effect.
Abstract: Accumulation of amyloid-beta (Abeta) and Tau is an invariant feature of Alzheimer disease (AD). The upstream role of Abeta accumulation in the disease pathogenesis is widely accepted, and there is strong evidence showing that Abeta accumulation causes cognitive impairments. However, the molecular mechanisms linking Abeta to cognitive decline remain to be elucidated. Here we show that the buildup of Abeta increases the mammalian target of rapamycin (mTOR) signaling, whereas decreasing mTOR signaling reduces Abeta levels, thereby highlighting an interrelation between mTOR signaling and Abeta. The mTOR pathway plays a central role in controlling protein homeostasis and hence, neuronal functions; indeed mTOR signaling regulates different forms of learning and memory. Using an animal model of AD, we show that pharmacologically restoring mTOR signaling with rapamycin rescues cognitive deficits and ameliorates Abeta and Tau pathology by increasing autophagy. Indeed, we further show that autophagy induction is necessary for the rapamycin-mediated reduction in Abeta levels. The results presented here provide a molecular basis for the Abeta-induced cognitive deficits and, moreover, show that rapamycin, an FDA approved drug, improves learning and memory and reduces Abeta and Tau pathology."
recGg3pUB0xp9EGfi,BIS2013,"Everolimus for angiomyolipoma associated with tuberous sclerosis complex or sporadic lymphangioleiomyomatosis (EXIST-2): a multicentre, randomised, double-blind, placebo-controlled trial",Bissler JJ; Kingswood JC; Radzikowska E; Zonnenberg BA; Frost M; et al.; Budde K,2013,Lancet,Human,"Humans, phase 3 RCT (n=118, TSC/LAM)",Everolimus; Tuberous sclerosis complex; Lymphangioleiomyomatosis; mTORC1,B - Human,2 - Human Clinical Trial,Yes,10.1016/S0140-6736(12)61767-X,,,False,"Angiomyolipomas are slow-growing tumours associated with constitutive activation of mammalian target of rapamycin (mTOR), and are common in patients with tuberous sclerosis complex and sporadic lymphangioleiomyomatosis. The insidious growth of these tumours predisposes patients to serious complications including retroperitoneal haemorrhage and impaired renal function. Everolimus, a rapamycin derivative, inhibits the mTOR pathway by acting on the mTOR complex 1. We compared the angiomyolipoma response rate on everolimus with placebo in patients with tuberous sclerosis or sporadic lymphanioleiomyomatosis-associated angiomyolipomata.

In this double-blind, placebo-controlled, phase 3 trial, patients aged 18 years or older with at least one angiomyolipoma 3 cm or larger in its longest diameter (defined by radiological assessment) and a definite diagnosis of tuberous sclerosis or sporadic lymphangioleiomyomatosis were randomly assigned, in a 2:1 fashion with the use of an interactive web response system, to receive oral everolimus 10 mg per day or placebo. The primary efficacy endpoint was the proportion of patients with confirmed angiomyolipoma response of at least a 50% reduction in total volume of target angiomyolipomas relative to baseline. This study is registered with ClinicalTrials.gov number NCT00790400.

118 patients (median age 31·0 years; IQR 18·0–61·0) from 24 centres in 11 countries were randomly assigned to receive everolimus (n=79) or placebo (n=39). At the data cutoff, double-blind treatment was ongoing for 98 patients; two main reasons for discontination were disease progression (nine placebo patients) followed by adverse events (two everolimus patients; four placebo patients). The angiomyolipoma response rate was 42% (33 of 79 [95% CI 31–53%]) for everolimus and 0% (0 of 39 [0–9%]) for placebo (response rate difference 42% [24–58%]; one-sided Cochran-Mantel-Haenszel test p<0·0001). The most common adverse events in the everolimus and placebo groups were stomatitis (48% [38 of 79], 8% [3 of 39], respectively), nasopharyngitis (24% [19 of 79] and 31% [12 of 39]), and acne-like skin lesions (22% [17 of 79] and 5% [2 of 39]).

Everolimus reduced angiomyolipoma volume with an acceptable safety profile, suggesting it could be a potential treatment for angiomyolipomas associated with tuberous sclerosis.

Novartis Pharmaceuticals.","The companion phase 3 RCT (n=118) to EXIST-1, targeting kidney tumors (angiomyolipomas) in tuberous sclerosis and LAM. Everolimus shrank them by >=50% in 42% of patients versus 0% on placebo. Together EXIST-1 and -2 sealed everolimus as a disease-modifying therapy across multiple TSC tumor types.","Everolimus for angiomyolipoma associated with tuberous sclerosis complex or sporadic lymphangioleiomyomatosis (EXIST-2): a multicentre, randomised, double-blind, placebo-controlled trial
Key finding: The companion phase 3 RCT (n=118) to EXIST-1, targeting kidney tumors (angiomyolipomas) in tuberous sclerosis and LAM. Everolimus shrank them by >=50% in 42% of patients versus 0% on placebo. Together EXIST-1 and -2 sealed everolimus as a disease-modifying therapy across multiple TSC tumor types.
Abstract: Angiomyolipomas are slow-growing tumours associated with constitutive activation of mammalian target of rapamycin (mTOR), and are common in patients with tuberous sclerosis complex and sporadic lymphangioleiomyomatosis. The insidious growth of these tumours predisposes patients to serious complications including retroperitoneal haemorrhage and impaired renal function. Everolimus, a rapamycin derivative, inhibits the mTOR pathway by acting on the mTOR complex 1. We compared the angiomyolipoma response rate on everolimus with placebo in patients with tuberous sclerosis or sporadic lymphanioleiomyomatosis-associated angiomyolipomata.

In this double-blind, placebo-controlled, phase 3 trial, patients aged 18 years or older with at least one angiomyolipoma 3 cm or larger in its longest diameter (defined by radiological assessment) and a definite diagnosis of tuberous sclerosis or sporadic lymphangioleiomyomatosis were randomly assigned, in a 2:1 fashion with the use of an interactive web response system, to receive oral everolimus 10 mg per day or placebo. The primary efficacy endpoint was the proportion of patients with confirmed angiomyolipoma response of at least a 50% reduction in total volume of target angiomyolipomas relative to baseline. This study is registered with ClinicalTrials.gov number NCT00790400.

118 patients (median age 31·0 years; IQR 18·0–61·0) from 24 centres in 11 countries were randomly assigned to receive everolimus (n=79) or placebo (n=39). At the data cutoff, double-blind treatment was ongoing for 98 patients; two main reasons for discontination were disease progression (nine placebo patients) followed by adverse events (two everolimus patients; four placebo patients). The angiomyolipoma response rate was 42% (33 of 79 [95% CI 31–53%]) for everolimus and 0% (0 of 39 [0–9%]) for placebo (response rate difference 42% [24–58%]; one-sided Cochran-Mantel-Haenszel test p<0·0001). The most common adverse events in the everolimus and placebo groups were stomatitis (48% [38 of 79], 8% [3 of 39], respectively), nasopharyngitis (24% [19 of 79] and 31% [12 of 39]), and acne-like skin lesions (22% [17 of 79] and 5% [2 of 39]).

Everolimus reduced angiomyolipoma volume with an acceptable safety profile, suggesting it could be a potential treatment for angiomyolipomas associated with tuberous sclerosis.

Novartis Pharmaceuticals."
recGwQvnNVerX3VbX,MOS2018,mTOR signalling and cellular metabolism are mutual determinants in cancer,Mossmann D; Hall MN et al.,2018,Nature reviews. Cancer,Review,Review,"mTOR, cancer metabolism",D - Mechanistic/Review,Narrative Review,Yes,10.1038/s41568-018-0074-8,,,False,"Oncogenic signalling and metabolic alterations are interrelated in cancer cells. mTOR, which is frequently activated in cancer, controls cell growth and metabolism. mTOR signalling regulates amino acid, glucose, nucleotide, fatty acid and lipid metabolism. Conversely, metabolic inputs, such as amino acids, activate mTOR. In this Review, we discuss how mTOR signalling rewires cancer cell metabolism and delineate how changes in metabolism, in turn, sustain mTOR signalling and tumorigenicity. Several drugs are being developed to perturb cancer cell metabolism. However, their efficacy as stand-alone therapies, similar to mTOR inhibitors, is limited. Here, we discuss how the interdependence of mTOR signalling and metabolism can be exploited for cancer therapy.",Review of mTOR and cellular metabolism as mutual determinants in cancer.,"mTOR signalling and cellular metabolism are mutual determinants in cancer
Key finding: Review of mTOR and cellular metabolism as mutual determinants in cancer.
Abstract: Oncogenic signalling and metabolic alterations are interrelated in cancer cells. mTOR, which is frequently activated in cancer, controls cell growth and metabolism. mTOR signalling regulates amino acid, glucose, nucleotide, fatty acid and lipid metabolism. Conversely, metabolic inputs, such as amino acids, activate mTOR. In this Review, we discuss how mTOR signalling rewires cancer cell metabolism and delineate how changes in metabolism, in turn, sustain mTOR signalling and tumorigenicity. Several drugs are being developed to perturb cancer cell metabolism. However, their efficacy as stand-alone therapies, similar to mTOR inhibitors, is limited. Here, we discuss how the interdependence of mTOR signalling and metabolism can be exploited for cancer therapy."
recHD2Mi3UWbYDwbD,BETZ2013,Where is mTOR and what is it doing there?,Betz C; Hall MN et al.,2013,The Journal of cell biology,Review,Review,"mTOR, subcellular localization",D - Mechanistic/Review,Narrative Review,Yes,10.1083/jcb.201306041,24385483,PMC3840941,True,"Target of rapamycin (TOR) forms two conserved, structurally distinct kinase complexes termed TOR complex 1 (TORC1) and TORC2. Each complex phosphorylates a different set of substrates to regulate cell growth. In mammals, mTOR is stimulated by nutrients and growth factors and inhibited by stress to ensure that cells grow only during favorable conditions. Studies in different organisms have reported localization of TOR to several distinct subcellular compartments. Notably, the finding that mTORC1 is localized to the lysosome has significantly enhanced our understanding of mTORC1 regulation. Subcellular localization may be a general principle used by TOR to enact precise spatial and temporal control of cell growth.",Review of where mTOR localizes and its compartmentalized functions.,"Where is mTOR and what is it doing there?
Key finding: Review of where mTOR localizes and its compartmentalized functions.
Abstract: Target of rapamycin (TOR) forms two conserved, structurally distinct kinase complexes termed TOR complex 1 (TORC1) and TORC2. Each complex phosphorylates a different set of substrates to regulate cell growth. In mammals, mTOR is stimulated by nutrients and growth factors and inhibited by stress to ensure that cells grow only during favorable conditions. Studies in different organisms have reported localization of TOR to several distinct subcellular compartments. Notably, the finding that mTORC1 is localized to the lysosome has significantly enhanced our understanding of mTORC1 regulation. Subcellular localization may be a general principle used by TOR to enact precise spatial and temporal control of cell growth."
recIOrm98bWqLcjJU,HARA2002,"Raptor, a binding partner of target of rapamycin (TOR), mediates TOR action",Hara K; Maruki Y; Long X; Yoshino K; Oshiro N; Hidayat S; Tokunaga C; Avruch J; Yonezawa K,2002,Cell,Mechanism,Human cells + C. elegans RNAi,mTORC1; Raptor; mTOR; S6K1,D - Mechanistic/Review,5 - Mechanistic / In Vitro,Yes,10.1016/s0092-8674(02)00833-4,,,False,"mTOR controls cell growth, in part by regulating p70 S6 kinase alpha (p70alpha) and eukaryotic initiation factor 4E binding protein 1 (4EBP1). Raptor is a 150 kDa mTOR binding protein that also binds 4EBP1 and p70alpha. The binding of raptor to mTOR is necessary for the mTOR-catalyzed phosphorylation of 4EBP1 in vitro, and it strongly enhances the mTOR kinase activity toward p70alpha. Rapamycin or amino acid withdrawal increases, whereas insulin strongly inhibits, the recovery of 4EBP1 and raptor on 7-methyl-GTP Sepharose. Partial inhibition of raptor expression by RNA interference (RNAi) reduces mTOR-catalyzed 4EBP1 phosphorylation in vitro. RNAi of C. elegans raptor yields an array of phenotypes that closely resemble those produced by inactivation of Ce-TOR. Thus, raptor is an essential scaffold for the mTOR-catalyzed phosphorylation of 4EBP1 and mediates TOR action in vivo.","Independent co-discovery of Raptor (same issue of Cell as Kim 2002). Showed Raptor is essential for mTOR to phosphorylate 4E-BP1 and S6K1, and that knocking it down in worms mimics loss of TOR - confirming Raptor as a core, conserved mediator of TOR action.","Raptor, a binding partner of target of rapamycin (TOR), mediates TOR action
Key finding: Independent co-discovery of Raptor (same issue of Cell as Kim 2002). Showed Raptor is essential for mTOR to phosphorylate 4E-BP1 and S6K1, and that knocking it down in worms mimics loss of TOR - confirming Raptor as a core, conserved mediator of TOR action.
Abstract: mTOR controls cell growth, in part by regulating p70 S6 kinase alpha (p70alpha) and eukaryotic initiation factor 4E binding protein 1 (4EBP1). Raptor is a 150 kDa mTOR binding protein that also binds 4EBP1 and p70alpha. The binding of raptor to mTOR is necessary for the mTOR-catalyzed phosphorylation of 4EBP1 in vitro, and it strongly enhances the mTOR kinase activity toward p70alpha. Rapamycin or amino acid withdrawal increases, whereas insulin strongly inhibits, the recovery of 4EBP1 and raptor on 7-methyl-GTP Sepharose. Partial inhibition of raptor expression by RNA interference (RNAi) reduces mTOR-catalyzed 4EBP1 phosphorylation in vitro. RNAi of C. elegans raptor yields an array of phenotypes that closely resemble those produced by inactivation of Ce-TOR. Thus, raptor is an essential scaffold for the mTOR-catalyzed phosphorylation of 4EBP1 and mediates TOR action in vivo."
recIXjF7nNjumpvaO,ZEN2013,mTORC1 couples immune signals and metabolic programming to establish T(reg)-cell function,Zeng H; Chi H et al.,2013,Nature,Animal,Mouse,"mTORC1, Treg, metabolism",C - Animal,4 - Animal Study,Yes,10.1038/nature12297,23812589,PMC3759242,True,"The mechanistic target of rapamycin (mTOR) pathway integrates diverse environmental inputs, including immune signals and metabolic cues, to direct T-cell fate decisions. The activation of mTOR, which is the catalytic subunit of the mTORC1 and mTORC2 complexes, delivers an obligatory signal for the proper activation and differentiation of effector CD4(+) T cells, whereas in the regulatory T-cell (T(reg)) compartment, the Akt-mTOR axis is widely acknowledged as a crucial negative regulator of T(reg)-cell de novo differentiation and population expansion. However, whether mTOR signalling affects the homeostasis and function of T(reg) cells remains largely unexplored. Here we show that mTORC1 signalling is a pivotal positive determinant of T(reg)-cell function in mice. T(reg) cells have elevated steady-state mTORC1 activity compared to naive T cells. Signals through the T-cell antigen receptor (TCR) and interleukin-2 (IL-2) provide major inputs for mTORC1 activation, which in turn programs the suppressive function of T(reg) cells. Disruption of mTORC1 through Treg-specific deletion of the essential component raptor leads to a profound loss of T(reg)-cell suppressive activity in vivo and the development of a fatal early onset inflammatory disorder. Mechanistically, raptor/mTORC1 signalling in T(reg) cells promotes cholesterol and lipid metabolism, with the mevalonate pathway particularly important for coordinating T(reg)-cell proliferation and upregulation of the suppressive molecules CTLA4 and ICOS to establish Treg-cell functional competency. By contrast, mTORC1 does not directly affect the expression of Foxp3 or anti- and pro-inflammatory cytokines in T(reg) cells, suggesting a non-conventional mechanism for T(reg)-cell functional regulation. Finally, we provide evidence that mTORC1 maintains T(reg)-cell function partly through inhibiting the mTORC2 pathway. Our results demonstrate that mTORC1 acts as a fundamental rheostat in T(reg) cells to link immunological signals from TCR and IL-2 to lipogenic pathways and functional fitness, and highlight a central role of metabolic programming of T(reg)-cell suppressive activity in immune homeostasis and tolerance.",mTORC1 couples immune signals and metabolism to establish regulatory T-cell function.,"mTORC1 couples immune signals and metabolic programming to establish T(reg)-cell function
Key finding: mTORC1 couples immune signals and metabolism to establish regulatory T-cell function.
Abstract: The mechanistic target of rapamycin (mTOR) pathway integrates diverse environmental inputs, including immune signals and metabolic cues, to direct T-cell fate decisions. The activation of mTOR, which is the catalytic subunit of the mTORC1 and mTORC2 complexes, delivers an obligatory signal for the proper activation and differentiation of effector CD4(+) T cells, whereas in the regulatory T-cell (T(reg)) compartment, the Akt-mTOR axis is widely acknowledged as a crucial negative regulator of T(reg)-cell de novo differentiation and population expansion. However, whether mTOR signalling affects the homeostasis and function of T(reg) cells remains largely unexplored. Here we show that mTORC1 signalling is a pivotal positive determinant of T(reg)-cell function in mice. T(reg) cells have elevated steady-state mTORC1 activity compared to naive T cells. Signals through the T-cell antigen receptor (TCR) and interleukin-2 (IL-2) provide major inputs for mTORC1 activation, which in turn programs the suppressive function of T(reg) cells. Disruption of mTORC1 through Treg-specific deletion of the essential component raptor leads to a profound loss of T(reg)-cell suppressive activity in vivo and the development of a fatal early onset inflammatory disorder. Mechanistically, raptor/mTORC1 signalling in T(reg) cells promotes cholesterol and lipid metabolism, with the mevalonate pathway particularly important for coordinating T(reg)-cell proliferation and upregulation of the suppressive molecules CTLA4 and ICOS to establish Treg-cell functional competency. By contrast, mTORC1 does not directly affect the expression of Foxp3 or anti- and pro-inflammatory cytokines in T(reg) cells, suggesting a non-conventional mechanism for T(reg)-cell functional regulation. Finally, we provide evidence that mTORC1 maintains T(reg)-cell function partly through inhibiting the mTORC2 pathway. Our results demonstrate that mTORC1 acts as a fundamental rheostat in T(reg) cells to link immunological signals from TCR and IL-2 to lipogenic pathways and functional fitness, and highlight a central role of metabolic programming of T(reg)-cell suppressive activity in immune homeostasis and tolerance."
recJ1iFDFn9MXy4EU,ROD2011,mTOR kinase inhibition causes feedback-dependent biphasic regulation of AKT signaling,Rodrik-Outmezguine VS; Rosen N et al.,2011,Cancer discovery,Mechanism,Cancer cells,"mTOR kinase inhibitor, AKT feedback",D - Mechanistic/Review,5 - Mechanistic / In Vitro,Yes,10.1158/2159-8290.CD-11-0085,22140653,PMC3227125,True,"mTOR kinase inhibitors block mTORC1 and mTORC2 and thus do not cause the mTORC2 activation of AKT observed with rapamycin. We now show, however, that these drugs have a biphasic effect on AKT. Inhibition of mTORC2 leads to AKT serine 473 (S473) dephosphorylation and a rapid but transient inhibition of AKT T308 phosphorylation and AKT signaling. However, inhibition of mTOR kinase also relieves feedback inhibition of receptor tyrosine kinases (RTK), leading to subsequent phosphoinositide 3-kinase activation and rephosphorylation of AKT T308 sufficient to reactivate AKT activity and signaling. Thus, catalytic inhibition of mTOR kinase leads to a new steady state characterized by profound suppression of mTORC1 and accumulation of activated AKT phosphorylated on T308, but not S473. Combined inhibition of mTOR kinase and the induced RTKs fully abolishes AKT signaling and results in substantial cell death and tumor regression in vivo. These findings reveal the adaptive capabilities of oncogenic signaling networks and the limitations of monotherapy for inhibiting feedback-regulated pathways.","mTOR kinase inhibition triggers feedback-dependent biphasic AKT reactivation, informing resistance.","mTOR kinase inhibition causes feedback-dependent biphasic regulation of AKT signaling
Key finding: mTOR kinase inhibition triggers feedback-dependent biphasic AKT reactivation, informing resistance.
Abstract: mTOR kinase inhibitors block mTORC1 and mTORC2 and thus do not cause the mTORC2 activation of AKT observed with rapamycin. We now show, however, that these drugs have a biphasic effect on AKT. Inhibition of mTORC2 leads to AKT serine 473 (S473) dephosphorylation and a rapid but transient inhibition of AKT T308 phosphorylation and AKT signaling. However, inhibition of mTOR kinase also relieves feedback inhibition of receptor tyrosine kinases (RTK), leading to subsequent phosphoinositide 3-kinase activation and rephosphorylation of AKT T308 sufficient to reactivate AKT activity and signaling. Thus, catalytic inhibition of mTOR kinase leads to a new steady state characterized by profound suppression of mTORC1 and accumulation of activated AKT phosphorylated on T308, but not S473. Combined inhibition of mTOR kinase and the induced RTKs fully abolishes AKT signaling and results in substantial cell death and tumor regression in vivo. These findings reveal the adaptive capabilities of oncogenic signaling networks and the limitations of monotherapy for inhibiting feedback-regulated pathways."
recJmO1DtlsWNssVH,VAL2017,mTORC1 Couples Nucleotide Synthesis to Nucleotide Demand Resulting in a Targetable Metabolic Vulnerability,Valvezan AJ; Manning BD et al.,2017,Cancer cell,Mechanism,Cancer cells; tumor,"mTORC1, nucleotide synthesis, replication stress",D - Mechanistic/Review,5 - Mechanistic / In Vitro,Yes,10.1016/j.ccell.2017.09.013,29056426,PMC5687294,True,"The mechanistic target of rapamycin complex 1 (mTORC1) supports proliferation through parallel induction of key anabolic processes, including protein, lipid, and nucleotide synthesis. We hypothesized that these processes are coupled to maintain anabolic balance in cells with mTORC1 activation, a common event in human cancers. Loss of the tuberous sclerosis complex (TSC) tumor suppressors results in activation of mTORC1 and development of the tumor syndrome TSC. We find that pharmacological inhibitors of guanylate nucleotide synthesis have selective deleterious effects on TSC-deficient cells, including in mouse tumor models. This effect stems from replication stress and DNA damage caused by mTORC1-driven rRNA synthesis, which renders nucleotide pools limiting. These findings reveal a metabolic vulnerability downstream of mTORC1 triggered by anabolic imbalance.",Hyperactive mTORC1 couples nucleotide synthesis to demand; imbalance causes replication stress.,"mTORC1 Couples Nucleotide Synthesis to Nucleotide Demand Resulting in a Targetable Metabolic Vulnerability
Key finding: Hyperactive mTORC1 couples nucleotide synthesis to demand; imbalance causes replication stress.
Abstract: The mechanistic target of rapamycin complex 1 (mTORC1) supports proliferation through parallel induction of key anabolic processes, including protein, lipid, and nucleotide synthesis. We hypothesized that these processes are coupled to maintain anabolic balance in cells with mTORC1 activation, a common event in human cancers. Loss of the tuberous sclerosis complex (TSC) tumor suppressors results in activation of mTORC1 and development of the tumor syndrome TSC. We find that pharmacological inhibitors of guanylate nucleotide synthesis have selective deleterious effects on TSC-deficient cells, including in mouse tumor models. This effect stems from replication stress and DNA damage caused by mTORC1-driven rRNA synthesis, which renders nucleotide pools limiting. These findings reveal a metabolic vulnerability downstream of mTORC1 triggered by anabolic imbalance."
recL72MDx8Pac2vzE,KEN2016,The Mechanistic Target of Rapamycin: The Grand ConducTOR of Metabolism and Aging,Kennedy BK; Lamming DW,2016,Cell Metabolism,Review,Review (metabolism/aging),mTORC1; Longevity; Insulin resistance,D - Mechanistic/Review,Narrative Review,Yes,10.1016/j.cmet.2016.05.009,27304501,PMC4910876,True,"Since the discovery that rapamycin, a small molecule inhibitor of the protein kinase mTOR (mechanistic target of rapamycin), can extend the lifespan of model organisms including mice, interest in understanding the physiological role and molecular targets of this pathway has surged. While mTOR was already well known as a regulator of growth and protein translation, it is now clear that mTOR functions as a central coordinator of organismal metabolism in response to both environmental and hormonal signals. This review discusses recent developments in our understanding of how mTOR signaling is regulated by nutrients and the role of the mTOR signaling pathway in key metabolic tissues. Finally, we discuss the molecular basis for the negative metabolic side effects associated with rapamycin treatment, which may serve as barriers to the adoption of rapamycin or similar compounds for the treatment of diseases of aging and metabolism.","A Cell Metabolism review framing mTOR as the 'grand conductor' that coordinates whole-body metabolism, tissue by tissue. Especially valuable for its clear-eyed section on WHY rapamycin causes metabolic side effects (the mTORC2 problem) - which is the main barrier to using it against aging. Pairs perfectly with Lamming's own 2012 mechanism paper.","The Mechanistic Target of Rapamycin: The Grand ConducTOR of Metabolism and Aging
Key finding: A Cell Metabolism review framing mTOR as the 'grand conductor' that coordinates whole-body metabolism, tissue by tissue. Especially valuable for its clear-eyed section on WHY rapamycin causes metabolic side effects (the mTORC2 problem) - which is the main barrier to using it against aging. Pairs perfectly with Lamming's own 2012 mechanism paper.
Abstract: Since the discovery that rapamycin, a small molecule inhibitor of the protein kinase mTOR (mechanistic target of rapamycin), can extend the lifespan of model organisms including mice, interest in understanding the physiological role and molecular targets of this pathway has surged. While mTOR was already well known as a regulator of growth and protein translation, it is now clear that mTOR functions as a central coordinator of organismal metabolism in response to both environmental and hormonal signals. This review discusses recent developments in our understanding of how mTOR signaling is regulated by nutrients and the role of the mTOR signaling pathway in key metabolic tissues. Finally, we discuss the molecular basis for the negative metabolic side effects associated with rapamycin treatment, which may serve as barriers to the adoption of rapamycin or similar compounds for the treatment of diseases of aging and metabolism."
recL7zCLxk49IppTI,HAL2012,Chronic inhibition of mTOR by rapamycin modulates cognitive and non-cognitive components of behavior throughout lifespan in mice,Halloran J; Hussong SA; Burbank R; Podlutskaya N; Fischer KE; et al.; Galvan V,2012,Neuroscience,Animal,C57BL/6 mice (lifespan behavior study),Rapamycin; mTORC1; Cognition; Longevity,C - Animal,4 - Animal Study,Yes,10.1016/j.neuroscience.2012.06.054,22750207,PMC3454865,True,"Aging is, by far, the greatest risk factor for most neurodegenerative diseases. In non-diseased conditions, normal aging can also be associated with declines in cognitive function that significantly affect quality of life in the elderly. It was recently shown that inhibition of Mammalian TOR (mTOR) activity in mice by chronic rapamycin treatment extends lifespan, possibly by delaying aging {Harrison, 2009 #4}{Miller, 2011 #168}. To explore the effect of chronic rapamycin treatment on normal brain aging we determined cognitive and non-cognitive components of behavior throughout lifespan in male and female C57BL/6 mice that were fed control- or rapamycin-supplemented chow. Our studies show that rapamycin enhances cognitive function in young adult mice and blocks age-associated cognitive decline in older animals. In addition, mice fed with rapamycin-supplemented chow showed decreased anxiety and depressive-like behavior at all ages tested. Levels of three major monoamines (norepinephrine, dopamine and 5-hydroxytryptamine) and their metabolites (3,4-dihydroxyphenylacetic acid, homovanillic acid, and 5-hydroxyindolacetic acid) were significantly augmented in midbrain of rapamycin-treated mice compared to controls. Our results suggest that chronic, partial inhibition of mTOR by oral rapamycin enhances learning and memory in young adults, maintains memory in old C57BL/6J mice, and has concomitant anxiolytic and antidepressant-like effects, possibly by stimulating major monoamine pathways in brain.","Asked whether the lifespan-extending dose of rapamycin harms or helps the aging BRAIN. Reassuringly, it enhanced learning and memory in young mice, prevented age-related cognitive decline in old ones, and even reduced anxiety and depression-like behavior - linked to boosted brain monoamines. Cognitive benefit, not cost.","Chronic inhibition of mTOR by rapamycin modulates cognitive and non-cognitive components of behavior throughout lifespan in mice
Key finding: Asked whether the lifespan-extending dose of rapamycin harms or helps the aging BRAIN. Reassuringly, it enhanced learning and memory in young mice, prevented age-related cognitive decline in old ones, and even reduced anxiety and depression-like behavior - linked to boosted brain monoamines. Cognitive benefit, not cost.
Abstract: Aging is, by far, the greatest risk factor for most neurodegenerative diseases. In non-diseased conditions, normal aging can also be associated with declines in cognitive function that significantly affect quality of life in the elderly. It was recently shown that inhibition of Mammalian TOR (mTOR) activity in mice by chronic rapamycin treatment extends lifespan, possibly by delaying aging {Harrison, 2009 #4}{Miller, 2011 #168}. To explore the effect of chronic rapamycin treatment on normal brain aging we determined cognitive and non-cognitive components of behavior throughout lifespan in male and female C57BL/6 mice that were fed control- or rapamycin-supplemented chow. Our studies show that rapamycin enhances cognitive function in young adult mice and blocks age-associated cognitive decline in older animals. In addition, mice fed with rapamycin-supplemented chow showed decreased anxiety and depressive-like behavior at all ages tested. Levels of three major monoamines (norepinephrine, dopamine and 5-hydroxytryptamine) and their metabolites (3,4-dihydroxyphenylacetic acid, homovanillic acid, and 5-hydroxyindolacetic acid) were significantly augmented in midbrain of rapamycin-treated mice compared to controls. Our results suggest that chronic, partial inhibition of mTOR by oral rapamycin enhances learning and memory in young adults, maintains memory in old C57BL/6J mice, and has concomitant anxiolytic and antidepressant-like effects, possibly by stimulating major monoamine pathways in brain."
recLNhCvlOk7ZjEKG,LAP2012,mTOR signaling in growth control and disease,Laplante M; Sabatini DM,2012,Cell,Review,Review (comprehensive),mTORC1; mTORC2; Longevity,D - Mechanistic/Review,Narrative Review,Yes,10.1016/j.cell.2012.03.017,22500797,PMC3331679,True,"The mechanistic target of rapamycin (mTOR) signaling pathway senses and integrates a variety of environmental cues to regulate organismal growth and homeostasis. The pathway regulates many major cellular processes and is implicated in an increasing number of pathological conditions, including cancer, obesity, type 2 diabetes, and neurodegeneration. Here, we review recent advances in our understanding of the mTOR pathway and its role in health, disease, and aging. We further discuss pharmacological approaches to treat human pathologies linked to mTOR deregulation.","The classic 2012 Cell review that became the standard reference for mTOR signaling. Comprehensive yet readable synthesis of how mTOR integrates environmental cues to control growth, and how its deregulation drives cancer, obesity, diabetes and neurodegeneration. A perfect companion to the newer 2020 review.","mTOR signaling in growth control and disease
Key finding: The classic 2012 Cell review that became the standard reference for mTOR signaling. Comprehensive yet readable synthesis of how mTOR integrates environmental cues to control growth, and how its deregulation drives cancer, obesity, diabetes and neurodegeneration. A perfect companion to the newer 2020 review.
Abstract: The mechanistic target of rapamycin (mTOR) signaling pathway senses and integrates a variety of environmental cues to regulate organismal growth and homeostasis. The pathway regulates many major cellular processes and is implicated in an increasing number of pathological conditions, including cancer, obesity, type 2 diabetes, and neurodegeneration. Here, we review recent advances in our understanding of the mTOR pathway and its role in health, disease, and aging. We further discuss pharmacological approaches to treat human pathologies linked to mTOR deregulation."
recMdXH3k2eLM8dxk,POL2008,Adipose-specific knockout of raptor results in lean mice with enhanced mitochondrial respiration,Polak P; Hall MN et al.,2008,Cell metabolism,Animal,Mouse (adipose raptor KO),"raptor, mTORC1, adipose",C - Animal,4 - Animal Study,Yes,10.1016/j.cmet.2008.09.003,,,False,"raptor is a specific and essential component of mammalian TOR complex 1 (mTORC1), a key regulator of cell growth and metabolism. To investigate a role of adipose mTORC1 in regulation of adipose and whole-body metabolism, we generated mice with an adipose-specific knockout of raptor (raptor(ad-/-)). Compared to control littermates, raptor(ad-/-) mice had substantially less adipose tissue, were protected against diet-induced obesity and hypercholesterolemia, and exhibited improved insulin sensitivity. Leanness was in spite of reduced physical activity and unaffected caloric intake, lipolysis, and absorption of lipids from the food. White adipose tissue of raptor(ad-/-) mice displayed enhanced expression of genes encoding mitochondrial uncoupling proteins characteristic of brown fat. Leanness of the raptor(ad-/-) mice was attributed to elevated energy expenditure due to mitochondrial uncoupling. These results suggest that adipose mTORC1 is a regulator of adipose metabolism and, thereby, controls whole-body energy homeostasis.","Adipose raptor knockout yields lean, metabolically protected mice, revealing mTORC1's role in fat metabolism.","Adipose-specific knockout of raptor results in lean mice with enhanced mitochondrial respiration
Key finding: Adipose raptor knockout yields lean, metabolically protected mice, revealing mTORC1's role in fat metabolism.
Abstract: raptor is a specific and essential component of mammalian TOR complex 1 (mTORC1), a key regulator of cell growth and metabolism. To investigate a role of adipose mTORC1 in regulation of adipose and whole-body metabolism, we generated mice with an adipose-specific knockout of raptor (raptor(ad-/-)). Compared to control littermates, raptor(ad-/-) mice had substantially less adipose tissue, were protected against diet-induced obesity and hypercholesterolemia, and exhibited improved insulin sensitivity. Leanness was in spite of reduced physical activity and unaffected caloric intake, lipolysis, and absorption of lipids from the food. White adipose tissue of raptor(ad-/-) mice displayed enhanced expression of genes encoding mitochondrial uncoupling proteins characteristic of brown fat. Leanness of the raptor(ad-/-) mice was attributed to elevated energy expenditure due to mitochondrial uncoupling. These results suggest that adipose mTORC1 is a regulator of adipose metabolism and, thereby, controls whole-body energy homeostasis."
recMh0ojhRrjY0hJt,KIM2008,Regulation of TORC1 by Rag GTPases in nutrient response,Kim E; Guan KL et al.,2008,Nature cell biology,Mechanism,Mammalian cells,"Rag GTPases, TORC1, amino acids",D - Mechanistic/Review,5 - Mechanistic / In Vitro,Yes,10.1038/ncb1753,18604198,PMC2711503,True,"TORC1 (target of rapamycin complex 1) has a crucial role in the regulation of cell growth and size. A wide range of signals, including amino acids, is known to activate TORC1. Here, we report the identification of Rag GTPases as activators of TORC1 in response to amino acid signals. Knockdown of Rag gene expression suppressed the stimulatory effect of amino acids on TORC1 in Drosophila melanogaster S2 cells. Expression of constitutively active (GTP-bound) Rag in mammalian cells activated TORC1 in the absence of amino acids, whereas expression of dominant-negative Rag blocked the stimulatory effects of amino acids on TORC1. Genetic studies in Drosophila also show that Rag GTPases regulate cell growth, autophagy and animal viability during starvation. Our studies establish a function of Rag GTPases in TORC1 activation in response to amino acid signals.",Rag GTPases mediate amino-acid signalling to TORC1 (parallel discovery to Sancak 2008).,"Regulation of TORC1 by Rag GTPases in nutrient response
Key finding: Rag GTPases mediate amino-acid signalling to TORC1 (parallel discovery to Sancak 2008).
Abstract: TORC1 (target of rapamycin complex 1) has a crucial role in the regulation of cell growth and size. A wide range of signals, including amino acids, is known to activate TORC1. Here, we report the identification of Rag GTPases as activators of TORC1 in response to amino acid signals. Knockdown of Rag gene expression suppressed the stimulatory effect of amino acids on TORC1 in Drosophila melanogaster S2 cells. Expression of constitutively active (GTP-bound) Rag in mammalian cells activated TORC1 in the absence of amino acids, whereas expression of dominant-negative Rag blocked the stimulatory effects of amino acids on TORC1. Genetic studies in Drosophila also show that Rag GTPases regulate cell growth, autophagy and animal viability during starvation. Our studies establish a function of Rag GTPases in TORC1 activation in response to amino acid signals."
recMpGYs4HOk9nE6p,GUE2006,"Ablation in mice of the mTORC components raptor, rictor, or mLST8 reveals that mTORC2 is required for signaling to Akt-FOXO and PKCalpha, but not S6K1",Guertin DA; Stevens DM; Thoreen CC; Burds AA; Kalaany NY; Moffat J; Brown M; Fitzgerald KJ; Sabatini DM,2006,Developmental Cell,Mechanism,Knockout mice (raptor/rictor/mLST8),mTORC1; mTORC2; Raptor; Rictor; mLST8; Akt/PKB,D - Mechanistic/Review,5 - Mechanistic / In Vitro,Yes,10.1016/j.devcel.2006.10.007,,,False,"The mTOR kinase controls cell growth, proliferation, and survival through two distinct multiprotein complexes, mTORC1 and mTORC2. mTOR and mLST8 are in both complexes, while raptor and rictor are part of only mTORC1 and mTORC2, respectively. To investigate mTORC1 and mTORC2 function in vivo, we generated mice deficient for raptor, rictor, or mLST8. Like mice null for mTOR, those lacking raptor die early in development. However, mLST8 null embryos survive until e10.5 and resemble embryos missing rictor. mLST8 is necessary to maintain the rictor-mTOR, but not the raptor-mTOR, interaction, and both mLST8 and rictor are required for the hydrophobic motif phosphorylation of Akt/PKB and PKCalpha, but not S6K1. Furthermore, insulin signaling to FOXO3, but not to TSC2 or GSK3beta, requires mLST8 and rictor. Thus, mTORC1 function is essential in early development, mLST8 is required only for mTORC2 signaling, and mTORC2 is a necessary component of the Akt-FOXO and PKCalpha pathways.",The definitive genetic 'dissection' of the two complexes in living mice. Deleting Raptor was lethal early (mTORC1 essential); deleting Rictor or mLST8 selectively knocked out mTORC2 signaling to Akt and PKCalpha but spared S6K1. This cleanly assigned jobs to each complex and proved mLST8 is an mTORC2-specific requirement.,"Ablation in mice of the mTORC components raptor, rictor, or mLST8 reveals that mTORC2 is required for signaling to Akt-FOXO and PKCalpha, but not S6K1
Key finding: The definitive genetic 'dissection' of the two complexes in living mice. Deleting Raptor was lethal early (mTORC1 essential); deleting Rictor or mLST8 selectively knocked out mTORC2 signaling to Akt and PKCalpha but spared S6K1. This cleanly assigned jobs to each complex and proved mLST8 is an mTORC2-specific requirement.
Abstract: The mTOR kinase controls cell growth, proliferation, and survival through two distinct multiprotein complexes, mTORC1 and mTORC2. mTOR and mLST8 are in both complexes, while raptor and rictor are part of only mTORC1 and mTORC2, respectively. To investigate mTORC1 and mTORC2 function in vivo, we generated mice deficient for raptor, rictor, or mLST8. Like mice null for mTOR, those lacking raptor die early in development. However, mLST8 null embryos survive until e10.5 and resemble embryos missing rictor. mLST8 is necessary to maintain the rictor-mTOR, but not the raptor-mTOR, interaction, and both mLST8 and rictor are required for the hydrophobic motif phosphorylation of Akt/PKB and PKCalpha, but not S6K1. Furthermore, insulin signaling to FOXO3, but not to TSC2 or GSK3beta, requires mLST8 and rictor. Thus, mTORC1 function is essential in early development, mLST8 is required only for mTORC2 signaling, and mTORC2 is a necessary component of the Akt-FOXO and PKCalpha pathways."
recNSgcPSqZW2DHbO,HSI2010,Genetic dissection of the oncogenic mTOR pathway reveals druggable addiction to translational control via 4EBP-eIF4E,Hsieh AC; Ruggero D et al.,2010,Cancer cell,Mechanism,Cancer cells; mouse,"4E-BP1, eIF4E, mTOR",D - Mechanistic/Review,5 - Mechanistic / In Vitro,Yes,10.1016/j.ccr.2010.01.021,20227039,PMC2901095,True,"We genetically dissect the contribution of the most prominent downstream translational components of mTOR signaling toward Akt-driven lymphomagenesis. While phosphorylation of rpS6 is dispensable for cancer formation, 4EBP-eIF4E exerts significant control over cap-dependent translation, cell growth, cancer initiation, and progression. This effect is mediated at least in part through 4EBP-dependent control of Mcl-1 expression, a key antiapoptotic protein. By using an active site inhibitor of mTOR, PP242, we show a marked therapeutic response in rapamycin-resistant tumors. The therapeutic benefit of PP242 is mediated through inhibition of mTORC1-dependent 4EBP-eIF4E hyperactivation. Thus, the 4EBP-eIF4E axis downstream of mTOR is a druggable mediator of translational control and Akt-mediated tumorigenesis that has important implications for the treatment of human cancers.",Genetic dissection shows the 4E-BP1-eIF4E axis mediates oncogenic mTOR signalling and is druggable.,"Genetic dissection of the oncogenic mTOR pathway reveals druggable addiction to translational control via 4EBP-eIF4E
Key finding: Genetic dissection shows the 4E-BP1-eIF4E axis mediates oncogenic mTOR signalling and is druggable.
Abstract: We genetically dissect the contribution of the most prominent downstream translational components of mTOR signaling toward Akt-driven lymphomagenesis. While phosphorylation of rpS6 is dispensable for cancer formation, 4EBP-eIF4E exerts significant control over cap-dependent translation, cell growth, cancer initiation, and progression. This effect is mediated at least in part through 4EBP-dependent control of Mcl-1 expression, a key antiapoptotic protein. By using an active site inhibitor of mTOR, PP242, we show a marked therapeutic response in rapamycin-resistant tumors. The therapeutic benefit of PP242 is mediated through inhibition of mTORC1-dependent 4EBP-eIF4E hyperactivation. Thus, the 4EBP-eIF4E axis downstream of mTOR is a druggable mediator of translational control and Akt-mediated tumorigenesis that has important implications for the treatment of human cancers."
recNhU2bJhIwxnWvr,GAR2003,"Insulin activation of Rheb, a mediator of mTOR/S6K/4E-BP signaling, is inhibited by TSC1 and 2",Garami A; Thomas G et al.,2003,Molecular cell,Mechanism,Drosophila & mammalian cells,"Rheb, TSC1/2, S6K, 4E-BP",D - Mechanistic/Review,5 - Mechanistic / In Vitro,Yes,10.1016/s1097-2765(03)00220-x,,,False,"Tumor suppressor genes evolved as negative effectors of mitogen and nutrient signaling pathways, such that mutations in these genes can lead to pathological states of growth. Tuberous sclerosis (TSC) is a potentially devastating disease associated with mutations in two tumor suppressor genes, TSC1 and 2, that function as a complex to suppress signaling in the mTOR/S6K/4E-BP pathway. However, the inhibitory target of TSC1/2 and the mechanism by which it acts are unknown. Here we provide evidence that TSC1/2 is a GAP for the small GTPase Rheb and that insulin-mediated Rheb activation is PI3K dependent. Moreover, Rheb overexpression induces S6K1 phosphorylation and inhibits PKB phosphorylation, as do loss-of-function mutations in TSC1/2, but contrary to earlier reports Rheb has no effect on MAPK phosphorylation. Finally, coexpression of a human TSC2 cDNA harboring a disease-associated point mutation in the GAP domain, failed to stimulate Rheb GTPase activity or block Rheb activation of S6K1.","Insulin activates Rheb-GTP, inhibited by TSC1/2, positioning Rheb as the direct upstream activator of TOR.","Insulin activation of Rheb, a mediator of mTOR/S6K/4E-BP signaling, is inhibited by TSC1 and 2
Key finding: Insulin activates Rheb-GTP, inhibited by TSC1/2, positioning Rheb as the direct upstream activator of TOR.
Abstract: Tumor suppressor genes evolved as negative effectors of mitogen and nutrient signaling pathways, such that mutations in these genes can lead to pathological states of growth. Tuberous sclerosis (TSC) is a potentially devastating disease associated with mutations in two tumor suppressor genes, TSC1 and 2, that function as a complex to suppress signaling in the mTOR/S6K/4E-BP pathway. However, the inhibitory target of TSC1/2 and the mechanism by which it acts are unknown. Here we provide evidence that TSC1/2 is a GAP for the small GTPase Rheb and that insulin-mediated Rheb activation is PI3K dependent. Moreover, Rheb overexpression induces S6K1 phosphorylation and inhibits PKB phosphorylation, as do loss-of-function mutations in TSC1/2, but contrary to earlier reports Rheb has no effect on MAPK phosphorylation. Finally, coexpression of a human TSC2 cDNA harboring a disease-associated point mutation in the GAP domain, failed to stimulate Rheb GTPase activity or block Rheb activation of S6K1."
recNp7amnYpl8XPZv,SIN2013,Control of amino-acid transport by antigen receptors coordinates the metabolic reprogramming essential for T cell differentiation,Sinclair LV; Cantrell DA et al.,2013,Nature immunology,Animal,Mouse T cells,"SLC7A5, System L, amino acids",C - Animal,4 - Animal Study,Yes,10.1038/ni.2556,23525088,PMC3672957,True,"T lymphocytes must regulate nutrient uptake to meet the metabolic demands of an immune response. Here we show that the intracellular supply of large neutral amino acids (LNAAs) in T cells was regulated by pathogens and the T cell antigen receptor (TCR). T cells responded to antigen by upregulating expression of many amino-acid transporters, but a single System L ('leucine-preferring system') transporter, Slc7a5, mediated uptake of LNAAs in activated T cells. Slc7a5-null T cells were unable to metabolically reprogram in response to antigen and did not undergo clonal expansion or effector differentiation. The metabolic catastrophe caused by loss of Slc7a5 reflected the requirement for sustained uptake of the LNAA leucine for activation of the serine-threonine kinase complex mTORC1 and for expression of the transcription factor c-Myc. Control of expression of the System L transporter by pathogens is thus a critical metabolic checkpoint for T cells.",Antigen-receptor-driven System-L (SLC7A5) amino-acid transport controls mTORC1 and T-cell differentiation.,"Control of amino-acid transport by antigen receptors coordinates the metabolic reprogramming essential for T cell differentiation
Key finding: Antigen-receptor-driven System-L (SLC7A5) amino-acid transport controls mTORC1 and T-cell differentiation.
Abstract: T lymphocytes must regulate nutrient uptake to meet the metabolic demands of an immune response. Here we show that the intracellular supply of large neutral amino acids (LNAAs) in T cells was regulated by pathogens and the T cell antigen receptor (TCR). T cells responded to antigen by upregulating expression of many amino-acid transporters, but a single System L ('leucine-preferring system') transporter, Slc7a5, mediated uptake of LNAAs in activated T cells. Slc7a5-null T cells were unable to metabolically reprogram in response to antigen and did not undergo clonal expansion or effector differentiation. The metabolic catastrophe caused by loss of Slc7a5 reflected the requirement for sustained uptake of the LNAA leucine for activation of the serine-threonine kinase complex mTORC1 and for expression of the transcription factor c-Myc. Control of expression of the System L transporter by pathogens is thus a critical metabolic checkpoint for T cells."
recNtfCh1nVbyPJvd,KRU2010,Everolimus for subependymal giant-cell astrocytomas in tuberous sclerosis,Krueger DA et al.,2010,New England Journal of Medicine,Human,"Humans, open-label trial (n=28)",Everolimus; TSC1/TSC2,B - Human,2 - Human Clinical Trial,Yes,10.1056/NEJMoa1001671,,,False,"Neurosurgical resection is the standard treatment for subependymal giant-cell astrocytomas in patients with the tuberous sclerosis complex. An alternative may be the use of everolimus, which inhibits the mammalian target of rapamycin, a protein regulated by gene products involved in the tuberous sclerosis complex.

Patients 3 years of age or older with serial growth of subependymal giant-cell astrocytomas were eligible for this open-label study. The primary efficacy end point was the change in volume of subependymal giant-cell astrocytomas between baseline and 6 months. We gave everolimus orally, at a dose of 3.0 mg per square meter of body-surface area, to achieve a trough concentration of 5 to 15 ng per milliliter.

We enrolled 28 patients. Everolimus therapy was associated with a clinically meaningful reduction in volume of the primary subependymal giant-cell astrocytoma, as assessed on independent central review (P<0.001 for baseline vs. 6 months), with a reduction of at least 30% in 21 patients (75%) and at least 50% in 9 patients (32%). Marked reductions were seen within 3 months and were sustained. There were no new lesions, worsening hydrocephalus, evidence of increased intracranial pressure, or necessity for surgical resection or other therapy for subependymal giant-cell astrocytoma. Of the 16 patients for whom 24-hour video electroencephalography data were available, seizure frequency for the 6-month study period (vs. the previous 6-month period) decreased in 9, did not change in 6, and increased in 1 (median change, -1 seizure; P=0.02). The mean (±SD) score on the validated Quality-of-Life in Childhood Epilepsy questionnaire (on which scores can range from 0 to 100, with higher scores indicating a better quality of life) was improved at 3 months (63.4±12.4) and 6 months (62.1±14.2) over the baseline score (57.8±14.0). Single cases of grade 3 treatment-related sinusitis, pneumonia, viral bronchitis, tooth infection, stomatitis, and leukopenia were reported.

Everolimus therapy was associated with marked reduction in the volume of subependymal giant-cell astrocytomas and seizure frequency and may be a potential alternative to neurosurgical resection in some cases, though long-term studies are needed. (Funded by Novartis; ClinicalTrials.gov number, NCT00411619.).","In patients whose TSC1/TSC2 mutations cause brain tumors, everolimus shrank tumor volume by 30%+ in three-quarters of patients.","Everolimus for subependymal giant-cell astrocytomas in tuberous sclerosis
Key finding: In patients whose TSC1/TSC2 mutations cause brain tumors, everolimus shrank tumor volume by 30%+ in three-quarters of patients.
Abstract: Neurosurgical resection is the standard treatment for subependymal giant-cell astrocytomas in patients with the tuberous sclerosis complex. An alternative may be the use of everolimus, which inhibits the mammalian target of rapamycin, a protein regulated by gene products involved in the tuberous sclerosis complex.

Patients 3 years of age or older with serial growth of subependymal giant-cell astrocytomas were eligible for this open-label study. The primary efficacy end point was the change in volume of subependymal giant-cell astrocytomas between baseline and 6 months. We gave everolimus orally, at a dose of 3.0 mg per square meter of body-surface area, to achieve a trough concentration of 5 to 15 ng per milliliter.

We enrolled 28 patients. Everolimus therapy was associated with a clinically meaningful reduction in volume of the primary subependymal giant-cell astrocytoma, as assessed on independent central review (P<0.001 for baseline vs. 6 months), with a reduction of at least 30% in 21 patients (75%) and at least 50% in 9 patients (32%). Marked reductions were seen within 3 months and were sustained. There were no new lesions, worsening hydrocephalus, evidence of increased intracranial pressure, or necessity for surgical resection or other therapy for subependymal giant-cell astrocytoma. Of the 16 patients for whom 24-hour video electroencephalography data were available, seizure frequency for the 6-month study period (vs. the previous 6-month period) decreased in 9, did not change in 6, and increased in 1 (median change, -1 seizure; P=0.02). The mean (±SD) score on the validated Quality-of-Life in Childhood Epilepsy questionnaire (on which scores can range from 0 to 100, with higher scores indicating a better quality of life) was improved at 3 months (63.4±12.4) and 6 months (62.1±14.2) over the baseline score (57.8±14.0). Single cases of grade 3 treatment-related sinusitis, pneumonia, viral bronchitis, tooth infection, stomatitis, and leukopenia were reported.

Everolimus therapy was associated with marked reduction in the volume of subependymal giant-cell astrocytomas and seizure frequency and may be a potential alternative to neurosurgical resection in some cases, though long-term studies are needed. (Funded by Novartis; ClinicalTrials.gov number, NCT00411619.)."
recNwZgC18LHp5vUd,SAX2016,Mechanism of arginine sensing by CASTOR1 upstream of mTORC1,Saxton RA; Sabatini DM et al.,2016,Nature,Mechanism,Structure; cells,"CASTOR1, arginine, GATOR2",D - Mechanistic/Review,5 - Mechanistic / In Vitro,Yes,10.1038/nature19079,27487210,PMC4988899,True,"The mechanistic Target of Rapamycin Complex 1 (mTORC1) is a major regulator of eukaryotic growth that coordinates anabolic and catabolic cellular processes with inputs such as growth factors and nutrients, including amino acids. In mammals arginine is particularly important, promoting diverse physiological effects such as immune cell activation, insulin secretion, and muscle growth, largely mediated through activation of mTORC1 (refs 4, 5, 6, 7). Arginine activates mTORC1 upstream of the Rag family of GTPases, through either the lysosomal amino acid transporter SLC38A9 or the GATOR2-interacting Cellular Arginine Sensor for mTORC1 (CASTOR1). However, the mechanism by which the mTORC1 pathway detects and transmits this arginine signal has been elusive. Here, we present the 1.8 A crystal structure of arginine-bound CASTOR1. Homodimeric CASTOR1 binds arginine at the interface of two Aspartate kinase, Chorismate mutase, TyrA (ACT) domains, enabling allosteric control of the adjacent GATOR2-binding site to trigger dissociation from GATOR2 and downstream activation of mTORC1. Our data reveal that CASTOR1 shares substantial structural homology with the lysine-binding regulatory domain of prokaryotic aspartate kinases, suggesting that the mTORC1 pathway exploited an ancient, amino-acid-dependent allosteric mechanism to acquire arginine sensitivity. Together, these results establish a structural basis for arginine sensing by the mTORC1 pathway and provide insights into the evolution of a mammalian nutrient sensor.",CASTOR1 is a direct arginine sensor upstream of mTORC1; structure reveals the arginine-binding mechanism.,"Mechanism of arginine sensing by CASTOR1 upstream of mTORC1
Key finding: CASTOR1 is a direct arginine sensor upstream of mTORC1; structure reveals the arginine-binding mechanism.
Abstract: The mechanistic Target of Rapamycin Complex 1 (mTORC1) is a major regulator of eukaryotic growth that coordinates anabolic and catabolic cellular processes with inputs such as growth factors and nutrients, including amino acids. In mammals arginine is particularly important, promoting diverse physiological effects such as immune cell activation, insulin secretion, and muscle growth, largely mediated through activation of mTORC1 (refs 4, 5, 6, 7). Arginine activates mTORC1 upstream of the Rag family of GTPases, through either the lysosomal amino acid transporter SLC38A9 or the GATOR2-interacting Cellular Arginine Sensor for mTORC1 (CASTOR1). However, the mechanism by which the mTORC1 pathway detects and transmits this arginine signal has been elusive. Here, we present the 1.8 A crystal structure of arginine-bound CASTOR1. Homodimeric CASTOR1 binds arginine at the interface of two Aspartate kinase, Chorismate mutase, TyrA (ACT) domains, enabling allosteric control of the adjacent GATOR2-binding site to trigger dissociation from GATOR2 and downstream activation of mTORC1. Our data reveal that CASTOR1 shares substantial structural homology with the lysine-binding regulatory domain of prokaryotic aspartate kinases, suggesting that the mTORC1 pathway exploited an ancient, amino-acid-dependent allosteric mechanism to acquire arginine sensitivity. Together, these results establish a structural basis for arginine sensing by the mTORC1 pathway and provide insights into the evolution of a mammalian nutrient sensor."
recO6rich3mCUBBT1,SAU2003,Rheb promotes cell growth as a component of the insulin/TOR signalling network,Saucedo LJ; Edgar BA et al.,2003,Nature cell biology,Mechanism,Drosophila,"Rheb, insulin/TOR",D - Mechanistic/Review,5 - Mechanistic / In Vitro,Yes,10.1038/ncb996,,,False,"Insulin signalling is a potent stimulator of cell growth and has been proposed to function, at least in part, through the conserved protein kinase TOR (target of rapamycin). Recent studies suggest that the tuberous sclerosis complex Tsc1-Tsc2 may couple insulin signalling to Tor activity. However, the regulatory mechanism involved remains unclear, and additional components are most probably involved. In a screen for novel regulators of growth, we identified Rheb (Ras homologue enriched in brain), a member of the Ras superfamily of GTP-binding proteins. Increased levels of Rheb in Drosophila melanogaster promote cell growth and alter cell cycle kinetics in multiple tissues. In mitotic tissues, overexpression of Rheb accelerates passage through G1-S phase without affecting rates of cell division, whereas in endoreplicating tissues, Rheb increases DNA ploidy. Mutation of Rheb suspends larval growth and prevents progression from first to second instar. Genetic and biochemical tests indicate that Rheb functions in the insulin signalling pathway downstream of Tsc1-Tsc2 and upstream of TOR. Levels of rheb mRNA are rapidly induced in response to protein starvation, and overexpressed Rheb can drive cell growth in starved animals, suggesting a role for Rheb in the nutritional control of cell growth.",Rheb promotes cell growth as a component of the insulin/TOR network in Drosophila.,"Rheb promotes cell growth as a component of the insulin/TOR signalling network
Key finding: Rheb promotes cell growth as a component of the insulin/TOR network in Drosophila.
Abstract: Insulin signalling is a potent stimulator of cell growth and has been proposed to function, at least in part, through the conserved protein kinase TOR (target of rapamycin). Recent studies suggest that the tuberous sclerosis complex Tsc1-Tsc2 may couple insulin signalling to Tor activity. However, the regulatory mechanism involved remains unclear, and additional components are most probably involved. In a screen for novel regulators of growth, we identified Rheb (Ras homologue enriched in brain), a member of the Ras superfamily of GTP-binding proteins. Increased levels of Rheb in Drosophila melanogaster promote cell growth and alter cell cycle kinetics in multiple tissues. In mitotic tissues, overexpression of Rheb accelerates passage through G1-S phase without affecting rates of cell division, whereas in endoreplicating tissues, Rheb increases DNA ploidy. Mutation of Rheb suspends larval growth and prevents progression from first to second instar. Genetic and biochemical tests indicate that Rheb functions in the insulin signalling pathway downstream of Tsc1-Tsc2 and upstream of TOR. Levels of rheb mRNA are rapidly induced in response to protein starvation, and overexpressed Rheb can drive cell growth in starved animals, suggesting a role for Rheb in the nutritional control of cell growth."
recOK2gDO4w87DF8w,ROM2016,Safety of two-year caloric restriction in non-obese healthy individuals,Romashkan SV; Ravussin E et al.,2016,Oncotarget,Human,"Humans, RCT (CALERIE trial, n=218)",Caloric restriction,B - Human,2 - Human Clinical Trial,Yes,10.18632/oncotarget.8093,26992237,PMC4991370,True,"The extent to which sustained caloric restriction (CR) in healthy non-obese adults is safe has not been previously investigated.

Assess the safety and tolerability of sustained two-year CR intervention in healthy, non-obese adults.

A multi-center, randomized controlled trial. Participants were randomized using a 2:1 allocation in favor of 25% CR vs. Ad-Libitum intake (AL). Adverse and serious adverse events (AE, SAE), safety laboratory tests, and other safety parameters were closely monitored.

Three participants were withdrawn from the CR intervention because of the safety concerns. No deaths and one SAE was reported by participants in the CR group. Although the difference in AE between AL and CR groups was not significant, within the CR group, the incidence of nervous system (p = 0.02), musculoskeletal (p = 0.02) and reproductive system (p = 0.002) disorders was significantly higher in the normal-weight than in the overweight participants. At months 12 and 24, bone mineral densities at the lumbar spine, total hip, and femoral neck of participants in the CR group were significantly lower than in those in the AL group.

Two-years of CR at levels achieved in CALERIE was safe and well tolerated. Close monitoring for excessive bone loss and anemia is important.","Two years of sustained 25% caloric restriction in healthy non-obese adults was safe overall, though it lowered bone density more than controls.","Safety of two-year caloric restriction in non-obese healthy individuals
Key finding: Two years of sustained 25% caloric restriction in healthy non-obese adults was safe overall, though it lowered bone density more than controls.
Abstract: The extent to which sustained caloric restriction (CR) in healthy non-obese adults is safe has not been previously investigated.

Assess the safety and tolerability of sustained two-year CR intervention in healthy, non-obese adults.

A multi-center, randomized controlled trial. Participants were randomized using a 2:1 allocation in favor of 25% CR vs. Ad-Libitum intake (AL). Adverse and serious adverse events (AE, SAE), safety laboratory tests, and other safety parameters were closely monitored.

Three participants were withdrawn from the CR intervention because of the safety concerns. No deaths and one SAE was reported by participants in the CR group. Although the difference in AE between AL and CR groups was not significant, within the CR group, the incidence of nervous system (p = 0.02), musculoskeletal (p = 0.02) and reproductive system (p = 0.002) disorders was significantly higher in the normal-weight than in the overweight participants. At months 12 and 24, bone mineral densities at the lumbar spine, total hip, and femoral neck of participants in the CR group were significantly lower than in those in the AL group.

Two-years of CR at levels achieved in CALERIE was safe and well tolerated. Close monitoring for excessive bone loss and anemia is important."
recOfPG9Bg0hDi4SA,CHU2019,"Topical rapamycin reduces markers of senescence and aging in human skin: an exploratory, prospective, randomized trial",Chung CL; Lawrence I; Hoffman M; Elgindi D; Nadhan K; et al.; Sell C,2019,GeroScience,Human,"Humans, RCT (skin, age >40; n=17 completed)",Rapamycin; Skin aging; Cellular senescence; mTORC1,B - Human,2 - Human Clinical Trial,Yes,10.1007/s11357-019-00113-y,31761958,PMC6925069,True,"Aging is a major risk factor for the majority of human diseases, and the development of interventions to reduce the intrinsic rate of aging is expected to reduce the risk for age-related diseases including cardiovascular disease, cancer, and dementia. In the skin, aging manifests itself in photodamage and dermal atrophy, with underlying tissue reduction and impaired barrier function. To determine whether rapamycin, an FDA-approved drug targeting the mechanistic target of rapamycin (mTOR) complex, can reduce senescence and markers of aging in human skin, an exploratory, placebo-controlled, interventional trial was conducted in a clinical dermatology setting. Participants were greater than 40 years of age with evidence of age-related photoaging and dermal volume loss and no major morbidities. Thirty-six participants were enrolled in the study, and nineteen discontinued or were lost to follow-up. A significant (P = 0.008) reduction in p16protein levels and an increase in collagen VII protein levels (P = 0.0077) were observed among participants at the end of the study. Clinical improvement in skin appearance was noted in multiple participants, and immunohistochemical analysis revealed improvement in histological appearance of skin tissue. Topical rapamycin reduced the expression of the p16protein consistent with a reduction in cellular senescence. This change was accompanied by relative improvement in clinical appearance of the skin and histological markers of aging and by an increase in collagen VII, which is critical to the integrity of the basement membrane. These results indicate that rapamycin treatment is a potential anti-aging therapy with efficacy in humans.Trial registration ClinicalTrials.gov Identifier: NCT03103893.","A small human trial testing whether rapamycin can slow aging in a tissue you can actually see and biopsy - skin. Topical rapamycin significantly lowered the senescence marker p16 and raised collagen VII, with visible improvement in skin appearance. Early but tangible human evidence for rapamycin as an anti-aging agent.","Topical rapamycin reduces markers of senescence and aging in human skin: an exploratory, prospective, randomized trial
Key finding: A small human trial testing whether rapamycin can slow aging in a tissue you can actually see and biopsy - skin. Topical rapamycin significantly lowered the senescence marker p16 and raised collagen VII, with visible improvement in skin appearance. Early but tangible human evidence for rapamycin as an anti-aging agent.
Abstract: Aging is a major risk factor for the majority of human diseases, and the development of interventions to reduce the intrinsic rate of aging is expected to reduce the risk for age-related diseases including cardiovascular disease, cancer, and dementia. In the skin, aging manifests itself in photodamage and dermal atrophy, with underlying tissue reduction and impaired barrier function. To determine whether rapamycin, an FDA-approved drug targeting the mechanistic target of rapamycin (mTOR) complex, can reduce senescence and markers of aging in human skin, an exploratory, placebo-controlled, interventional trial was conducted in a clinical dermatology setting. Participants were greater than 40 years of age with evidence of age-related photoaging and dermal volume loss and no major morbidities. Thirty-six participants were enrolled in the study, and nineteen discontinued or were lost to follow-up. A significant (P = 0.008) reduction in p16protein levels and an increase in collagen VII protein levels (P = 0.0077) were observed among participants at the end of the study. Clinical improvement in skin appearance was noted in multiple participants, and immunohistochemical analysis revealed improvement in histological appearance of skin tissue. Topical rapamycin reduced the expression of the p16protein consistent with a reduction in cellular senescence. This change was accompanied by relative improvement in clinical appearance of the skin and histological markers of aging and by an increase in collagen VII, which is critical to the integrity of the basement membrane. These results indicate that rapamycin treatment is a potential anti-aging therapy with efficacy in humans.Trial registration ClinicalTrials.gov Identifier: NCT03103893."
recPO5ygv2z9LGHIL,JAC2004,Mammalian TOR complex 2 controls the actin cytoskeleton and is rapamycin insensitive,Jacinto E; Hall MN et al.,2004,Nature cell biology,Mechanism,Mammalian cells,"mTORC2, rictor, actin",D - Mechanistic/Review,5 - Mechanistic / In Vitro,Yes,10.1038/ncb1183,,,False,"The target of rapamycin (TOR) is a highly conserved protein kinase and a central controller of cell growth. In budding yeast, TOR is found in structurally and functionally distinct protein complexes: TORC1 and TORC2. A mammalian counterpart of TORC1 (mTORC1) has been described, but it is not known whether TORC2 is conserved in mammals. Here, we report that a mammalian counterpart of TORC2 (mTORC2) also exists. mTORC2 contains mTOR, mLST8 and mAVO3, but not raptor. Like yeast TORC2, mTORC2 is rapamycin insensitive and seems to function upstream of Rho GTPases to regulate the actin cytoskeleton. mTORC2 is not upstream of the mTORC1 effector S6K. Thus, two distinct TOR complexes constitute a primordial signalling network conserved in eukaryotic evolution to control the fundamental process of cell growth.","mTORC2 (rictor) controls the actin cytoskeleton and is rapamycin-insensitive, defining a second mTOR complex in mammals.","Mammalian TOR complex 2 controls the actin cytoskeleton and is rapamycin insensitive
Key finding: mTORC2 (rictor) controls the actin cytoskeleton and is rapamycin-insensitive, defining a second mTOR complex in mammals.
Abstract: The target of rapamycin (TOR) is a highly conserved protein kinase and a central controller of cell growth. In budding yeast, TOR is found in structurally and functionally distinct protein complexes: TORC1 and TORC2. A mammalian counterpart of TORC1 (mTORC1) has been described, but it is not known whether TORC2 is conserved in mammals. Here, we report that a mammalian counterpart of TORC2 (mTORC2) also exists. mTORC2 contains mTOR, mLST8 and mAVO3, but not raptor. Like yeast TORC2, mTORC2 is rapamycin insensitive and seems to function upstream of Rho GTPases to regulate the actin cytoskeleton. mTORC2 is not upstream of the mTORC1 effector S6K. Thus, two distinct TOR complexes constitute a primordial signalling network conserved in eukaryotic evolution to control the fundamental process of cell growth."
recPVjN8PSFLpJZ16,ROD2016,Overcoming mTOR resistance mutations with a new-generation mTOR inhibitor,Rodrik-Outmezguine VS; Shokat KM et al.,2016,Nature,Mechanism,Cancer cells; mouse,"RapaLink-1, mTOR resistance mutations",D - Mechanistic/Review,5 - Mechanistic / In Vitro,Yes,10.1038/nature17963,27279227,PMC4902179,True,"Precision medicines exert selective pressure on tumour cells that leads to the preferential growth of resistant subpopulations, necessitating the development of next-generation therapies to treat the evolving cancer. The PIK3CA-AKT-mTOR pathway is one of the most commonly activated pathways in human cancers, which has led to the development of small-molecule inhibitors that target various nodes in the pathway. Among these agents, first-generation mTOR inhibitors (rapalogs) have caused responses in 'N-of-1' cases, and second-generation mTOR kinase inhibitors (TORKi) are currently in clinical trials. Here we sought to delineate the likely resistance mechanisms to existing mTOR inhibitors in human cell lines, as a guide for next-generation therapies. The mechanism of resistance to the TORKi was unusual in that intrinsic kinase activity of mTOR was increased, rather than a direct active-site mutation interfering with drug binding. Indeed, identical drug-resistant mutations have been also identified in drug-naive patients, suggesting that tumours with activating MTOR mutations will be intrinsically resistant to second-generation mTOR inhibitors. We report the development of a new class of mTOR inhibitors that overcomes resistance to existing first- and second-generation inhibitors. The third-generation mTOR inhibitor exploits the unique juxtaposition of two drug-binding pockets to create a bivalent interaction that allows inhibition of these resistant mutants.","RapaLink-1, a third-generation bivalent inhibitor, overcomes mTOR resistance mutations.","Overcoming mTOR resistance mutations with a new-generation mTOR inhibitor
Key finding: RapaLink-1, a third-generation bivalent inhibitor, overcomes mTOR resistance mutations.
Abstract: Precision medicines exert selective pressure on tumour cells that leads to the preferential growth of resistant subpopulations, necessitating the development of next-generation therapies to treat the evolving cancer. The PIK3CA-AKT-mTOR pathway is one of the most commonly activated pathways in human cancers, which has led to the development of small-molecule inhibitors that target various nodes in the pathway. Among these agents, first-generation mTOR inhibitors (rapalogs) have caused responses in 'N-of-1' cases, and second-generation mTOR kinase inhibitors (TORKi) are currently in clinical trials. Here we sought to delineate the likely resistance mechanisms to existing mTOR inhibitors in human cell lines, as a guide for next-generation therapies. The mechanism of resistance to the TORKi was unusual in that intrinsic kinase activity of mTOR was increased, rather than a direct active-site mutation interfering with drug binding. Indeed, identical drug-resistant mutations have been also identified in drug-naive patients, suggesting that tumours with activating MTOR mutations will be intrinsically resistant to second-generation mTOR inhibitors. We report the development of a new class of mTOR inhibitors that overcomes resistance to existing first- and second-generation inhibitors. The third-generation mTOR inhibitor exploits the unique juxtaposition of two drug-binding pockets to create a bivalent interaction that allows inhibition of these resistant mutants."
recPdg2latK4H9Maa,TSU2013,The folliculin tumor suppressor is a GAP for the RagC/D GTPases that signal amino acid levels to mTORC1,Tsun ZY; Sabatini DM et al.,2013,Molecular cell,Mechanism,Mammalian cells,"FLCN, FNIP, RagC/D, GAP",D - Mechanistic/Review,5 - Mechanistic / In Vitro,Yes,10.1016/j.molcel.2013.09.016,24095279,PMC3867817,True,"The mTORC1 kinase is a master growth regulator that senses numerous environmental cues, including amino acids. The Rag GTPases interact with mTORC1 and signal amino acid sufficiency by promoting the translocation of mTORC1 to the lysosomal surface, its site of activation. The Rags are unusual GTPases in that they function as obligate heterodimers, which consist of RagA or B bound to RagC or D. While the loading of RagA/B with GTP initiates amino acid signaling to mTORC1, the role of RagC/D is unknown. Here, we show that RagC/D is a key regulator of the interaction of mTORC1 with the Rag heterodimer and that, unexpectedly, RagC/D must be GDP bound for the interaction to occur. We identify FLCN and its binding partners, FNIP1/2, as Rag-interacting proteins with GAP activity for RagC/D, but not RagA/B. Thus, we reveal a role for RagC/D in mTORC1 activation and a molecular function for the FLCN tumor suppressor.","Folliculin is a GAP for RagC/D that signals amino-acid sufficiency, activating mTORC1 substrate binding.","The folliculin tumor suppressor is a GAP for the RagC/D GTPases that signal amino acid levels to mTORC1
Key finding: Folliculin is a GAP for RagC/D that signals amino-acid sufficiency, activating mTORC1 substrate binding.
Abstract: The mTORC1 kinase is a master growth regulator that senses numerous environmental cues, including amino acids. The Rag GTPases interact with mTORC1 and signal amino acid sufficiency by promoting the translocation of mTORC1 to the lysosomal surface, its site of activation. The Rags are unusual GTPases in that they function as obligate heterodimers, which consist of RagA or B bound to RagC or D. While the loading of RagA/B with GTP initiates amino acid signaling to mTORC1, the role of RagC/D is unknown. Here, we show that RagC/D is a key regulator of the interaction of mTORC1 with the Rag heterodimer and that, unexpectedly, RagC/D must be GDP bound for the interaction to occur. We identify FLCN and its binding partners, FNIP1/2, as Rag-interacting proteins with GAP activity for RagC/D, but not RagA/B. Thus, we reveal a role for RagC/D in mTORC1 activation and a molecular function for the FLCN tumor suppressor."
recQ8gp21NNwBerba,LEI2018,Crystal structure of arginine-bound lysosomal transporter SLC38A9 in the cytosol-open state,Lei HT; Gonen T et al.,2018,Nature structural & molecular biology,Mechanism,Structure; in vitro,"SLC38A9, arginine, transporter",D - Mechanistic/Review,5 - Mechanistic / In Vitro,Yes,10.1038/s41594-018-0072-2,29872228,PMC7346717,True,"Recent advances in understanding intracellular amino acid transport and mechanistic target of rapamycin complex 1 (mTORC1) signaling shed light on solute carrier 38, family A member 9 (SLC38A9), a lysosomal transporter responsible for the binding and translocation of several essential amino acids. Here we present the first crystal structure of SLC38A9 from Danio rerio in complex with arginine. As captured in the cytosol-open state, the bound arginine was locked in a transitional state stabilized by transmembrane helix 1 (TM1) of drSLC38A9, which was anchored at the groove between TM5 and TM7. These anchoring interactions were mediated by the highly conserved WNTMM motif in TM1, and mutations in this motif abolished arginine transport by drSLC38A9. The underlying mechanism of substrate binding is critical for sensitizing the mTORC1 signaling pathway to amino acids and for maintenance of lysosomal amino acid homeostasis. This study offers a first glimpse into a prototypical model for SLC38 transporters.",Crystal structure of arginine-bound SLC38A9 reveals the basis of lysosomal arginine sensing.,"Crystal structure of arginine-bound lysosomal transporter SLC38A9 in the cytosol-open state
Key finding: Crystal structure of arginine-bound SLC38A9 reveals the basis of lysosomal arginine sensing.
Abstract: Recent advances in understanding intracellular amino acid transport and mechanistic target of rapamycin complex 1 (mTORC1) signaling shed light on solute carrier 38, family A member 9 (SLC38A9), a lysosomal transporter responsible for the binding and translocation of several essential amino acids. Here we present the first crystal structure of SLC38A9 from Danio rerio in complex with arginine. As captured in the cytosol-open state, the bound arginine was locked in a transitional state stabilized by transmembrane helix 1 (TM1) of drSLC38A9, which was anchored at the groove between TM5 and TM7. These anchoring interactions were mediated by the highly conserved WNTMM motif in TM1, and mutations in this motif abolished arginine transport by drSLC38A9. The underlying mechanism of substrate binding is critical for sensitizing the mTORC1 signaling pathway to amino acids and for maintenance of lysosomal amino acid homeostasis. This study offers a first glimpse into a prototypical model for SLC38 transporters."
recQLsIFt85i2Z6Xk,BAS2012,Everolimus in postmenopausal hormone-receptor-positive advanced breast cancer (BOLERO-2),Baselga J; Campone M; Piccart M; Burris HA; Rugo HS; et al.; Hortobagyi GN,2012,New England Journal of Medicine,Human,"Humans, phase 3 RCT (n=724)",Everolimus; Breast cancer; mTORC1,B - Human,2 - Human Clinical Trial,Yes,10.1056/NEJMoa1109653,22149876,PMC5705195,True,"Resistance to endocrine therapy in breast cancer is associated with activation of the mammalian target of rapamycin (mTOR) intracellular signaling pathway. In early studies, the mTOR inhibitor everolimus added to endocrine therapy showed antitumor activity.

In this phase 3, randomized trial, we compared everolimus and exemestane versus exemestane and placebo (randomly assigned in a 2:1 ratio) in 724 patients with hormone-receptor-positive advanced breast cancer who had recurrence or progression while receiving previous therapy with a nonsteroidal aromatase inhibitor in the adjuvant setting or to treat advanced disease (or both). The primary end point was progression-free survival. Secondary end points included survival, response rate, and safety. A preplanned interim analysis was performed by an independent data and safety monitoring committee after 359 progression-free survival events were observed.

Baseline characteristics were well balanced between the two study groups. The median age was 62 years, 56% had visceral involvement, and 84% had hormone-sensitive disease. Previous therapy included letrozole or anastrozole (100%), tamoxifen (48%), fulvestrant (16%), and chemotherapy (68%). The most common grade 3 or 4 adverse events were stomatitis (8% in the everolimus-plus-exemestane group vs. 1% in the placebo-plus-exemestane group), anemia (6% vs. <1%), dyspnea (4% vs. 1%), hyperglycemia (4% vs. <1%), fatigue (4% vs. 1%), and pneumonitis (3% vs. 0%). At the interim analysis, median progression-free survival was 6.9 months with everolimus plus exemestane and 2.8 months with placebo plus exemestane, according to assessments by local investigators (hazard ratio for progression or death, 0.43; 95% confidence interval [CI], 0.35 to 0.54; P<0.001). Median progression-free survival was 10.6 months and 4.1 months, respectively, according to central assessment (hazard ratio, 0.36; 95% CI, 0.27 to 0.47; P<0.001).

Everolimus combined with an aromatase inhibitor improved progression-free survival in patients with hormone-receptor-positive advanced breast cancer previously treated with nonsteroidal aromatase inhibitors. (Funded by Novartis; BOLERO-2 ClinicalTrials.gov number, NCT00863655.).","A phase 3 RCT (n=724) proving mTOR matters in a common cancer. When hormone-therapy stops working in breast cancer, it's partly because mTOR switches on. Adding everolimus more than doubled progression-free survival (10.6 vs 4.1 months by central review) - leading to FDA approval. Main toxicity was stomatitis.","Everolimus in postmenopausal hormone-receptor-positive advanced breast cancer (BOLERO-2)
Key finding: A phase 3 RCT (n=724) proving mTOR matters in a common cancer. When hormone-therapy stops working in breast cancer, it's partly because mTOR switches on. Adding everolimus more than doubled progression-free survival (10.6 vs 4.1 months by central review) - leading to FDA approval. Main toxicity was stomatitis.
Abstract: Resistance to endocrine therapy in breast cancer is associated with activation of the mammalian target of rapamycin (mTOR) intracellular signaling pathway. In early studies, the mTOR inhibitor everolimus added to endocrine therapy showed antitumor activity.

In this phase 3, randomized trial, we compared everolimus and exemestane versus exemestane and placebo (randomly assigned in a 2:1 ratio) in 724 patients with hormone-receptor-positive advanced breast cancer who had recurrence or progression while receiving previous therapy with a nonsteroidal aromatase inhibitor in the adjuvant setting or to treat advanced disease (or both). The primary end point was progression-free survival. Secondary end points included survival, response rate, and safety. A preplanned interim analysis was performed by an independent data and safety monitoring committee after 359 progression-free survival events were observed.

Baseline characteristics were well balanced between the two study groups. The median age was 62 years, 56% had visceral involvement, and 84% had hormone-sensitive disease. Previous therapy included letrozole or anastrozole (100%), tamoxifen (48%), fulvestrant (16%), and chemotherapy (68%). The most common grade 3 or 4 adverse events were stomatitis (8% in the everolimus-plus-exemestane group vs. 1% in the placebo-plus-exemestane group), anemia (6% vs. <1%), dyspnea (4% vs. 1%), hyperglycemia (4% vs. <1%), fatigue (4% vs. 1%), and pneumonitis (3% vs. 0%). At the interim analysis, median progression-free survival was 6.9 months with everolimus plus exemestane and 2.8 months with placebo plus exemestane, according to assessments by local investigators (hazard ratio for progression or death, 0.43; 95% confidence interval [CI], 0.35 to 0.54; P<0.001). Median progression-free survival was 10.6 months and 4.1 months, respectively, according to central assessment (hazard ratio, 0.36; 95% CI, 0.27 to 0.47; P<0.001).

Everolimus combined with an aromatase inhibitor improved progression-free survival in patients with hormone-receptor-positive advanced breast cancer previously treated with nonsteroidal aromatase inhibitors. (Funded by Novartis; BOLERO-2 ClinicalTrials.gov number, NCT00863655.)."
recQQxvPIOmoXx85U,SHE2019,Cryo-EM Structure of the Human FLCN-FNIP2-Rag-Ragulator Complex,Shen K; Sabatini DM et al.,2019,Cell,Mechanism,Cryo-EM structure,"FLCN, FNIP2, Rag, Ragulator",D - Mechanistic/Review,5 - Mechanistic / In Vitro,Yes,10.1016/j.cell.2019.10.036,31704029,PMC7008705,True,"mTORC1 controls anabolic and catabolic processes in response to nutrients through the Rag GTPase heterodimer, which is regulated by multiple upstream protein complexes. One such regulator, FLCN-FNIP2, is a GTPase activating protein (GAP) for RagC/D, but despite its important role, how it activates the Rag GTPase heterodimer remains unknown. We used cryo-EM to determine the structure of FLCN-FNIP2 in a complex with the Rag GTPases and Ragulator. FLCN-FNIP2 adopts an extended conformation with two pairs of heterodimerized domains. The Longin domains heterodimerize and contact both nucleotide binding domains of the Rag heterodimer, while the DENN domains interact at the distal end of the structure. Biochemical analyses reveal a conserved arginine on FLCN as the catalytic arginine finger and lead us to interpret our structure as an on-pathway intermediate. These data reveal features of a GAP-GTPase interaction and the structure of a critical component of the nutrient-sensing mTORC1 pathway.",Cryo-EM structure of the human FLCN-FNIP2-Rag-Ragulator complex.,"Cryo-EM Structure of the Human FLCN-FNIP2-Rag-Ragulator Complex
Key finding: Cryo-EM structure of the human FLCN-FNIP2-Rag-Ragulator complex.
Abstract: mTORC1 controls anabolic and catabolic processes in response to nutrients through the Rag GTPase heterodimer, which is regulated by multiple upstream protein complexes. One such regulator, FLCN-FNIP2, is a GTPase activating protein (GAP) for RagC/D, but despite its important role, how it activates the Rag GTPase heterodimer remains unknown. We used cryo-EM to determine the structure of FLCN-FNIP2 in a complex with the Rag GTPases and Ragulator. FLCN-FNIP2 adopts an extended conformation with two pairs of heterodimerized domains. The Longin domains heterodimerize and contact both nucleotide binding domains of the Rag heterodimer, while the DENN domains interact at the distal end of the structure. Biochemical analyses reveal a conserved arginine on FLCN as the catalytic arginine finger and lead us to interpret our structure as an on-pathway intermediate. These data reveal features of a GAP-GTPase interaction and the structure of a critical component of the nutrient-sensing mTORC1 pathway."
recQVzVup0IIwWZKC,KAE2005,Regulation of yeast replicative life span by TOR and Sch9 in response to nutrients,Kaeberlein M; Kennedy BK et al.,2005,Science,Animal,Yeast (Saccharomyces cerevisiae),mTOR; Longevity,C - Animal,4 - Animal Study,Yes,10.1126/science.1115535,,,False,"Calorie restriction increases life span in many organisms, including the budding yeast Saccharomyces cerevisiae. From a large-scale analysis of 564 single-gene-deletion strains of yeast, we identified 10 gene deletions that increase replicative life span. Six of these correspond to genes encoding components of the nutrient-responsive TOR and Sch9 pathways. Calorie restriction of tor1D or sch9D cells failed to further increase life span and, like calorie restriction, deletion of either SCH9 or TOR1 increased life span independent of the Sir2 histone deacetylase. We propose that the TOR and Sch9 kinases define a primary conduit through which excess nutrient intake limits longevity in yeast.",A systematic screen of 564 yeast gene deletions found TOR and Sch9 pathway genes as the strongest lifespan-extending hits.,"Regulation of yeast replicative life span by TOR and Sch9 in response to nutrients
Key finding: A systematic screen of 564 yeast gene deletions found TOR and Sch9 pathway genes as the strongest lifespan-extending hits.
Abstract: Calorie restriction increases life span in many organisms, including the budding yeast Saccharomyces cerevisiae. From a large-scale analysis of 564 single-gene-deletion strains of yeast, we identified 10 gene deletions that increase replicative life span. Six of these correspond to genes encoding components of the nutrient-responsive TOR and Sch9 pathways. Calorie restriction of tor1D or sch9D cells failed to further increase life span and, like calorie restriction, deletion of either SCH9 or TOR1 increased life span independent of the Sir2 histone deacetylase. We propose that the TOR and Sch9 kinases define a primary conduit through which excess nutrient intake limits longevity in yeast."
recQcoM3oUoxdscGD,SAX2015,Structural basis for leucine sensing by the Sestrin2-mTORC1 pathway,Saxton RA; Wolfson RL; Sabatini DM et al.,2015,Science,Mechanism,Human cell lines (crystal structure),Sestrin2; mTORC1,D - Mechanistic/Review,5 - Mechanistic / In Vitro,Yes,10.1126/science.aad2087,26586190,PMC4698039,True,"Eukaryotic cells coordinate growth with the availability of nutrients through the mechanistic target of rapamycin complex 1 (mTORC1), a master growth regulator. Leucine is of particular importance and activates mTORC1 via the Rag guanosine triphosphatases and their regulators GATOR1 and GATOR2. Sestrin2 interacts with GATOR2 and is a leucine sensor. Here we present the 2.7 angstrom crystal structure of Sestrin2 in complex with leucine. Leucine binds through a single pocket that coordinates its charged functional groups and confers specificity for the hydrophobic side chain. A loop encloses leucine and forms a lid-latch mechanism required for binding. A structure-guided mutation in Sestrin2 that decreases its affinity for leucine leads to a concomitant increase in the leucine concentration required for mTORC1 activation in cells. These results provide a structural mechanism of amino acid sensing by the mTORC1 pathway.","Solves the crystal structure of Sestrin2 bound to leucine, revealing the molecular pocket that lets it act as mTORC1's dedicated leucine sensor.","Structural basis for leucine sensing by the Sestrin2-mTORC1 pathway
Key finding: Solves the crystal structure of Sestrin2 bound to leucine, revealing the molecular pocket that lets it act as mTORC1's dedicated leucine sensor.
Abstract: Eukaryotic cells coordinate growth with the availability of nutrients through the mechanistic target of rapamycin complex 1 (mTORC1), a master growth regulator. Leucine is of particular importance and activates mTORC1 via the Rag guanosine triphosphatases and their regulators GATOR1 and GATOR2. Sestrin2 interacts with GATOR2 and is a leucine sensor. Here we present the 2.7 angstrom crystal structure of Sestrin2 in complex with leucine. Leucine binds through a single pocket that coordinates its charged functional groups and confers specificity for the hydrophobic side chain. A loop encloses leucine and forms a lid-latch mechanism required for binding. A structure-guided mutation in Sestrin2 that decreases its affinity for leucine leads to a concomitant increase in the leucine concentration required for mTORC1 activation in cells. These results provide a structural mechanism of amino acid sensing by the mTORC1 pathway."
recR0WmrBrkY3UxVd,CHA2014,The Sestrins interact with GATOR2 to negatively regulate the amino-acid-sensing pathway upstream of mTORC1,Chantranupong L; Sabatini DM et al.,2014,Cell reports,Mechanism,Mammalian cells,"Sestrins, GATOR2, amino acids",D - Mechanistic/Review,5 - Mechanistic / In Vitro,Yes,10.1016/j.celrep.2014.09.014,25263562,PMC4223866,True,"The mechanistic target of rapamycin complex 1 (mTORC1) kinase is a major regulator of cell growth that responds to numerous environmental cues. A key input is amino acids, which act through the heterodimeric Rag GTPases (RagA or RagB bound to RagC or RagD) in order to promote the translocation of mTORC1 to the lysosomal surface, its site of activation. GATOR2 is a complex of unknown function that positively regulates mTORC1 signaling by acting upstream of or in parallel to GATOR1, which is a GTPase-activating protein (GAP) for RagA or RagB and an inhibitor of the amino-acid-sensing pathway. Here, we find that the Sestrins, a family of poorly understood growth regulators (Sestrin1-Sestrin3), interact with GATOR2 in an amino-acid-sensitive fashion. Sestrin2-mediated inhibition of mTORC1 signaling requires GATOR1 and the Rag GTPases, and the Sestrins regulate the localization of mTORC1 in response to amino acids. Thus, we identify the Sestrins as GATOR2-interacting proteins that regulate the amino-acid-sensing branch of the mTORC1 pathway.",Sestrins bind GATOR2 to negatively regulate amino-acid signalling upstream of mTORC1.,"The Sestrins interact with GATOR2 to negatively regulate the amino-acid-sensing pathway upstream of mTORC1
Key finding: Sestrins bind GATOR2 to negatively regulate amino-acid signalling upstream of mTORC1.
Abstract: The mechanistic target of rapamycin complex 1 (mTORC1) kinase is a major regulator of cell growth that responds to numerous environmental cues. A key input is amino acids, which act through the heterodimeric Rag GTPases (RagA or RagB bound to RagC or RagD) in order to promote the translocation of mTORC1 to the lysosomal surface, its site of activation. GATOR2 is a complex of unknown function that positively regulates mTORC1 signaling by acting upstream of or in parallel to GATOR1, which is a GTPase-activating protein (GAP) for RagA or RagB and an inhibitor of the amino-acid-sensing pathway. Here, we find that the Sestrins, a family of poorly understood growth regulators (Sestrin1-Sestrin3), interact with GATOR2 in an amino-acid-sensitive fashion. Sestrin2-mediated inhibition of mTORC1 signaling requires GATOR1 and the Rag GTPases, and the Sestrins regulate the localization of mTORC1 in response to amino acids. Thus, we identify the Sestrins as GATOR2-interacting proteins that regulate the amino-acid-sensing branch of the mTORC1 pathway."
recR9MCumK1ni1WBl,EHN2008,Reversal of learning deficits in a Tsc2+/- mouse model of tuberous sclerosis,Ehninger D; Silva AJ et al.,2008,Nature medicine,Animal,Mouse (Tsc2+/-),"TSC2, mTOR, learning",C - Animal,4 - Animal Study,Yes,10.1038/nm1788,18568033,PMC2664098,True,"Tuberous sclerosis is a single-gene disorder caused by heterozygous mutations in the TSC1 (9q34) or TSC2 (16p13.3) gene and is frequently associated with mental retardation, autism and epilepsy. Even individuals with tuberous sclerosis and a normal intelligence quotient (approximately 50%) are commonly affected with specific neuropsychological problems, including long-term and working memory deficits. Here we report that mice with a heterozygous, inactivating mutation in the Tsc2 gene (Tsc2(+/-) mice) show deficits in learning and memory. Cognitive deficits in Tsc2(+/-) mice emerged in the absence of neuropathology and seizures, demonstrating that other disease mechanisms are involved. We show that hyperactive hippocampal mammalian target of rapamycin (mTOR) signaling led to abnormal long-term potentiation in the CA1 region of the hippocampus and consequently to deficits in hippocampal-dependent learning. These deficits included impairments in two spatial learning tasks and in contextual discrimination. Notably, we show that a brief treatment with the mTOR inhibitor rapamycin in adult mice rescues not only the synaptic plasticity, but also the behavioral deficits in this animal model of tuberous sclerosis. The results presented here reveal a biological basis for some of the cognitive deficits associated with tuberous sclerosis, and they show that treatment with mTOR antagonists ameliorates cognitive dysfunction in a mouse model of this disorder.",Rapamycin reverses learning and memory deficits in a Tsc2+/- tuberous sclerosis model.,"Reversal of learning deficits in a Tsc2+/- mouse model of tuberous sclerosis
Key finding: Rapamycin reverses learning and memory deficits in a Tsc2+/- tuberous sclerosis model.
Abstract: Tuberous sclerosis is a single-gene disorder caused by heterozygous mutations in the TSC1 (9q34) or TSC2 (16p13.3) gene and is frequently associated with mental retardation, autism and epilepsy. Even individuals with tuberous sclerosis and a normal intelligence quotient (approximately 50%) are commonly affected with specific neuropsychological problems, including long-term and working memory deficits. Here we report that mice with a heterozygous, inactivating mutation in the Tsc2 gene (Tsc2(+/-) mice) show deficits in learning and memory. Cognitive deficits in Tsc2(+/-) mice emerged in the absence of neuropathology and seizures, demonstrating that other disease mechanisms are involved. We show that hyperactive hippocampal mammalian target of rapamycin (mTOR) signaling led to abnormal long-term potentiation in the CA1 region of the hippocampus and consequently to deficits in hippocampal-dependent learning. These deficits included impairments in two spatial learning tasks and in contextual discrimination. Notably, we show that a brief treatment with the mTOR inhibitor rapamycin in adult mice rescues not only the synaptic plasticity, but also the behavioral deficits in this animal model of tuberous sclerosis. The results presented here reveal a biological basis for some of the cognitive deficits associated with tuberous sclerosis, and they show that treatment with mTOR antagonists ameliorates cognitive dysfunction in a mouse model of this disorder."
recRQkC6AFRbDGIAU,KUO1992,Rapamycin selectively inhibits interleukin-2 activation of p70 S6 kinase,Kuo CJ; Crabtree GR et al.,1992,Nature,Mechanism,T cells; in vitro,"Rapamycin, p70 S6K, IL-2",D - Mechanistic/Review,5 - Mechanistic / In Vitro,Yes,10.1038/358070a0,,,False,"The macrolide rapamycin induces cell cycle G1 arrest in yeast and in mammalian cells, which suggests that an evolutionarily conserved, rapamycin-sensitive pathway may regulate entry into S phase. In mammals, rapamycin inhibits interleukin-2 receptor-induced S phase entry and subsequent T-cell proliferation, resulting in immunosuppression. Here we show that interleukin-2 selectively stimulates the phosphorylation and activation of p70 S6 kinase but not the erk-encoded MAP kinases and rsk-encoded S6 kinases. Rapamycin completely and rapidly inhibits interleukin-2-induced phosphorylation and activation of p70 S6 kinase at concentrations comparable to those blocking S phase entry of T cells (0.05-0.2 nM). The structurally related macrolide FK506 competitively antagonizes the actions of rapamycin, indicating that these effects are mediated by FKBP, which binds the transition-state mimic structure common to both rapamycin and FK506 (refs 4, 6, 9-11). The selective blockade of the p70 S6 kinase activation cascade by the rapamycin-FKBP complex implicates this signalling pathway in the regulation of T cell entry into S phase.",Rapamycin selectively inhibits IL-2-driven activation of p70 S6 kinase during T-cell proliferation.,"Rapamycin selectively inhibits interleukin-2 activation of p70 S6 kinase
Key finding: Rapamycin selectively inhibits IL-2-driven activation of p70 S6 kinase during T-cell proliferation.
Abstract: The macrolide rapamycin induces cell cycle G1 arrest in yeast and in mammalian cells, which suggests that an evolutionarily conserved, rapamycin-sensitive pathway may regulate entry into S phase. In mammals, rapamycin inhibits interleukin-2 receptor-induced S phase entry and subsequent T-cell proliferation, resulting in immunosuppression. Here we show that interleukin-2 selectively stimulates the phosphorylation and activation of p70 S6 kinase but not the erk-encoded MAP kinases and rsk-encoded S6 kinases. Rapamycin completely and rapidly inhibits interleukin-2-induced phosphorylation and activation of p70 S6 kinase at concentrations comparable to those blocking S phase entry of T cells (0.05-0.2 nM). The structurally related macrolide FK506 competitively antagonizes the actions of rapamycin, indicating that these effects are mediated by FKBP, which binds the transition-state mimic structure common to both rapamycin and FK506 (refs 4, 6, 9-11). The selective blockade of the p70 S6 kinase activation cascade by the rapamycin-FKBP complex implicates this signalling pathway in the regulation of T cell entry into S phase."
recRWuNDAUeF1wRKt,GUE2009,mTOR complex 2 is required for the development of prostate cancer induced by Pten loss in mice,Guertin DA; Sabatini DM et al.,2009,Cancer cell,Animal,Mouse (prostate),"mTORC2, rictor, Pten",C - Animal,4 - Animal Study,Yes,10.1016/j.ccr.2008.12.017,19185849,PMC2701381,True,"mTOR complex 2 (mTORC2) contains the mammalian target of rapamycin (mTOR) kinase and the Rictor regulatory protein and phosphorylates Akt. Whether this function of mTORC2 is critical for cancer progression is unknown. Here, we show that transformed human prostate epithelial cells lacking PTEN require mTORC2 to form tumors when injected into nude mice. Furthermore, we find that Rictor is a haploinsufficient gene and that deleting one copy protects Pten heterozygous mice from prostate cancer. Finally, we show that the development of prostate cancer caused by Pten deletion specifically in prostate epithelium requires mTORC2, but that for normal prostate epithelial cells, mTORC2 activity is nonessential. The selective requirement for mTORC2 in tumor development suggests that mTORC2 inhibitors may be of substantial clinical utility.",mTORC2 is required for prostate cancer driven by Pten loss in mice.,"mTOR complex 2 is required for the development of prostate cancer induced by Pten loss in mice
Key finding: mTORC2 is required for prostate cancer driven by Pten loss in mice.
Abstract: mTOR complex 2 (mTORC2) contains the mammalian target of rapamycin (mTOR) kinase and the Rictor regulatory protein and phosphorylates Akt. Whether this function of mTORC2 is critical for cancer progression is unknown. Here, we show that transformed human prostate epithelial cells lacking PTEN require mTORC2 to form tumors when injected into nude mice. Furthermore, we find that Rictor is a haploinsufficient gene and that deleting one copy protects Pten heterozygous mice from prostate cancer. Finally, we show that the development of prostate cancer caused by Pten deletion specifically in prostate epithelium requires mTORC2, but that for normal prostate epithelial cells, mTORC2 activity is nonessential. The selective requirement for mTORC2 in tumor development suggests that mTORC2 inhibitors may be of substantial clinical utility."
recRi8r35BW3WChlN,INO2006,TSC2 integrates Wnt and energy signals via a coordinated phosphorylation by AMPK and GSK3 to regulate cell growth,Inoki K; Guan KL et al.,2006,Cell,Mechanism,Mammalian cells,"TSC2, AMPK, GSK3, Wnt",D - Mechanistic/Review,5 - Mechanistic / In Vitro,Yes,10.1016/j.cell.2006.06.055,,,False,"Mutation in the TSC2 tumor suppressor causes tuberous sclerosis complex, a disease characterized by hamartoma formation in multiple tissues. TSC2 inhibits cell growth by acting as a GTPase-activating protein toward Rheb, thereby inhibiting mTOR, a central controller of cell growth. Here, we show that Wnt activates mTOR via inhibiting GSK3 without involving beta-catenin-dependent transcription. GSK3 inhibits the mTOR pathway by phosphorylating TSC2 in a manner dependent on AMPK-priming phosphorylation. Inhibition of mTOR by rapamycin blocks Wnt-induced cell growth and tumor development, suggesting a potential therapeutic value of rapamycin for cancers with activated Wnt signaling. Our results show that, in addition to transcriptional activation, Wnt stimulates translation and cell growth by activating the TSC-mTOR pathway. Furthermore, the sequential phosphorylation of TSC2 by AMPK and GSK3 reveals a molecular mechanism of signal integration in cell growth regulation.",TSC2 integrates Wnt and energy signals through coordinated AMPK and GSK3 phosphorylation.,"TSC2 integrates Wnt and energy signals via a coordinated phosphorylation by AMPK and GSK3 to regulate cell growth
Key finding: TSC2 integrates Wnt and energy signals through coordinated AMPK and GSK3 phosphorylation.
Abstract: Mutation in the TSC2 tumor suppressor causes tuberous sclerosis complex, a disease characterized by hamartoma formation in multiple tissues. TSC2 inhibits cell growth by acting as a GTPase-activating protein toward Rheb, thereby inhibiting mTOR, a central controller of cell growth. Here, we show that Wnt activates mTOR via inhibiting GSK3 without involving beta-catenin-dependent transcription. GSK3 inhibits the mTOR pathway by phosphorylating TSC2 in a manner dependent on AMPK-priming phosphorylation. Inhibition of mTOR by rapamycin blocks Wnt-induced cell growth and tumor development, suggesting a potential therapeutic value of rapamycin for cancers with activated Wnt signaling. Our results show that, in addition to transcriptional activation, Wnt stimulates translation and cell growth by activating the TSC-mTOR pathway. Furthermore, the sequential phosphorylation of TSC2 by AMPK and GSK3 reveals a molecular mechanism of signal integration in cell growth regulation."
recRifGxz2fZ4998r,CAN2002,The phosphoinositide 3-kinase pathway,Cantley LC,2002,Science,Review,Review article,PI3K; Akt/PKB,D - Mechanistic/Review,Narrative Review,Yes,10.1126/science.296.5573.1655,,,False,"Phosphorylated lipids are produced at cellular membranes during signaling events and contribute to the recruitment and activation of various signaling components. The role of phosphoinositide 3-kinase (PI3K), which catalyzes the production of phosphatidylinositol-3,4,5-trisphosphate, in cell survival pathways; the regulation of gene expression and cell metabolism; and cytoskeletal rearrangements are highlighted. The PI3K pathway is implicated in human diseases including diabetes and cancer, and understanding the intricacies of this pathway may provide new avenues for therapuetic intervention.","Review establishing PI3K as a central signaling hub controlling cell survival, metabolism, and growth downstream of growth-factor receptors and upstream of Akt and mTOR.","The phosphoinositide 3-kinase pathway
Key finding: Review establishing PI3K as a central signaling hub controlling cell survival, metabolism, and growth downstream of growth-factor receptors and upstream of Akt and mTOR.
Abstract: Phosphorylated lipids are produced at cellular membranes during signaling events and contribute to the recruitment and activation of various signaling components. The role of phosphoinositide 3-kinase (PI3K), which catalyzes the production of phosphatidylinositol-3,4,5-trisphosphate, in cell survival pathways; the regulation of gene expression and cell metabolism; and cytoskeletal rearrangements are highlighted. The PI3K pathway is implicated in human diseases including diabetes and cancer, and understanding the intricacies of this pathway may provide new avenues for therapuetic intervention."
recRtPcM84rsOvA49,CUN2007,mTOR controls mitochondrial oxidative function through a YY1-PGC-1alpha transcriptional complex,Cunningham JT; Rodgers JT; Arlow DH; Vazquez F; Mootha VK; Puigserver P,2007,Nature,Mechanism,Skeletal muscle cells + tissue,mTORC1; Raptor; Mitochondrial biogenesis; Rapamycin,D - Mechanistic/Review,5 - Mechanistic / In Vitro,Yes,10.1038/nature06322,,,False,"Transcriptional complexes that contain peroxisome-proliferator-activated receptor coactivator (PGC)-1alpha control mitochondrial oxidative function to maintain energy homeostasis in response to nutrient and hormonal signals. An important component in the energy and nutrient pathways is mammalian target of rapamycin (mTOR), a kinase that regulates cell growth, size and survival. However, it is unknown whether and how mTOR controls mitochondrial oxidative activities. Here we show that mTOR is necessary for the maintenance of mitochondrial oxidative function. In skeletal muscle tissues and cells, the mTOR inhibitor rapamycin decreased the gene expression of the mitochondrial transcriptional regulators PGC-1alpha, oestrogen-related receptor alpha and nuclear respiratory factors, resulting in a decrease in mitochondrial gene expression and oxygen consumption. Using computational genomics, we identified the transcription factor yin-yang 1 (YY1) as a common target of mTOR and PGC-1alpha. Knockdown of YY1 caused a significant decrease in mitochondrial gene expression and in respiration, and YY1 was required for rapamycin-dependent repression of those genes. Moreover, mTOR and raptor interacted with YY1, and inhibition of mTOR resulted in a failure of YY1 to interact with and be coactivated by PGC-1alpha. We have therefore identified a mechanism by which a nutrient sensor (mTOR) balances energy metabolism by means of the transcriptional control of mitochondrial oxidative function. These results have important implications for our understanding of how these pathways might be altered in metabolic diseases and cancer.",Showed mTOR isn't just about building proteins - it also runs the cell's POWER plants. mTORC1 drives mitochondrial gene expression and oxygen consumption through a YY1-PGC-1alpha transcriptional program; block mTOR with rapamycin and mitochondrial output falls. Explains part of why mTOR inhibition reshapes metabolism.,"mTOR controls mitochondrial oxidative function through a YY1-PGC-1alpha transcriptional complex
Key finding: Showed mTOR isn't just about building proteins - it also runs the cell's POWER plants. mTORC1 drives mitochondrial gene expression and oxygen consumption through a YY1-PGC-1alpha transcriptional program; block mTOR with rapamycin and mitochondrial output falls. Explains part of why mTOR inhibition reshapes metabolism.
Abstract: Transcriptional complexes that contain peroxisome-proliferator-activated receptor coactivator (PGC)-1alpha control mitochondrial oxidative function to maintain energy homeostasis in response to nutrient and hormonal signals. An important component in the energy and nutrient pathways is mammalian target of rapamycin (mTOR), a kinase that regulates cell growth, size and survival. However, it is unknown whether and how mTOR controls mitochondrial oxidative activities. Here we show that mTOR is necessary for the maintenance of mitochondrial oxidative function. In skeletal muscle tissues and cells, the mTOR inhibitor rapamycin decreased the gene expression of the mitochondrial transcriptional regulators PGC-1alpha, oestrogen-related receptor alpha and nuclear respiratory factors, resulting in a decrease in mitochondrial gene expression and oxygen consumption. Using computational genomics, we identified the transcription factor yin-yang 1 (YY1) as a common target of mTOR and PGC-1alpha. Knockdown of YY1 caused a significant decrease in mitochondrial gene expression and in respiration, and YY1 was required for rapamycin-dependent repression of those genes. Moreover, mTOR and raptor interacted with YY1, and inhibition of mTOR resulted in a failure of YY1 to interact with and be coactivated by PGC-1alpha. We have therefore identified a mechanism by which a nutrient sensor (mTOR) balances energy metabolism by means of the transcriptional control of mitochondrial oxidative function. These results have important implications for our understanding of how these pathways might be altered in metabolic diseases and cancer."
recS38GWizgqQwbC3,YUX2010,Termination of autophagy and reformation of lysosomes regulated by mTOR,Yu L; Lenardo MJ et al.,2010,Nature,Mechanism,Mammalian cells,"mTOR, autophagic lysosome reformation",D - Mechanistic/Review,5 - Mechanistic / In Vitro,Yes,10.1038/nature09076,20526321,PMC2920749,True,"Autophagy is an evolutionarily conserved process by which cytoplasmic proteins and organelles are catabolized. During starvation, the protein TOR (target of rapamycin), a nutrient-responsive kinase, is inhibited, and this induces autophagy. In autophagy, double-membrane autophagosomes envelop and sequester intracellular components and then fuse with lysosomes to form autolysosomes, which degrade their contents to regenerate nutrients. Current models of autophagy terminate with the degradation of the autophagosome cargo in autolysosomes, but the regulation of autophagy in response to nutrients and the subsequent fate of the autolysosome are poorly understood. Here we show that mTOR signalling in rat kidney cells is inhibited during initiation of autophagy, but reactivated by prolonged starvation. Reactivation of mTOR is autophagy-dependent and requires the degradation of autolysosomal products. Increased mTOR activity attenuates autophagy and generates proto-lysosomal tubules and vesicles that extrude from autolysosomes and ultimately mature into functional lysosomes, thereby restoring the full complement of lysosomes in the cell-a process we identify in multiple animal species. Thus, an evolutionarily conserved cycle in autophagy governs nutrient sensing and lysosome homeostasis during starvation.",Reactivation of mTOR terminates autophagy and drives autophagic lysosome reformation (ALR).,"Termination of autophagy and reformation of lysosomes regulated by mTOR
Key finding: Reactivation of mTOR terminates autophagy and drives autophagic lysosome reformation (ALR).
Abstract: Autophagy is an evolutionarily conserved process by which cytoplasmic proteins and organelles are catabolized. During starvation, the protein TOR (target of rapamycin), a nutrient-responsive kinase, is inhibited, and this induces autophagy. In autophagy, double-membrane autophagosomes envelop and sequester intracellular components and then fuse with lysosomes to form autolysosomes, which degrade their contents to regenerate nutrients. Current models of autophagy terminate with the degradation of the autophagosome cargo in autolysosomes, but the regulation of autophagy in response to nutrients and the subsequent fate of the autolysosome are poorly understood. Here we show that mTOR signalling in rat kidney cells is inhibited during initiation of autophagy, but reactivated by prolonged starvation. Reactivation of mTOR is autophagy-dependent and requires the degradation of autolysosomal products. Increased mTOR activity attenuates autophagy and generates proto-lysosomal tubules and vesicles that extrude from autolysosomes and ultimately mature into functional lysosomes, thereby restoring the full complement of lysosomes in the cell-a process we identify in multiple animal species. Thus, an evolutionarily conserved cycle in autophagy governs nutrient sensing and lysosome homeostasis during starvation."
recST3SNbHnO16TaJ,MAJ2004,mTOR inhibition reverses Akt-dependent prostate intraepithelial neoplasia through regulation of apoptotic and HIF-1-dependent pathways,Majumder PK; Sellers WR et al.,2004,Nature medicine,Animal,Mouse (prostate),"Akt, mTOR, prostate neoplasia",C - Animal,4 - Animal Study,Yes,10.1038/nm1052,,,False,"Loss of PTEN function leads to activation of phosphoinositide 3-kinase (PI3K) signaling and Akt. Clinical trials are now testing whether mammalian target of rapamycin (mTOR) inhibition is useful in treating PTEN-null cancers. Here, we report that mTOR inhibition induced apoptosis of epithelial cells and the complete reversal of a neoplastic phenotype in the prostate of mice expressing human AKT1 in the ventral prostate. Induction of cell death required the mitochondrial pathway, as prostate-specific coexpression of BCL2 blocked apoptosis. Thus, there is an mTOR-dependent survival signal required downstream of Akt. Bcl2 expression, however, only partially restored intraluminal cell growth in the setting of mTOR inhibition. Expression profiling showed that Hif-1 alpha targets, including genes encoding most glycolytic enzymes, constituted the dominant transcriptional response to AKT activation and mTOR inhibition. These data suggest that the expansion of AKT-driven prostate epithelial cells requires mTOR-dependent survival signaling and activation of HIF-1 alpha, and that clinical resistance to mTOR inhibitors may emerge through BCL2 expression and/or upregulation of HIF-1 alpha activity.",mTOR inhibition (rapamycin/RAD001) reverses Akt-driven prostate intraepithelial neoplasia in mice.,"mTOR inhibition reverses Akt-dependent prostate intraepithelial neoplasia through regulation of apoptotic and HIF-1-dependent pathways
Key finding: mTOR inhibition (rapamycin/RAD001) reverses Akt-driven prostate intraepithelial neoplasia in mice.
Abstract: Loss of PTEN function leads to activation of phosphoinositide 3-kinase (PI3K) signaling and Akt. Clinical trials are now testing whether mammalian target of rapamycin (mTOR) inhibition is useful in treating PTEN-null cancers. Here, we report that mTOR inhibition induced apoptosis of epithelial cells and the complete reversal of a neoplastic phenotype in the prostate of mice expressing human AKT1 in the ventral prostate. Induction of cell death required the mitochondrial pathway, as prostate-specific coexpression of BCL2 blocked apoptosis. Thus, there is an mTOR-dependent survival signal required downstream of Akt. Bcl2 expression, however, only partially restored intraluminal cell growth in the setting of mTOR inhibition. Expression profiling showed that Hif-1 alpha targets, including genes encoding most glycolytic enzymes, constituted the dominant transcriptional response to AKT activation and mTOR inhibition. These data suggest that the expansion of AKT-driven prostate epithelial cells requires mTOR-dependent survival signaling and activation of HIF-1 alpha, and that clinical resistance to mTOR inhibitors may emerge through BCL2 expression and/or upregulation of HIF-1 alpha activity."
recSWfMI8tX8qTtyz,DEL2011,The kinase mTOR regulates the differentiation of helper T cells through the selective activation of signaling by mTORC1 and mTORC2,Delgoffe GM; Powell JD et al.,2011,Nature immunology,Animal,Mouse,"mTORC1, mTORC2, Th differentiation",C - Animal,4 - Animal Study,Yes,10.1038/ni.2005,21358638,PMC3077821,True,"The kinase mTOR has emerged as an important regulator of the differentiation of helper T cells. Here we demonstrate that differentiation into the T(H)1 and T(H)17 subsets of helper T cells was selectively regulated by signaling from mTOR complex 1 (mTORC1) that was dependent on the small GTPase Rheb. Rheb-deficient T cells failed to generate T(H)1 and T(H)17 responses in vitro and in vivo and did not induce classical experimental autoimmune encephalomyelitis (EAE). However, they retained their ability to become T(H)2 cells. Alternatively, when mTORC2 signaling was deleted from T cells, they failed to generate T(H)2 cells in vitro and in vivo but preserved their ability to become T(H)1 and T(H)17 cells. Our data identify mechanisms by which two distinct signaling pathways downstream of mTOR regulate helper cell fate in different ways. These findings define a previously unknown paradigm that links T cell differentiation with selective metabolic signaling pathways.",mTORC1 and mTORC2 selectively program distinct CD4 helper T-cell lineages.,"The kinase mTOR regulates the differentiation of helper T cells through the selective activation of signaling by mTORC1 and mTORC2
Key finding: mTORC1 and mTORC2 selectively program distinct CD4 helper T-cell lineages.
Abstract: The kinase mTOR has emerged as an important regulator of the differentiation of helper T cells. Here we demonstrate that differentiation into the T(H)1 and T(H)17 subsets of helper T cells was selectively regulated by signaling from mTOR complex 1 (mTORC1) that was dependent on the small GTPase Rheb. Rheb-deficient T cells failed to generate T(H)1 and T(H)17 responses in vitro and in vivo and did not induce classical experimental autoimmune encephalomyelitis (EAE). However, they retained their ability to become T(H)2 cells. Alternatively, when mTORC2 signaling was deleted from T cells, they failed to generate T(H)2 cells in vitro and in vivo but preserved their ability to become T(H)1 and T(H)17 cells. Our data identify mechanisms by which two distinct signaling pathways downstream of mTOR regulate helper cell fate in different ways. These findings define a previously unknown paradigm that links T cell differentiation with selective metabolic signaling pathways."
recSfpcsnTvbGyOqf,BAR2016,Tor forms a dimer through an N-terminal helical solenoid with a complex topology,Baretic D; Williams RL et al.,2016,Nature communications,Mechanism,Cryo-EM structure,"mTOR, dimer, architecture",D - Mechanistic/Review,5 - Mechanistic / In Vitro,Yes,10.1038/ncomms11016,27072897,PMC4833857,True,"The target of rapamycin (Tor) is a Ser/Thr protein kinase that regulates a range of anabolic and catabolic processes. Tor is present in two complexes, TORC1 and TORC2, in which the Tor-Lst8 heterodimer forms a common sub-complex. We have determined the cryo-electron microscopy (EM) structure of Tor bound to Lst8. Two Tor-Lst8 heterodimers assemble further into a dyad-symmetry dimer mediated by Tor-Tor interactions. The first 1,300 residues of Tor form a HEAT repeat-containing alpha-solenoid with four distinct segments: a highly curved 800-residue N-terminal 'spiral', followed by a 400-residue low-curvature 'bridge' and an extended 'railing' running along the bridge leading to the 'cap' that links to FAT region. This complex topology was verified by domain insertions and offers a new interpretation of the mTORC1 structure. The spiral of one TOR interacts with the bridge of another, which together form a joint platform for the Regulatory Associated Protein of TOR (RAPTOR) regulatory subunit.","Cryo-EM shows TOR dimerizes through an N-terminal helical solenoid, informing mTORC1 architecture.","Tor forms a dimer through an N-terminal helical solenoid with a complex topology
Key finding: Cryo-EM shows TOR dimerizes through an N-terminal helical solenoid, informing mTORC1 architecture.
Abstract: The target of rapamycin (Tor) is a Ser/Thr protein kinase that regulates a range of anabolic and catabolic processes. Tor is present in two complexes, TORC1 and TORC2, in which the Tor-Lst8 heterodimer forms a common sub-complex. We have determined the cryo-electron microscopy (EM) structure of Tor bound to Lst8. Two Tor-Lst8 heterodimers assemble further into a dyad-symmetry dimer mediated by Tor-Tor interactions. The first 1,300 residues of Tor form a HEAT repeat-containing alpha-solenoid with four distinct segments: a highly curved 800-residue N-terminal 'spiral', followed by a 400-residue low-curvature 'bridge' and an extended 'railing' running along the bridge leading to the 'cap' that links to FAT region. This complex topology was verified by domain insertions and offers a new interpretation of the mTORC1 structure. The spiral of one TOR interacts with the bridge of another, which together form a joint platform for the Regulatory Associated Protein of TOR (RAPTOR) regulatory subunit."
recTFnh8w8i9fe8tm,LOE2002,"Two TOR complexes, only one of which is rapamycin sensitive, have distinct roles in cell growth control",Loewith R; Hall MN et al.,2002,Molecular cell,Mechanism,Yeast S. cerevisiae,"TOR1, TOR2, TORC1, TORC2",D - Mechanistic/Review,5 - Mechanistic / In Vitro,Yes,10.1016/s1097-2765(02)00636-6,,,False,"The target of rapamycin (TOR) proteins in Saccharomyces cerevisiae, TOR1 and TOR2, redundantly regulate growth in a rapamycin-sensitive manner. TOR2 additionally regulates polarization of the actin cytoskeleton in a rapamycin-insensitive manner. We describe two functionally distinct TOR complexes. TOR Complex 1 (TORC1) contains TOR1 or TOR2, KOG1 (YHR186c), and LST8. TORC2 contains TOR2, AVO1 (YOL078w), AVO2 (YMR068w), AVO3 (YER093c), and LST8. FKBP-rapamycin binds TORC1, and TORC1 disruption mimics rapamycin treatment, suggesting that TORC1 mediates the rapamycin-sensitive, TOR-shared pathway. FKBP-rapamycin fails to bind TORC2, and TORC2 disruption causes an actin defect, suggesting that TORC2 mediates the rapamycin-insensitive, TOR2-unique pathway. Thus, the distinct TOR complexes account for the diversity, specificity, and selective rapamycin inhibition of TOR signaling. TORC1 and possibly TORC2 are conserved from yeast to man.","Defined two distinct TOR complexes, only one rapamycin-sensitive, founding the TORC1/TORC2 paradigm.","Two TOR complexes, only one of which is rapamycin sensitive, have distinct roles in cell growth control
Key finding: Defined two distinct TOR complexes, only one rapamycin-sensitive, founding the TORC1/TORC2 paradigm.
Abstract: The target of rapamycin (TOR) proteins in Saccharomyces cerevisiae, TOR1 and TOR2, redundantly regulate growth in a rapamycin-sensitive manner. TOR2 additionally regulates polarization of the actin cytoskeleton in a rapamycin-insensitive manner. We describe two functionally distinct TOR complexes. TOR Complex 1 (TORC1) contains TOR1 or TOR2, KOG1 (YHR186c), and LST8. TORC2 contains TOR2, AVO1 (YOL078w), AVO2 (YMR068w), AVO3 (YER093c), and LST8. FKBP-rapamycin binds TORC1, and TORC1 disruption mimics rapamycin treatment, suggesting that TORC1 mediates the rapamycin-sensitive, TOR-shared pathway. FKBP-rapamycin fails to bind TORC2, and TORC2 disruption causes an actin defect, suggesting that TORC2 mediates the rapamycin-insensitive, TOR2-unique pathway. Thus, the distinct TOR complexes account for the diversity, specificity, and selective rapamycin inhibition of TOR signaling. TORC1 and possibly TORC2 are conserved from yeast to man."
recTLmKkEzBDyZcYy,BIS2008,Sirolimus for angiomyolipoma in tuberous sclerosis complex or lymphangioleiomyomatosis,Bissler JJ; Franz DN et al.,2008,The New England journal of medicine,Human,Human (clinical trial),"sirolimus, angiomyolipoma, LAM",B - Human,2 - Human Clinical Trial,Yes,10.1056/NEJMoa063564,18184959,PMC3398441,True,"Angiomyolipomas in patients with the tuberous sclerosis complex or sporadic lymphangioleiomyomatosis are associated with mutations in tuberous sclerosis genes resulting in constitutive activation of the mammalian target of rapamycin (mTOR). The drug sirolimus suppresses mTOR signaling. We conducted a 24-month, nonrandomized, open-label trial to determine whether sirolimus reduces the angiomyolipoma volume in patients with the tuberous sclerosis complex or sporadic lymphangioleiomyomatosis. Sirolimus was administered for the first 12 months only. Serial magnetic resonance imaging of angiomyolipomas and brain lesions, computed tomography of lung cysts, and pulmonary-function tests were performed. Of the 25 patients enrolled, 20 completed the 12-month evaluation, and 18 completed the 24-month evaluation. The mean angiomyolipoma volume at 12 months was 53.2% of the baseline value (P<0.001) and at 24 months was 85.9% of the baseline value (P=0.005). During sirolimus therapy, among patients with lymphangioleiomyomatosis, FEV1, FVC and residual volume improved relative to baseline. One year after sirolimus was discontinued, some spirometric improvements persisted; cerebral lesions were unchanged. Five patients had six serious adverse events while receiving sirolimus, including diarrhea, pyelonephritis, stomatitis, and respiratory infections. Angiomyolipomas regressed somewhat during sirolimus therapy but tended to increase in volume after therapy was stopped. Suppression of mTOR signaling might constitute an ameliorative treatment in patients with the tuberous sclerosis complex or sporadic lymphangioleiomyomatosis. (ClinicalTrials.gov number, NCT00457808.)",Sirolimus shrinks renal angiomyolipomas in tuberous sclerosis / lymphangioleiomyomatosis.,"Sirolimus for angiomyolipoma in tuberous sclerosis complex or lymphangioleiomyomatosis
Key finding: Sirolimus shrinks renal angiomyolipomas in tuberous sclerosis / lymphangioleiomyomatosis.
Abstract: Angiomyolipomas in patients with the tuberous sclerosis complex or sporadic lymphangioleiomyomatosis are associated with mutations in tuberous sclerosis genes resulting in constitutive activation of the mammalian target of rapamycin (mTOR). The drug sirolimus suppresses mTOR signaling. We conducted a 24-month, nonrandomized, open-label trial to determine whether sirolimus reduces the angiomyolipoma volume in patients with the tuberous sclerosis complex or sporadic lymphangioleiomyomatosis. Sirolimus was administered for the first 12 months only. Serial magnetic resonance imaging of angiomyolipomas and brain lesions, computed tomography of lung cysts, and pulmonary-function tests were performed. Of the 25 patients enrolled, 20 completed the 12-month evaluation, and 18 completed the 24-month evaluation. The mean angiomyolipoma volume at 12 months was 53.2% of the baseline value (P<0.001) and at 24 months was 85.9% of the baseline value (P=0.005). During sirolimus therapy, among patients with lymphangioleiomyomatosis, FEV1, FVC and residual volume improved relative to baseline. One year after sirolimus was discontinued, some spirometric improvements persisted; cerebral lesions were unchanged. Five patients had six serious adverse events while receiving sirolimus, including diarrhea, pyelonephritis, stomatitis, and respiratory infections. Angiomyolipomas regressed somewhat during sirolimus therapy but tended to increase in volume after therapy was stopped. Suppression of mTOR signaling might constitute an ameliorative treatment in patients with the tuberous sclerosis complex or sporadic lymphangioleiomyomatosis. (ClinicalTrials.gov number, NCT00457808.)"
recTqENeNAXn9Nd9o,ROC2012,The transcription factor TFEB links mTORC1 signaling to transcriptional control of lysosome homeostasis,Roczniak-Ferguson A; Ferguson SM et al.,2012,Science signaling,Mechanism,Mammalian cells,"TFEB, mTORC1, lysosome",D - Mechanistic/Review,5 - Mechanistic / In Vitro,Yes,10.1126/scisignal.2002790,22692423,PMC3437338,True,"Lysosomes are the major cellular site for clearance of defective organelles and digestion of internalized material. Demand on lysosomal capacity can vary greatly, and lysosomal function must be adjusted to maintain cellular homeostasis. Here, we identified an interaction between the lysosome-localized mechanistic target of rapamycin complex 1 (mTORC1) and the transcription factor TFEB, which promotes lysosome biogenesis. When lysosomal activity was adequate, mTOR-dependent phosphorylation of TFEB on Ser(211) triggered the binding of 14-3-3 proteins to TFEB, resulting in retention of the transcription factor in the cytoplasm. Inhibition of lysosomal function reduced the mTOR-dependent phosphorylation of TFEB, resulting in diminished interactions between TFEB and 14-3-3 proteins and the translocation of TFEB into the nucleus, where it could stimulate genes involved in lysosomal biogenesis. These results identify TFEB as a target of mTOR and suggest a mechanism for matching the transcriptional regulation of genes encoding proteins of autophagosomes and lysosomes to cellular need. The closely related transcription factors MITF and TFE3 also localized to lysosomes and accumulated in the nucleus when lysosome function was inhibited, thus broadening the range of physiological contexts under which this regulatory mechanism may prove important.",mTORC1 phosphorylates TFEB to control lysosomal and autophagy gene transcription.,"The transcription factor TFEB links mTORC1 signaling to transcriptional control of lysosome homeostasis
Key finding: mTORC1 phosphorylates TFEB to control lysosomal and autophagy gene transcription.
Abstract: Lysosomes are the major cellular site for clearance of defective organelles and digestion of internalized material. Demand on lysosomal capacity can vary greatly, and lysosomal function must be adjusted to maintain cellular homeostasis. Here, we identified an interaction between the lysosome-localized mechanistic target of rapamycin complex 1 (mTORC1) and the transcription factor TFEB, which promotes lysosome biogenesis. When lysosomal activity was adequate, mTOR-dependent phosphorylation of TFEB on Ser(211) triggered the binding of 14-3-3 proteins to TFEB, resulting in retention of the transcription factor in the cytoplasm. Inhibition of lysosomal function reduced the mTOR-dependent phosphorylation of TFEB, resulting in diminished interactions between TFEB and 14-3-3 proteins and the translocation of TFEB into the nucleus, where it could stimulate genes involved in lysosomal biogenesis. These results identify TFEB as a target of mTOR and suggest a mechanism for matching the transcriptional regulation of genes encoding proteins of autophagosomes and lysosomes to cellular need. The closely related transcription factors MITF and TFE3 also localized to lysosomes and accumulated in the nucleus when lysosome function was inhibited, thus broadening the range of physiological contexts under which this regulatory mechanism may prove important."
recUXDLF9CNtyaciN,SCH2003,TOS motif-mediated raptor binding regulates 4E-BP1 multisite phosphorylation and function,Schalm SS; Blenis J et al.,2003,Current biology : CB,Mechanism,In vitro,"raptor, 4E-BP1, TOS motif",D - Mechanistic/Review,5 - Mechanistic / In Vitro,Yes,10.1016/s0960-9822(03)00329-4,,,False,"The mammalian target of rapamycin, mTOR, is a serine/threonine kinase that controls cell growth and proliferation via the translation regulators eukaryotic initiation factor 4E (eIF4E) binding protein 1 (4E-BP1) and ribosomal protein S6 kinase 1 (S6K1). We recently identified a TOR signaling (TOS) motif in the N terminus of S6K1 and the C terminus of 4E-BP1 and demonstrated that in S6K1, the TOS motif is necessary to facilitate mTOR signaling to phosphorylate and activate S6K1. However, it is unclear how the TOS motif in S6K1 and 4E-BP1 mediates mTOR signaling. Here, we show that a functional TOS motif is required for 4E-BP1 to bind to raptor, for 4E-BP1 to be efficiently phosphorylated in vitro by the mTOR/raptor complex, and for 4E-BP1 to be phosphorylated in vivo at all identified mTOR-regulated sites. mTOR/raptor-regulated phosphorylation is necessary for 4E-BP's efficient release from the translational initiation factor eIF4E. Consistently, overexpression of a mutant of 4E-BP1 containing a single amino acid change in the TOS motif (F114A) reduces cell size, demonstrating that mTOR-dependent regulation of cell growth by 4E-BP1 is dependent on a functional TOS motif. Our data demonstrate that the TOS motif functions as a docking site for the mTOR/raptor complex, which is required for multisite phosphorylation of 4E-BP1, eIF4E release from 4E-BP1, and cell growth.",The TOS motif mediates raptor binding and controls multisite 4E-BP1 phosphorylation by mTORC1.,"TOS motif-mediated raptor binding regulates 4E-BP1 multisite phosphorylation and function
Key finding: The TOS motif mediates raptor binding and controls multisite 4E-BP1 phosphorylation by mTORC1.
Abstract: The mammalian target of rapamycin, mTOR, is a serine/threonine kinase that controls cell growth and proliferation via the translation regulators eukaryotic initiation factor 4E (eIF4E) binding protein 1 (4E-BP1) and ribosomal protein S6 kinase 1 (S6K1). We recently identified a TOR signaling (TOS) motif in the N terminus of S6K1 and the C terminus of 4E-BP1 and demonstrated that in S6K1, the TOS motif is necessary to facilitate mTOR signaling to phosphorylate and activate S6K1. However, it is unclear how the TOS motif in S6K1 and 4E-BP1 mediates mTOR signaling. Here, we show that a functional TOS motif is required for 4E-BP1 to bind to raptor, for 4E-BP1 to be efficiently phosphorylated in vitro by the mTOR/raptor complex, and for 4E-BP1 to be phosphorylated in vivo at all identified mTOR-regulated sites. mTOR/raptor-regulated phosphorylation is necessary for 4E-BP's efficient release from the translational initiation factor eIF4E. Consistently, overexpression of a mutant of 4E-BP1 containing a single amino acid change in the TOS motif (F114A) reduces cell size, demonstrating that mTOR-dependent regulation of cell growth by 4E-BP1 is dependent on a functional TOS motif. Our data demonstrate that the TOS motif functions as a docking site for the mTOR/raptor complex, which is required for multisite phosphorylation of 4E-BP1, eIF4E release from 4E-BP1, and cell growth."
recUlodFMxNeBoGvh,GAR2009,Ku-0063794 is a specific inhibitor of the mammalian target of rapamycin (mTOR),Garcia-Martinez JM; Alessi DR et al.,2009,The Biochemical journal,Mechanism,In vitro; cells,"Ku-0063794, mTOR inhibitor",D - Mechanistic/Review,5 - Mechanistic / In Vitro,Yes,10.1042/BJ20090489,19402821,PMC2708931,True,"mTOR (mammalian target of rapamycin) stimulates cell growth by phosphorylating and promoting activation of AGC family kinases such as Akt (protein kinase B), S6K (p70 ribosomal S6 kinase) and SGK (serum and glucocorticoid protein kinase). mTORC1 phosphorylates the hydrophobic motif of S6K, whereas mTORC2 phosphorylates the hydrophobic motif of Akt and SGK. In the present paper we describe the small molecule Ku-0063794, which inhibits both mTORC1 and mTORC2 with an IC50 of approximately 10 nM, but does not suppress the activity of 76 other protein kinases or seven lipid kinases, including Class 1 PI3Ks at 1000-fold higher concentrations. Ku-0063794 is cell permeant, suppresses activation and hydrophobic motif phosphorylation of Akt, S6K and SGK, but not RSK, an AGC kinase not regulated by mTOR. Ku-0063794 also inhibited phosphorylation of the T-loop Thr308 residue of Akt phosphorylated by PDK1. In contrast, Ku-0063794 does not affect Thr308 phosphorylation in fibroblasts lacking essential mTORC2 subunits, suggesting that signalling processes have adapted to enable Thr308 phosphorylation to occur in the absence of Ser473 phosphorylation. We found that Ku-0063794 induced a much greater dephosphorylation of the mTORC1 substrate 4E-BP1 than rapamycin, even in mTORC2-deficient cells. Ku-0063794 also suppressed cell growth and induced a G1-cell-cycle arrest. Our results indicate that Ku-0063794 will be useful in delineating the physiological roles of mTOR and may have utility in treatment of cancers in which this pathway is inappropriately activated.",Ku-0063794 is a specific ATP-competitive mTOR inhibitor blocking mTORC1 and mTORC2.,"Ku-0063794 is a specific inhibitor of the mammalian target of rapamycin (mTOR)
Key finding: Ku-0063794 is a specific ATP-competitive mTOR inhibitor blocking mTORC1 and mTORC2.
Abstract: mTOR (mammalian target of rapamycin) stimulates cell growth by phosphorylating and promoting activation of AGC family kinases such as Akt (protein kinase B), S6K (p70 ribosomal S6 kinase) and SGK (serum and glucocorticoid protein kinase). mTORC1 phosphorylates the hydrophobic motif of S6K, whereas mTORC2 phosphorylates the hydrophobic motif of Akt and SGK. In the present paper we describe the small molecule Ku-0063794, which inhibits both mTORC1 and mTORC2 with an IC50 of approximately 10 nM, but does not suppress the activity of 76 other protein kinases or seven lipid kinases, including Class 1 PI3Ks at 1000-fold higher concentrations. Ku-0063794 is cell permeant, suppresses activation and hydrophobic motif phosphorylation of Akt, S6K and SGK, but not RSK, an AGC kinase not regulated by mTOR. Ku-0063794 also inhibited phosphorylation of the T-loop Thr308 residue of Akt phosphorylated by PDK1. In contrast, Ku-0063794 does not affect Thr308 phosphorylation in fibroblasts lacking essential mTORC2 subunits, suggesting that signalling processes have adapted to enable Thr308 phosphorylation to occur in the absence of Ser473 phosphorylation. We found that Ku-0063794 induced a much greater dephosphorylation of the mTORC1 substrate 4E-BP1 than rapamycin, even in mTORC2-deficient cells. Ku-0063794 also suppressed cell growth and induced a G1-cell-cycle arrest. Our results indicate that Ku-0063794 will be useful in delineating the physiological roles of mTOR and may have utility in treatment of cancers in which this pathway is inappropriately activated."
recV7IKdWLsQfqtNw,VEZ1975,"Rapamycin (AY-22,989), a new antifungal antibiotic. I. Taxonomy of the producing streptomycete and isolation of the active principle",Vezina C; Kudelski A; Sehgal SN,1975,Journal of Antibiotics,Mechanism,Streptomyces hygroscopicus (soil bacterium),Rapamycin,D - Mechanistic/Review,5 - Mechanistic / In Vitro,Yes,10.7164/antibiotics.28.721,,,False,"A streptomycete was isolated from an Easter Island soil sample and found to inhibit Candida albicans, Microsporum gypseum and Trichophyton granulosum. The antibiotic-producing microorganism was characterized and identified as Streptomyces hygroscopicus. The antifungal principle was extracted with organic solvent from the mycelium, isolated in crystalline form and named rapamycin. Rapamycin is mainly active against Candida albicans; minimum inhibitory concentration against ten strains ranged from 0.02 to 0.2 mug/ml. Its apparent activity against Microsporum gypseum and Trichophyton granulosum is lower because of its instability in culture media on prolonged incubation required by these fungi. No activity was observed against gram-positive and gram-negative bacteria. Acute toxicity in mice is low.","The original isolation of rapamycin from a soil bacterium found on Easter Island, discovered first as an antifungal compound decades before its mTOR-inhibiting mechanism was known.","Rapamycin (AY-22,989), a new antifungal antibiotic. I. Taxonomy of the producing streptomycete and isolation of the active principle
Key finding: The original isolation of rapamycin from a soil bacterium found on Easter Island, discovered first as an antifungal compound decades before its mTOR-inhibiting mechanism was known.
Abstract: A streptomycete was isolated from an Easter Island soil sample and found to inhibit Candida albicans, Microsporum gypseum and Trichophyton granulosum. The antibiotic-producing microorganism was characterized and identified as Streptomyces hygroscopicus. The antifungal principle was extracted with organic solvent from the mycelium, isolated in crystalline form and named rapamycin. Rapamycin is mainly active against Candida albicans; minimum inhibitory concentration against ten strains ranged from 0.02 to 0.2 mug/ml. Its apparent activity against Microsporum gypseum and Trichophyton granulosum is lower because of its instability in culture media on prolonged incubation required by these fungi. No activity was observed against gram-positive and gram-negative bacteria. Acute toxicity in mice is low."
recV7ukT0NTbeZhoD,YAN2013,"mTOR kinase structure, mechanism and regulation",Yang H; Rudge DG; Koos JD; Vaidialingam B; Yang HJ; Pavletich NP,2013,Nature,Mechanism,X-ray crystallography (structural biology),mTOR; FKBP12; Rapamycin,D - Mechanistic/Review,5 - Mechanistic / In Vitro,Yes,10.1038/nature12122,23636326,PMC4512754,True,"The mammalian target of rapamycin (mTOR), a phosphoinositide 3-kinase-related protein kinase, controls cell growth in response to nutrients and growth factors and is frequently deregulated in cancer. Here we report co-crystal structures of a complex of truncated mTOR and mammalian lethal with SEC13 protein 8 (mLST8) with an ATP transition state mimic and with ATP-site inhibitors. The structures reveal an intrinsically active kinase conformation, with catalytic residues and a catalytic mechanism remarkably similar to canonical protein kinases. The active site is highly recessed owing to the FKBP12-rapamycin-binding (FRB) domain and an inhibitory helix protruding from the catalytic cleft. mTOR-activating mutations map to the structural framework that holds these elements in place, indicating that the kinase is controlled by restricted access. In vitro biochemistry shows that the FRB domain acts as a gatekeeper, with its rapamycin-binding site interacting with substrates to grant them access to the restricted active site. Rapamycin-FKBP12 inhibits the kinase by directly blocking substrate recruitment and by further restricting active-site access. The structures also reveal active-site residues and conformational changes that underlie inhibitor potency and specificity.","Solved the crystal structure of the mTOR kinase itself. Revealed why the active site is so hard to reach - it sits in a deep recess guarded by the FRB domain, which acts as a 'gatekeeper' letting substrates in. This structure explains at the atomic level exactly how FKBP12-rapamycin blocks access, and why activating cancer mutations cluster where they do.","mTOR kinase structure, mechanism and regulation
Key finding: Solved the crystal structure of the mTOR kinase itself. Revealed why the active site is so hard to reach - it sits in a deep recess guarded by the FRB domain, which acts as a 'gatekeeper' letting substrates in. This structure explains at the atomic level exactly how FKBP12-rapamycin blocks access, and why activating cancer mutations cluster where they do.
Abstract: The mammalian target of rapamycin (mTOR), a phosphoinositide 3-kinase-related protein kinase, controls cell growth in response to nutrients and growth factors and is frequently deregulated in cancer. Here we report co-crystal structures of a complex of truncated mTOR and mammalian lethal with SEC13 protein 8 (mLST8) with an ATP transition state mimic and with ATP-site inhibitors. The structures reveal an intrinsically active kinase conformation, with catalytic residues and a catalytic mechanism remarkably similar to canonical protein kinases. The active site is highly recessed owing to the FKBP12-rapamycin-binding (FRB) domain and an inhibitory helix protruding from the catalytic cleft. mTOR-activating mutations map to the structural framework that holds these elements in place, indicating that the kinase is controlled by restricted access. In vitro biochemistry shows that the FRB domain acts as a gatekeeper, with its rapamycin-binding site interacting with substrates to grant them access to the restricted active site. Rapamycin-FKBP12 inhibits the kinase by directly blocking substrate recruitment and by further restricting active-site access. The structures also reveal active-site residues and conformational changes that underlie inhibitor potency and specificity."
recVdLRh6NQbVxeF7,WOL2017,KICSTOR recruits GATOR1 to the lysosome and is necessary for nutrients to regulate mTORC1,Wolfson RL; Sabatini DM et al.,2017,Nature,Mechanism,Mammalian cells,"KICSTOR, GATOR1, lysosome",D - Mechanistic/Review,5 - Mechanistic / In Vitro,Yes,10.1038/nature21423,28199306,PMC5360989,True,"The mechanistic target of rapamycin complex 1 (mTORC1) is a central regulator of cell growth that responds to diverse environmental signals and is deregulated in many human diseases, including cancer and epilepsy. Amino acids are a key input to this system, and act through the Rag GTPases to promote the translocation of mTORC1 to the lysosomal surface, its site of activation. Multiple protein complexes regulate the Rag GTPases in response to amino acids, including GATOR1, a GTPase activating protein for RAGA, and GATOR2, a positive regulator of unknown molecular function. Here we identify a protein complex (KICSTOR) that is composed of four proteins, KPTN, ITFG2, C12orf66 and SZT2, and that is required for amino acid or glucose deprivation to inhibit mTORC1 in cultured human cells. In mice that lack SZT2, mTORC1 signalling is increased in several tissues, including in neurons in the brain. KICSTOR localizes to lysosomes; binds and recruits GATOR1, but not GATOR2, to the lysosomal surface; and is necessary for the interaction of GATOR1 with its substrates, the Rag GTPases, and with GATOR2. Notably, several KICSTOR components are mutated in neurological diseases associated with mutations that lead to hyperactive mTORC1 signalling. Thus, KICSTOR is a lysosome-associated negative regulator of mTORC1 signalling, which, like GATOR1, is mutated in human disease.","KICSTOR tethers GATOR1 to the lysosome, required for nutrient control of mTORC1.","KICSTOR recruits GATOR1 to the lysosome and is necessary for nutrients to regulate mTORC1
Key finding: KICSTOR tethers GATOR1 to the lysosome, required for nutrient control of mTORC1.
Abstract: The mechanistic target of rapamycin complex 1 (mTORC1) is a central regulator of cell growth that responds to diverse environmental signals and is deregulated in many human diseases, including cancer and epilepsy. Amino acids are a key input to this system, and act through the Rag GTPases to promote the translocation of mTORC1 to the lysosomal surface, its site of activation. Multiple protein complexes regulate the Rag GTPases in response to amino acids, including GATOR1, a GTPase activating protein for RAGA, and GATOR2, a positive regulator of unknown molecular function. Here we identify a protein complex (KICSTOR) that is composed of four proteins, KPTN, ITFG2, C12orf66 and SZT2, and that is required for amino acid or glucose deprivation to inhibit mTORC1 in cultured human cells. In mice that lack SZT2, mTORC1 signalling is increased in several tissues, including in neurons in the brain. KICSTOR localizes to lysosomes; binds and recruits GATOR1, but not GATOR2, to the lysosomal surface; and is necessary for the interaction of GATOR1 with its substrates, the Rag GTPases, and with GATOR2. Notably, several KICSTOR components are mutated in neurological diseases associated with mutations that lead to hyperactive mTORC1 signalling. Thus, KICSTOR is a lysosome-associated negative regulator of mTORC1 signalling, which, like GATOR1, is mutated in human disease."
recVe6W1YsrZ9uBXU,BET2013,mTOR complex 2-Akt signaling at mitochondria-associated endoplasmic reticulum membranes (MAM) regulates mitochondrial physiology,Betz C; Hall MN et al.,2013,Proceedings of the National Academy of Sciences of the United States of America,Mechanism,Mammalian cells,"mTORC2, Akt, MAM, mitochondria",D - Mechanistic/Review,5 - Mechanistic / In Vitro,Yes,10.1073/pnas.1302455110,23852728,PMC3732980,True,"The target of rapamycin (TOR) is a highly conserved protein kinase and a central controller of growth. Mammalian TOR complex 2 (mTORC2) regulates AGC kinase family members and is implicated in various disorders, including cancer and diabetes. Here we report that mTORC2 is localized to the endoplasmic reticulum (ER) subcompartment termed mitochondria-associated ER membrane (MAM). mTORC2 localization to MAM was growth factor-stimulated, and mTORC2 at MAM interacted with the IP3 receptor (IP3R)-Grp75-voltage-dependent anion-selective channel 1 ER-mitochondrial tethering complex. mTORC2 deficiency disrupted MAM, causing mitochondrial defects including increases in mitochondrial membrane potential, ATP production, and calcium uptake. mTORC2 controlled MAM integrity and mitochondrial function via Akt mediated phosphorylation of the MAM associated proteins IP3R, Hexokinase 2, and phosphofurin acidic cluster sorting protein 2. Thus, mTORC2 is at the core of a MAM signaling hub that controls growth and metabolism.",mTORC2-Akt signalling localizes to mitochondria-associated ER membranes to regulate mitochondrial function.,"mTOR complex 2-Akt signaling at mitochondria-associated endoplasmic reticulum membranes (MAM) regulates mitochondrial physiology
Key finding: mTORC2-Akt signalling localizes to mitochondria-associated ER membranes to regulate mitochondrial function.
Abstract: The target of rapamycin (TOR) is a highly conserved protein kinase and a central controller of growth. Mammalian TOR complex 2 (mTORC2) regulates AGC kinase family members and is implicated in various disorders, including cancer and diabetes. Here we report that mTORC2 is localized to the endoplasmic reticulum (ER) subcompartment termed mitochondria-associated ER membrane (MAM). mTORC2 localization to MAM was growth factor-stimulated, and mTORC2 at MAM interacted with the IP3 receptor (IP3R)-Grp75-voltage-dependent anion-selective channel 1 ER-mitochondrial tethering complex. mTORC2 deficiency disrupted MAM, causing mitochondrial defects including increases in mitochondrial membrane potential, ATP production, and calcium uptake. mTORC2 controlled MAM integrity and mitochondrial function via Akt mediated phosphorylation of the MAM associated proteins IP3R, Hexokinase 2, and phosphofurin acidic cluster sorting protein 2. Thus, mTORC2 is at the core of a MAM signaling hub that controls growth and metabolism."
recVhCCIWKDtYOODx,OSH2007,The proline-rich Akt substrate of 40 kDa (PRAS40) is a physiological substrate of mammalian target of rapamycin complex 1,Oshiro N; Yonezawa K et al.,2007,The Journal of biological chemistry,Mechanism,Mammalian cells,"PRAS40, mTORC1, raptor",D - Mechanistic/Review,5 - Mechanistic / In Vitro,Yes,10.1074/jbc.M702636200,17517883,PMC3199301,True,"The proline-rich Akt substrate of 40 kilodaltons (PRAS40) was identified as a raptor-binding protein that is phosphorylated directly by mammalian target of rapamycin (mTOR) complex 1 (mTORC1) but not mTORC2 in vitro, predominantly at PRAS40 (Ser(183)). The binding of S6K1 and 4E-BP1 to raptor requires a TOR signaling (TOS) motif, which contains an essential Phe followed by four alternating acidic and small hydrophobic amino acids. PRAS40 binding to raptor was severely inhibited by mutation of PRAS40 (Phe(129) to Ala). Immediately carboxyl-terminal to Phe(129) are two small hydrophobic amino acid followed by two acidic residues. PRAS40 binding to raptor was also abolished by mutation of the major mTORC1 phosphorylation site, Ser(183), to Asp. PRAS40 (Ser(183)) was phosphorylated in intact cells; this phosphorylation was inhibited by rapamycin, by 2-deoxyglucose, and by overexpression of the tuberous sclerosis complex heterodimer. PRAS40 (Ser(183)) phosphorylation was also inhibited reversibly by withdrawal of all or of only the branched chain amino acids; this inhibition was reversed by overexpression of the Rheb GTPase. Overexpressed PRAS40 suppressed the phosphorylation of S6K1 and 4E-BP1 at their rapamycin-sensitive phosphorylation sites, and reciprocally, overexpression of S6K1 or 4E-BP1 suppressed phosphorylation of PRAS40 (Ser(183)) and its binding to raptor. RNA interference-induced depletion of PRAS40 enhanced the amino acid-stimulated phosphorylation of both S6K1 and 4E-BP1. These results establish PRAS40 as a physiological mTORC1 substrate that contains a variant TOS motif. Moreover, they indicate that the ability of raptor to bind endogenous substrates is limiting for the activity of mTORC1 in vivo and is therefore a potential locus of regulation.",PRAS40 is a physiological raptor-bound substrate and inhibitor of mTORC1.,"The proline-rich Akt substrate of 40 kDa (PRAS40) is a physiological substrate of mammalian target of rapamycin complex 1
Key finding: PRAS40 is a physiological raptor-bound substrate and inhibitor of mTORC1.
Abstract: The proline-rich Akt substrate of 40 kilodaltons (PRAS40) was identified as a raptor-binding protein that is phosphorylated directly by mammalian target of rapamycin (mTOR) complex 1 (mTORC1) but not mTORC2 in vitro, predominantly at PRAS40 (Ser(183)). The binding of S6K1 and 4E-BP1 to raptor requires a TOR signaling (TOS) motif, which contains an essential Phe followed by four alternating acidic and small hydrophobic amino acids. PRAS40 binding to raptor was severely inhibited by mutation of PRAS40 (Phe(129) to Ala). Immediately carboxyl-terminal to Phe(129) are two small hydrophobic amino acid followed by two acidic residues. PRAS40 binding to raptor was also abolished by mutation of the major mTORC1 phosphorylation site, Ser(183), to Asp. PRAS40 (Ser(183)) was phosphorylated in intact cells; this phosphorylation was inhibited by rapamycin, by 2-deoxyglucose, and by overexpression of the tuberous sclerosis complex heterodimer. PRAS40 (Ser(183)) phosphorylation was also inhibited reversibly by withdrawal of all or of only the branched chain amino acids; this inhibition was reversed by overexpression of the Rheb GTPase. Overexpressed PRAS40 suppressed the phosphorylation of S6K1 and 4E-BP1 at their rapamycin-sensitive phosphorylation sites, and reciprocally, overexpression of S6K1 or 4E-BP1 suppressed phosphorylation of PRAS40 (Ser(183)) and its binding to raptor. RNA interference-induced depletion of PRAS40 enhanced the amino acid-stimulated phosphorylation of both S6K1 and 4E-BP1. These results establish PRAS40 as a physiological mTORC1 substrate that contains a variant TOS motif. Moreover, they indicate that the ability of raptor to bind endogenous substrates is limiting for the activity of mTORC1 in vivo and is therefore a potential locus of regulation."
recVltrif6rYEA9Gq,RAV2004,Inhibition of mTOR induces autophagy and reduces toxicity of polyglutamine expansions in fly and mouse models of Huntington disease,Ravikumar B; Rubinsztein DC et al.,2004,Nature Genetics,Animal,Drosophila and mouse models of Huntington's disease,mTORC1; Autophagy; Huntington's disease,C - Animal,4 - Animal Study,Yes,10.1038/ng1362,,,False,"Huntington disease is one of nine inherited neurodegenerative disorders caused by a polyglutamine tract expansion. Expanded polyglutamine proteins accumulate abnormally in intracellular aggregates. Here we show that mammalian target of rapamycin (mTOR) is sequestered in polyglutamine aggregates in cell models, transgenic mice and human brains. Sequestration of mTOR impairs its kinase activity and induces autophagy, a key clearance pathway for mutant huntingtin fragments. This protects against polyglutamine toxicity, as the specific mTOR inhibitor rapamycin attenuates huntingtin accumulation and cell death in cell models of Huntington disease, and inhibition of autophagy has the converse effects. Furthermore, rapamycin protects against neurodegeneration in a fly model of Huntington disease, and the rapamycin analog CCI-779 improved performance on four different behavioral tasks and decreased aggregate formation in a mouse model of Huntington disease. Our data provide proof-of-principle for the potential of inducing autophagy to treat Huntington disease.",Rapamycin-induced autophagy cleared toxic clumped proteins and improved symptoms in fly and mouse models of Huntington's disease.,"Inhibition of mTOR induces autophagy and reduces toxicity of polyglutamine expansions in fly and mouse models of Huntington disease
Key finding: Rapamycin-induced autophagy cleared toxic clumped proteins and improved symptoms in fly and mouse models of Huntington's disease.
Abstract: Huntington disease is one of nine inherited neurodegenerative disorders caused by a polyglutamine tract expansion. Expanded polyglutamine proteins accumulate abnormally in intracellular aggregates. Here we show that mammalian target of rapamycin (mTOR) is sequestered in polyglutamine aggregates in cell models, transgenic mice and human brains. Sequestration of mTOR impairs its kinase activity and induces autophagy, a key clearance pathway for mutant huntingtin fragments. This protects against polyglutamine toxicity, as the specific mTOR inhibitor rapamycin attenuates huntingtin accumulation and cell death in cell models of Huntington disease, and inhibition of autophagy has the converse effects. Furthermore, rapamycin protects against neurodegeneration in a fly model of Huntington disease, and the rapamycin analog CCI-779 improved performance on four different behavioral tasks and decreased aggregate formation in a mouse model of Huntington disease. Our data provide proof-of-principle for the potential of inducing autophagy to treat Huntington disease."
recVzEv9RAitFOmNN,MCC2011,Efficacy and safety of sirolimus in lymphangioleiomyomatosis (MILES),McCormack FX; Inoue Y; Moss J; Singer LG; Strange C; et al.; Trapnell BC,2011,New England Journal of Medicine,Human,"Humans, RCT (n=89, women with LAM)",Rapamycin; Lymphangioleiomyomatosis; mTORC1,B - Human,2 - Human Clinical Trial,Yes,10.1056/NEJMoa1100391,21410393,PMC3118601,True,"Lymphangioleiomyomatosis (LAM) is a progressive, cystic lung disease in women; it is associated with inappropriate activation of mammalian target of rapamycin (mTOR) signaling, which regulates cellular growth and lymphangiogenesis. Sirolimus (also called rapamycin) inhibits mTOR and has shown promise in phase 1-2 trials involving patients with LAM.

We conducted a two-stage trial of sirolimus involving 89 patients with LAM who had moderate lung impairment--a 12-month randomized, double-blind comparison of sirolimus with placebo, followed by a 12-month observation period. The primary end point was the difference between the groups in the rate of change (slope) in forced expiratory volume in 1 second (FEV(1)).

During the treatment period, the FEV(1) slope was -12±2 ml per month in the placebo group (43 patients) and 1±2 ml per month in the sirolimus group (46 patients) (P<0.001). The absolute between-group difference in the mean change in FEV(1) during the treatment period was 153 ml, or approximately 11% of the mean FEV(1) at enrollment. As compared with the placebo group, the sirolimus group had improvement from baseline to 12 months in measures of forced vital capacity, functional residual capacity, serum vascular endothelial growth factor D (VEGF-D), and quality of life and functional performance. There was no significant between-group difference in this interval in the change in 6-minute walk distance or diffusing capacity of the lung for carbon monoxide. After discontinuation of sirolimus, the decline in lung function resumed in the sirolimus group and paralleled that in the placebo group. Adverse events were more common with sirolimus, but the frequency of serious adverse events did not differ significantly between the groups.

In patients with LAM, sirolimus stabilized lung function, reduced serum VEGF-D levels, and was associated with a reduction in symptoms and improvement in quality of life. Therapy with sirolimus may be useful in selected patients with LAM. (Funded by the National Institutes of Health and others; MILES ClinicalTrials.gov number, NCT00414648.).","A landmark RCT (n=89) - the first to prove rapamycin (sirolimus) treats a human lung disease. In LAM, lung function normally declines relentlessly; sirolimus STOPPED that decline while patients took it (and it resumed after stopping). Direct human proof that mTOR inhibition can halt a progressive disease.","Efficacy and safety of sirolimus in lymphangioleiomyomatosis (MILES)
Key finding: A landmark RCT (n=89) - the first to prove rapamycin (sirolimus) treats a human lung disease. In LAM, lung function normally declines relentlessly; sirolimus STOPPED that decline while patients took it (and it resumed after stopping). Direct human proof that mTOR inhibition can halt a progressive disease.
Abstract: Lymphangioleiomyomatosis (LAM) is a progressive, cystic lung disease in women; it is associated with inappropriate activation of mammalian target of rapamycin (mTOR) signaling, which regulates cellular growth and lymphangiogenesis. Sirolimus (also called rapamycin) inhibits mTOR and has shown promise in phase 1-2 trials involving patients with LAM.

We conducted a two-stage trial of sirolimus involving 89 patients with LAM who had moderate lung impairment--a 12-month randomized, double-blind comparison of sirolimus with placebo, followed by a 12-month observation period. The primary end point was the difference between the groups in the rate of change (slope) in forced expiratory volume in 1 second (FEV(1)).

During the treatment period, the FEV(1) slope was -12±2 ml per month in the placebo group (43 patients) and 1±2 ml per month in the sirolimus group (46 patients) (P<0.001). The absolute between-group difference in the mean change in FEV(1) during the treatment period was 153 ml, or approximately 11% of the mean FEV(1) at enrollment. As compared with the placebo group, the sirolimus group had improvement from baseline to 12 months in measures of forced vital capacity, functional residual capacity, serum vascular endothelial growth factor D (VEGF-D), and quality of life and functional performance. There was no significant between-group difference in this interval in the change in 6-minute walk distance or diffusing capacity of the lung for carbon monoxide. After discontinuation of sirolimus, the decline in lung function resumed in the sirolimus group and paralleled that in the placebo group. Adverse events were more common with sirolimus, but the frequency of serious adverse events did not differ significantly between the groups.

In patients with LAM, sirolimus stabilized lung function, reduced serum VEGF-D levels, and was associated with a reduction in symptoms and improvement in quality of life. Therapy with sirolimus may be useful in selected patients with LAM. (Funded by the National Institutes of Health and others; MILES ClinicalTrials.gov number, NCT00414648.)."
recW8iUqbackDrHBw,BOD2001,Akt/mTOR pathway is a crucial regulator of skeletal muscle hypertrophy and can prevent muscle atrophy in vivo,Bodine SC; Yancopoulos GD et al.,2001,Nature cell biology,Animal,Mouse; muscle,"Akt, mTOR, PKB, muscle",C - Animal,4 - Animal Study,Yes,10.1038/ncb1101-1014,,,False,"Skeletal muscles adapt to changes in their workload by regulating fibre size by unknown mechanisms. The roles of two signalling pathways implicated in muscle hypertrophy on the basis of findings in vitro, Akt/mTOR (mammalian target of rapamycin) and calcineurin/NFAT (nuclear factor of activated T cells), were investigated in several models of skeletal muscle hypertrophy and atrophy in vivo. The Akt/mTOR pathway was upregulated during hypertrophy and downregulated during muscle atrophy. Furthermore, rapamycin, a selective blocker of mTOR, blocked hypertrophy in all models tested, without causing atrophy in control muscles. In contrast, the calcineurin pathway was not activated during hypertrophy in vivo, and inhibitors of calcineurin, cyclosporin A and FK506 did not blunt hypertrophy. Finally, genetic activation of the Akt/mTOR pathway was sufficient to cause hypertrophy and prevent atrophy in vivo, whereas genetic blockade of this pathway blocked hypertrophy in vivo. We conclude that the activation of the Akt/mTOR pathway and its downstream targets, p70S6K and PHAS-1/4E-BP1, is requisitely involved in regulating skeletal muscle fibre size, and that activation of the Akt/mTOR pathway can oppose muscle atrophy induced by disuse.",Akt/mTOR signalling is necessary and sufficient to drive skeletal-muscle hypertrophy and counteract atrophy in vivo.,"Akt/mTOR pathway is a crucial regulator of skeletal muscle hypertrophy and can prevent muscle atrophy in vivo
Key finding: Akt/mTOR signalling is necessary and sufficient to drive skeletal-muscle hypertrophy and counteract atrophy in vivo.
Abstract: Skeletal muscles adapt to changes in their workload by regulating fibre size by unknown mechanisms. The roles of two signalling pathways implicated in muscle hypertrophy on the basis of findings in vitro, Akt/mTOR (mammalian target of rapamycin) and calcineurin/NFAT (nuclear factor of activated T cells), were investigated in several models of skeletal muscle hypertrophy and atrophy in vivo. The Akt/mTOR pathway was upregulated during hypertrophy and downregulated during muscle atrophy. Furthermore, rapamycin, a selective blocker of mTOR, blocked hypertrophy in all models tested, without causing atrophy in control muscles. In contrast, the calcineurin pathway was not activated during hypertrophy in vivo, and inhibitors of calcineurin, cyclosporin A and FK506 did not blunt hypertrophy. Finally, genetic activation of the Akt/mTOR pathway was sufficient to cause hypertrophy and prevent atrophy in vivo, whereas genetic blockade of this pathway blocked hypertrophy in vivo. We conclude that the activation of the Akt/mTOR pathway and its downstream targets, p70S6K and PHAS-1/4E-BP1, is requisitely involved in regulating skeletal muscle fibre size, and that activation of the Akt/mTOR pathway can oppose muscle atrophy induced by disuse."
recWAmmcy9JS3b24x,DIB2012,TBC1D7 is a third subunit of the TSC1-TSC2 complex upstream of mTORC1,Dibble CC; Manning BD et al.,2012,Molecular cell,Mechanism,Mammalian cells,"TBC1D7, TSC1/TSC2",D - Mechanistic/Review,5 - Mechanistic / In Vitro,Yes,10.1016/j.molcel.2012.06.009,22795129,PMC3693578,True,"The tuberous sclerosis complex (TSC) tumor suppressors form the TSC1-TSC2 complex, which limits cell growth in response to poor growth conditions. Through its GTPase-activating protein (GAP) activity toward Rheb, this complex inhibits the mechanistic target of rapamycin (mTOR) complex 1 (mTORC1), a key promoter of cell growth. Here, we identify and biochemically characterize TBC1D7 as a stably associated and ubiquitous third core subunit of the TSC1-TSC2 complex. We demonstrate that the TSC1-TSC2-TBC1D7 (TSC-TBC) complex is the functional complex that senses specific cellular growth conditions and possesses Rheb-GAP activity. Sequencing analyses of samples from TSC patients suggest that TBC1D7 is unlikely to represent TSC3. TBC1D7 knockdown decreases the association of TSC1 and TSC2 leading to decreased Rheb-GAP activity, without effects on the localization of TSC2 to the lysosome. Like the other TSC-TBC components, TBC1D7 knockdown results in increased mTORC1 signaling, delayed induction of autophagy, and enhanced cell growth under poor growth conditions.",TBC1D7 is the third core subunit of the TSC1-TSC2 complex regulating Rheb/mTORC1.,"TBC1D7 is a third subunit of the TSC1-TSC2 complex upstream of mTORC1
Key finding: TBC1D7 is the third core subunit of the TSC1-TSC2 complex regulating Rheb/mTORC1.
Abstract: The tuberous sclerosis complex (TSC) tumor suppressors form the TSC1-TSC2 complex, which limits cell growth in response to poor growth conditions. Through its GTPase-activating protein (GAP) activity toward Rheb, this complex inhibits the mechanistic target of rapamycin (mTOR) complex 1 (mTORC1), a key promoter of cell growth. Here, we identify and biochemically characterize TBC1D7 as a stably associated and ubiquitous third core subunit of the TSC1-TSC2 complex. We demonstrate that the TSC1-TSC2-TBC1D7 (TSC-TBC) complex is the functional complex that senses specific cellular growth conditions and possesses Rheb-GAP activity. Sequencing analyses of samples from TSC patients suggest that TBC1D7 is unlikely to represent TSC3. TBC1D7 knockdown decreases the association of TSC1 and TSC2 leading to decreased Rheb-GAP activity, without effects on the localization of TSC2 to the lysosome. Like the other TSC-TBC components, TBC1D7 knockdown results in increased mTORC1 signaling, delayed induction of autophagy, and enhanced cell growth under poor growth conditions."
recWP8HbDafOx5slV,BIT2016,Transient rapamycin treatment can increase lifespan and healthspan in middle-aged mice,Bitto A; Kaeberlein M et al.,2016,eLife,Negative_result,Mouse (middle-aged),Rapamycin; Longevity,C - Animal,4 - Animal Study,Yes,10.7554/eLife.16351,27549339,PMC4996648,True,"The FDA approved drug rapamycin increases lifespan in rodents and delays age-related dysfunction in rodents and humans. Nevertheless, important questions remain regarding the optimal dose, duration, and mechanisms of action in the context of healthy aging. Here we show that 3 months of rapamycin treatment is sufficient to increase life expectancy by up to 60% and improve measures of healthspan in middle-aged mice. This transient treatment is also associated with a remodeling of the microbiome, including dramatically increased prevalence of segmented filamentous bacteria in the small intestine. We also define a dose in female mice that does not extend lifespan, but is associated with a striking shift in cancer prevalence toward aggressive hematopoietic cancers and away from non-hematopoietic malignancies. These data suggest that a short-term rapamycin treatment late in life has persistent effects that can robustly delay aging, influence cancer prevalence, and modulate the microbiome.","Just 3 months of rapamycin late in life increased subsequent life expectancy by up to 60% - evidence that transient, not lifelong, dosing can capture the benefit.","Transient rapamycin treatment can increase lifespan and healthspan in middle-aged mice
Key finding: Just 3 months of rapamycin late in life increased subsequent life expectancy by up to 60% - evidence that transient, not lifelong, dosing can capture the benefit.
Abstract: The FDA approved drug rapamycin increases lifespan in rodents and delays age-related dysfunction in rodents and humans. Nevertheless, important questions remain regarding the optimal dose, duration, and mechanisms of action in the context of healthy aging. Here we show that 3 months of rapamycin treatment is sufficient to increase life expectancy by up to 60% and improve measures of healthspan in middle-aged mice. This transient treatment is also associated with a remodeling of the microbiome, including dramatically increased prevalence of segmented filamentous bacteria in the small intestine. We also define a dose in female mice that does not extend lifespan, but is associated with a striking shift in cancer prevalence toward aggressive hematopoietic cancers and away from non-hematopoietic malignancies. These data suggest that a short-term rapamycin treatment late in life has persistent effects that can robustly delay aging, influence cancer prevalence, and modulate the microbiome."
recWSerR3ss7RRqTO,THO2009,An ATP-competitive mammalian target of rapamycin inhibitor reveals rapamycin-resistant functions of mTORC1,Thoreen CC; Kang SA; Chang JW; Liu Q; Zhang J; Gao Y; Reichling LJ; Sim T; Sabatini DM; Gray NS,2009,Journal of Biological Chemistry,Mechanism,Mouse/human cells,mTORC1; Torin1; Rapamycin; 4E-BP1,D - Mechanistic/Review,5 - Mechanistic / In Vitro,Yes,10.1074/jbc.M900301200,19150980,PMC2658096,True,"The mammalian target of rapamycin (mTOR) kinase is the catalytic subunit of two functionally distinct complexes, mTORC1 and mTORC2, that coordinately promote cell growth, proliferation, and survival. Rapamycin is a potent allosteric mTORC1 inhibitor with clinical applications as an immunosuppressant and anti-cancer agent. Here we find that Torin1, a highly potent and selective ATP-competitive mTOR inhibitor that directly inhibits both complexes, impairs cell growth and proliferation to a far greater degree than rapamycin. Surprisingly, these effects are independent of mTORC2 inhibition and are instead because of suppression of rapamycin-resistant functions of mTORC1 that are necessary for cap-dependent translation and suppression of autophagy. These effects are at least partly mediated by mTORC1-dependent and rapamycin-resistant phosphorylation of 4E-BP1. Our findings challenge the assumption that rapamycin completely inhibits mTORC1 and indicate that direct inhibitors of mTORC1 kinase activity may be more successful than rapamycin at inhibiting tumors that depend on mTORC1.","Dropped a bombshell: rapamycin does NOT fully block mTORC1. Using Torin1 (which jams the active site directly), the authors showed rapamycin leaves important mTORC1 jobs running - notably 4E-BP1 phosphorylation and autophagy suppression. This reframed a decade of rapamycin experiments and launched the search for complete inhibitors.","An ATP-competitive mammalian target of rapamycin inhibitor reveals rapamycin-resistant functions of mTORC1
Key finding: Dropped a bombshell: rapamycin does NOT fully block mTORC1. Using Torin1 (which jams the active site directly), the authors showed rapamycin leaves important mTORC1 jobs running - notably 4E-BP1 phosphorylation and autophagy suppression. This reframed a decade of rapamycin experiments and launched the search for complete inhibitors.
Abstract: The mammalian target of rapamycin (mTOR) kinase is the catalytic subunit of two functionally distinct complexes, mTORC1 and mTORC2, that coordinately promote cell growth, proliferation, and survival. Rapamycin is a potent allosteric mTORC1 inhibitor with clinical applications as an immunosuppressant and anti-cancer agent. Here we find that Torin1, a highly potent and selective ATP-competitive mTOR inhibitor that directly inhibits both complexes, impairs cell growth and proliferation to a far greater degree than rapamycin. Surprisingly, these effects are independent of mTORC2 inhibition and are instead because of suppression of rapamycin-resistant functions of mTORC1 that are necessary for cap-dependent translation and suppression of autophagy. These effects are at least partly mediated by mTORC1-dependent and rapamycin-resistant phosphorylation of 4E-BP1. Our findings challenge the assumption that rapamycin completely inhibits mTORC1 and indicate that direct inhibitors of mTORC1 kinase activity may be more successful than rapamycin at inhibiting tumors that depend on mTORC1."
recWoowee1z3kNmnP,LAM2012,Rapamycin-induced insulin resistance is mediated by mTORC2 loss and uncoupled from longevity,Lamming DW et al.; Sabatini DM,2012,Science,Side effect,Mouse,Rapamycin; mTORC2; Insulin resistance,D - Mechanistic/Review,5 - Mechanistic / In Vitro,Yes,10.1126/science.1215135,22461615,PMC3324089,True,"Rapamycin, an inhibitor of mechanistic target of rapamycin complex 1 (mTORC1), extends the life spans of yeast, flies, and mice. Calorie restriction, which increases life span and insulin sensitivity, is proposed to function by inhibition of mTORC1, yet paradoxically, chronic administration of rapamycin substantially impairs glucose tolerance and insulin action. We demonstrate that rapamycin disrupted a second mTOR complex, mTORC2, in vivo and that mTORC2 was required for the insulin-mediated suppression of hepatic gluconeogenesis. Further, decreased mTORC1 signaling was sufficient to extend life span independently from changes in glucose homeostasis, as female mice heterozygous for both mTOR and mLST8 exhibited decreased mTORC1 activity and extended life span but had normal glucose tolerance and insulin sensitivity. Thus, mTORC2 disruption is an important mediator of the effects of rapamycin in vivo.","Chronic rapamycin disrupts mTORC2 as well, causing insulin resistance; lifespan extension can be uncoupled from this side effect.","Rapamycin-induced insulin resistance is mediated by mTORC2 loss and uncoupled from longevity
Key finding: Chronic rapamycin disrupts mTORC2 as well, causing insulin resistance; lifespan extension can be uncoupled from this side effect.
Abstract: Rapamycin, an inhibitor of mechanistic target of rapamycin complex 1 (mTORC1), extends the life spans of yeast, flies, and mice. Calorie restriction, which increases life span and insulin sensitivity, is proposed to function by inhibition of mTORC1, yet paradoxically, chronic administration of rapamycin substantially impairs glucose tolerance and insulin action. We demonstrate that rapamycin disrupted a second mTOR complex, mTORC2, in vivo and that mTORC2 was required for the insulin-mediated suppression of hepatic gluconeogenesis. Further, decreased mTORC1 signaling was sufficient to extend life span independently from changes in glucose homeostasis, as female mice heterozygous for both mTOR and mLST8 exhibited decreased mTORC1 activity and extended life span but had normal glucose tolerance and insulin sensitivity. Thus, mTORC2 disruption is an important mediator of the effects of rapamycin in vivo."
recX49pfXM4oCDTRL,BAR2013,A Tumor suppressor complex with GAP activity for the Rag GTPases that signal amino acid sufficiency to mTORC1,Bar-Peled L; Chantranupong L; Cherniack AD; Chen WW; Ottina KA; Grabiner BC; Spear ED; Carter SL; Meyerson M; Sabatini DM,2013,Science,Mechanism,Human cells + cancer genomics,GATOR1; GATOR2; Rag GTPases; mTORC1,D - Mechanistic/Review,5 - Mechanistic / In Vitro,Yes,10.1126/science.1232044,23723238,PMC3728654,True,"The mTOR complex 1 (mTORC1) pathway promotes cell growth in response to many cues, including amino acids, which act through the Rag guanosine triphosphatases (GTPases) to promote mTORC1 translocation to the lysosomal surface, its site of activation. Although progress has been made in identifying positive regulators of the Rags, it is unknown if negative factors also exist. Here, we identify GATOR as a complex that interacts with the Rags and is composed of two subcomplexes we call GATOR1 and -2. Inhibition of GATOR1 subunits (DEPDC5, Nprl2, and Nprl3) makes mTORC1 signaling resistant to amino acid deprivation. In contrast, inhibition of GATOR2 subunits (Mios, WDR24, WDR59, Seh1L, and Sec13) suppresses mTORC1 signaling, and epistasis analysis shows that GATOR2 negatively regulates DEPDC5. GATOR1 has GTPase-activating protein (GAP) activity for RagA and RagB, and its components are mutated in human cancer. In cancer cells with inactivating mutations in GATOR1, mTORC1 is hyperactive and insensitive to amino acid starvation, and such cells are hypersensitive to rapamycin, an mTORC1 inhibitor. Thus, we identify a key negative regulator of the Rag GTPases and reveal that, like other mTORC1 regulators, Rag function can be deregulated in cancer.","Found the OFF switch for amino acid signaling: the GATOR1 complex is a GAP that shuts the Rag GTPases (and thus mTORC1) down when amino acids run low, while GATOR2 opposes it. GATOR1 genes are mutated in cancers, making those tumors 'blind' to starvation and hypersensitive to rapamycin.","A Tumor suppressor complex with GAP activity for the Rag GTPases that signal amino acid sufficiency to mTORC1
Key finding: Found the OFF switch for amino acid signaling: the GATOR1 complex is a GAP that shuts the Rag GTPases (and thus mTORC1) down when amino acids run low, while GATOR2 opposes it. GATOR1 genes are mutated in cancers, making those tumors 'blind' to starvation and hypersensitive to rapamycin.
Abstract: The mTOR complex 1 (mTORC1) pathway promotes cell growth in response to many cues, including amino acids, which act through the Rag guanosine triphosphatases (GTPases) to promote mTORC1 translocation to the lysosomal surface, its site of activation. Although progress has been made in identifying positive regulators of the Rags, it is unknown if negative factors also exist. Here, we identify GATOR as a complex that interacts with the Rags and is composed of two subcomplexes we call GATOR1 and -2. Inhibition of GATOR1 subunits (DEPDC5, Nprl2, and Nprl3) makes mTORC1 signaling resistant to amino acid deprivation. In contrast, inhibition of GATOR2 subunits (Mios, WDR24, WDR59, Seh1L, and Sec13) suppresses mTORC1 signaling, and epistasis analysis shows that GATOR2 negatively regulates DEPDC5. GATOR1 has GTPase-activating protein (GAP) activity for RagA and RagB, and its components are mutated in human cancer. In cancer cells with inactivating mutations in GATOR1, mTORC1 is hyperactive and insensitive to amino acid starvation, and such cells are hypersensitive to rapamycin, an mTORC1 inhibitor. Thus, we identify a key negative regulator of the Rag GTPases and reveal that, like other mTORC1 regulators, Rag function can be deregulated in cancer."
recXNCUaAPxeXQdts,CHE2018,Cryo-EM structure of human mTOR complex 2,Chen X; Xu Y et al.,2018,Cell research,Mechanism,Cryo-EM structure,"mTORC2, Rictor, structure",D - Mechanistic/Review,5 - Mechanistic / In Vitro,Yes,10.1038/s41422-018-0029-3,29567957,PMC5951902,True,"Mechanistic target of rapamycin (mTOR) complex 2 (mTORC2) plays an essential role in regulating cell proliferation through phosphorylating AGC protein kinase family members, including AKT, PKC and SGK1. The functional core complex consists of mTOR, mLST8, and two mTORC2-specific components, Rictor and mSin1. Here we investigated the intermolecular interactions within mTORC2 complex and determined its cryo-electron microscopy structure at 4.9 A resolution. The structure reveals a hollow rhombohedral fold with a 2-fold symmetry. The dimerized mTOR serves as a scaffold for the complex assembly. The N-terminal half of Rictor is composed of helical repeat clusters and binds to mTOR through multiple contacts. mSin1 is located close to the FRB domain and catalytic cavity of mTOR. Rictor and mSin1 together generate steric hindrance to inhibit binding of FKBP12-rapamycin to mTOR, revealing the mechanism for rapamycin insensitivity of mTORC2. The mTOR dimer in mTORC2 shows more compact conformation than that of mTORC1 (rapamycin sensitive), which might result from the interaction between mTOR and Rictor-mSin1. Structural comparison shows that binding of Rictor and Raptor (mTORC1-specific component) to mTOR is mutually exclusive. Our study provides a basis for understanding the assembly of mTORC2 and a framework to further characterize the regulatory mechanism of mTORC2 pathway.",Cryo-EM structure of human mTORC2 defines its subunit organization and substrate access.,"Cryo-EM structure of human mTOR complex 2
Key finding: Cryo-EM structure of human mTORC2 defines its subunit organization and substrate access.
Abstract: Mechanistic target of rapamycin (mTOR) complex 2 (mTORC2) plays an essential role in regulating cell proliferation through phosphorylating AGC protein kinase family members, including AKT, PKC and SGK1. The functional core complex consists of mTOR, mLST8, and two mTORC2-specific components, Rictor and mSin1. Here we investigated the intermolecular interactions within mTORC2 complex and determined its cryo-electron microscopy structure at 4.9 A resolution. The structure reveals a hollow rhombohedral fold with a 2-fold symmetry. The dimerized mTOR serves as a scaffold for the complex assembly. The N-terminal half of Rictor is composed of helical repeat clusters and binds to mTOR through multiple contacts. mSin1 is located close to the FRB domain and catalytic cavity of mTOR. Rictor and mSin1 together generate steric hindrance to inhibit binding of FKBP12-rapamycin to mTOR, revealing the mechanism for rapamycin insensitivity of mTORC2. The mTOR dimer in mTORC2 shows more compact conformation than that of mTORC1 (rapamycin sensitive), which might result from the interaction between mTOR and Rictor-mSin1. Structural comparison shows that binding of Rictor and Raptor (mTORC1-specific component) to mTOR is mutually exclusive. Our study provides a basis for understanding the assembly of mTORC2 and a framework to further characterize the regulatory mechanism of mTORC2 pathway."
recXPTgRWnePIVLHk,SET2012,A lysosome-to-nucleus signalling mechanism senses and regulates the lysosome via mTOR and TFEB,Settembre C; Ballabio A et al.,2012,The EMBO journal,Mechanism,Mammalian cells,"TFEB, mTOR, lysosome",D - Mechanistic/Review,5 - Mechanistic / In Vitro,Yes,10.1038/emboj.2012.32,22343943,PMC3298007,True,"The lysosome plays a key role in cellular homeostasis by controlling both cellular clearance and energy production to respond to environmental cues. However, the mechanisms mediating lysosomal adaptation are largely unknown. Here, we show that the Transcription Factor EB (TFEB), a master regulator of lysosomal biogenesis, colocalizes with master growth regulator mTOR complex 1 (mTORC1) on the lysosomal membrane. When nutrients are present, phosphorylation of TFEB by mTORC1 inhibits TFEB activity. Conversely, pharmacological inhibition of mTORC1, as well as starvation and lysosomal disruption, activates TFEB by promoting its nuclear translocation. In addition, the transcriptional response of lysosomal and autophagic genes to either lysosomal dysfunction or pharmacological inhibition of mTORC1 is suppressed in TFEB-/- cells. Interestingly, the Rag GTPase complex, which senses lysosomal amino acids and activates mTORC1, is both necessary and sufficient to regulate starvation- and stress-induced nuclear translocation of TFEB. These data indicate that the lysosome senses its content and regulates its own biogenesis by a lysosome-to-nucleus signalling mechanism that involves TFEB and mTOR.",A lysosome-to-nucleus mechanism uses mTOR-dependent TFEB phosphorylation to sense lysosomal state.,"A lysosome-to-nucleus signalling mechanism senses and regulates the lysosome via mTOR and TFEB
Key finding: A lysosome-to-nucleus mechanism uses mTOR-dependent TFEB phosphorylation to sense lysosomal state.
Abstract: The lysosome plays a key role in cellular homeostasis by controlling both cellular clearance and energy production to respond to environmental cues. However, the mechanisms mediating lysosomal adaptation are largely unknown. Here, we show that the Transcription Factor EB (TFEB), a master regulator of lysosomal biogenesis, colocalizes with master growth regulator mTOR complex 1 (mTORC1) on the lysosomal membrane. When nutrients are present, phosphorylation of TFEB by mTORC1 inhibits TFEB activity. Conversely, pharmacological inhibition of mTORC1, as well as starvation and lysosomal disruption, activates TFEB by promoting its nuclear translocation. In addition, the transcriptional response of lysosomal and autophagic genes to either lysosomal dysfunction or pharmacological inhibition of mTORC1 is suppressed in TFEB-/- cells. Interestingly, the Rag GTPase complex, which senses lysosomal amino acids and activates mTORC1, is both necessary and sufficient to regulate starvation- and stress-induced nuclear translocation of TFEB. These data indicate that the lysosome senses its content and regulates its own biogenesis by a lysosome-to-nucleus signalling mechanism that involves TFEB and mTOR."
recXTby8V8dCUo1X3,ANA2019,Architecture of human Rag GTPase heterodimers and their complex with mTORC1,Anandapadamanaban M; Williams RL et al.,2019,Science,Mechanism,Cryo-EM structure,"Rag GTPases, mTORC1",D - Mechanistic/Review,5 - Mechanistic / In Vitro,Yes,10.1126/science.aax3939,31601764,PMC6795536,True,"The Rag guanosine triphosphatases (GTPases) recruit the master kinase mTORC1 to lysosomes to regulate cell growth and proliferation in response to amino acid availability. The nucleotide state of Rag heterodimers is critical for their association with mTORC1. Our cryo-electron microscopy structure of RagA/RagC in complex with mTORC1 shows the details of RagA/RagC binding to the RAPTOR subunit of mTORC1 and explains why only the RagA/RagCnucleotide state binds mTORC1. Previous kinetic studies suggested that GTP binding to one Rag locks the heterodimer to prevent GTP binding to the other. Our crystal structures and dynamics of RagA/RagC show the mechanism for this locking and explain how oncogenic hotspot mutations disrupt this process. In contrast to allosteric activation by RHEB, Rag heterodimer binding does not change mTORC1 conformation and activates mTORC1 by targeting it to lysosomes.",Structures of Rag GTPase heterodimers with mTORC1 explain nucleotide-state-dependent recruitment.,"Architecture of human Rag GTPase heterodimers and their complex with mTORC1
Key finding: Structures of Rag GTPase heterodimers with mTORC1 explain nucleotide-state-dependent recruitment.
Abstract: The Rag guanosine triphosphatases (GTPases) recruit the master kinase mTORC1 to lysosomes to regulate cell growth and proliferation in response to amino acid availability. The nucleotide state of Rag heterodimers is critical for their association with mTORC1. Our cryo-electron microscopy structure of RagA/RagC in complex with mTORC1 shows the details of RagA/RagC binding to the RAPTOR subunit of mTORC1 and explains why only the RagA/RagCnucleotide state binds mTORC1. Previous kinetic studies suggested that GTP binding to one Rag locks the heterodimer to prevent GTP binding to the other. Our crystal structures and dynamics of RagA/RagC show the mechanism for this locking and explain how oncogenic hotspot mutations disrupt this process. In contrast to allosteric activation by RHEB, Rag heterodimer binding does not change mTORC1 conformation and activates mTORC1 by targeting it to lysosomes."
recXwKyJdv1xUYSI1,LON2005,Rheb binds and regulates the mTOR kinase,Long X; Avruch J et al.,2005,Current biology : CB,Mechanism,In vitro,"Rheb, mTOR",D - Mechanistic/Review,5 - Mechanistic / In Vitro,Yes,10.1016/j.cub.2005.02.053,,,False,"The target of rapamycin (TOR), in complex with the proteins raptor and LST8 (TOR complex 1), phosphorylates the p70S6K and 4E-BP1 to promote mRNA translation. Genetic evidence establishes that TOR complex activity in vivo requires the small GTPase Rheb, and overexpression of Rheb can rescue TOR from inactivation in vivo by amino-acid withdrawal. The Tuberous Sclerosis heterodimer (TSC1/TSC2) functions as a Rheb GTPase activator and inhibits TOR signaling in vivo. Here, we show that Rheb binds to the TOR complex specifically, independently of its ability to bind TSC2, through separate interactions with the mTOR catalytic domain and with LST8. Rheb binding to the TOR complex in vivo and in vitro does not require Rheb guanyl nucleotide charging but is modulated by GTP and impaired by certain mutations (Ile39Lys) in the switch 1 loop. Nucleotide-deficient Rheb mutants, although capable of binding mTOR in vivo and in vitro, are inhibitory in vivo, and the mTOR polypeptides that associate with nucleotide-deficient Rheb in vivo lack kinase activity in vitro. Reciprocally, mTOR polypeptides bound to Rheb(Gln64Leu), a mutant that is nearly 90% GTP charged, exhibit substantially higher protein kinase specific activity than mTOR bound to wild-type Rheb. The TOR complex 1 is a direct target of Rheb-GTP, whose binding enables activation of the TOR kinase.",Rheb binds the mTOR kinase domain and directly stimulates its activity.,"Rheb binds and regulates the mTOR kinase
Key finding: Rheb binds the mTOR kinase domain and directly stimulates its activity.
Abstract: The target of rapamycin (TOR), in complex with the proteins raptor and LST8 (TOR complex 1), phosphorylates the p70S6K and 4E-BP1 to promote mRNA translation. Genetic evidence establishes that TOR complex activity in vivo requires the small GTPase Rheb, and overexpression of Rheb can rescue TOR from inactivation in vivo by amino-acid withdrawal. The Tuberous Sclerosis heterodimer (TSC1/TSC2) functions as a Rheb GTPase activator and inhibits TOR signaling in vivo. Here, we show that Rheb binds to the TOR complex specifically, independently of its ability to bind TSC2, through separate interactions with the mTOR catalytic domain and with LST8. Rheb binding to the TOR complex in vivo and in vitro does not require Rheb guanyl nucleotide charging but is modulated by GTP and impaired by certain mutations (Ile39Lys) in the switch 1 loop. Nucleotide-deficient Rheb mutants, although capable of binding mTOR in vivo and in vitro, are inhibitory in vivo, and the mTOR polypeptides that associate with nucleotide-deficient Rheb in vivo lack kinase activity in vitro. Reciprocally, mTOR polypeptides bound to Rheb(Gln64Leu), a mutant that is nearly 90% GTP charged, exhibit substantially higher protein kinase specific activity than mTOR bound to wild-type Rheb. The TOR complex 1 is a direct target of Rheb-GTP, whose binding enables activation of the TOR kinase."
recYhORRCZzhkBTvR,SHI2014,Making new contacts: the mTOR network in metabolism and signalling crosstalk,Shimobayashi M; Hall MN et al.,2014,Nature reviews. Molecular cell biology,Review,Review,"mTOR, metabolism",D - Mechanistic/Review,Narrative Review,Yes,10.1038/nrm3757,,,False,"More than 20 years after its discovery, our understanding of target of rapamycin (TOR) signalling continues to grow. Recent global omics studies have revealed physiological roles of mammalian TOR (mTOR) in protein, nucleotide and lipid synthesis. Furthermore, emerging evidence provides new insight into the control of mTOR by other pathways such as Hippo, WNT and Notch signalling. Together, this progress has expanded the list of downstream effectors and upstream regulators of mTOR signalling.",Review of the mTOR network in metabolism and signalling crosstalk.,"Making new contacts: the mTOR network in metabolism and signalling crosstalk
Key finding: Review of the mTOR network in metabolism and signalling crosstalk.
Abstract: More than 20 years after its discovery, our understanding of target of rapamycin (TOR) signalling continues to grow. Recent global omics studies have revealed physiological roles of mammalian TOR (mTOR) in protein, nucleotide and lipid synthesis. Furthermore, emerging evidence provides new insight into the control of mTOR by other pathways such as Hippo, WNT and Notch signalling. Together, this progress has expanded the list of downstream effectors and upstream regulators of mTOR signalling."
recYhfSQ1bcxBMQuH,JOH2013,mTOR is a key modulator of ageing and age-related disease,Johnson SC; Rabinovitch PS; Kaeberlein M,2013,Nature,Review,Review (multi-species synthesis),mTORC1; Longevity; Rapamycin,D - Mechanistic/Review,Narrative Review,Yes,10.1038/nature11861,23325216,PMC3687363,True,"Many experts in the biology of ageing believe that pharmacological interventions to slow ageing are a matter of 'when' rather than 'if'. A leading target for such interventions is the nutrient response pathway defined by the mechanistic target of rapamycin (mTOR). Inhibition of this pathway extends lifespan in model organisms and confers protection against a growing list of age-related pathologies. Characterized inhibitors of this pathway are already clinically approved, and others are under development. Although adverse side effects currently preclude use in otherwise healthy individuals, drugs that target the mTOR pathway could one day become widely used to slow ageing and reduce age-related pathologies in humans.",The definitive Nature review that put mTOR at the center of aging biology. Lays out the case that inhibiting mTOR extends lifespan across species and guards against a growing list of age-related diseases - while being candid that side effects currently block its use in healthy people. Excellent orientation map for the whole field.,"mTOR is a key modulator of ageing and age-related disease
Key finding: The definitive Nature review that put mTOR at the center of aging biology. Lays out the case that inhibiting mTOR extends lifespan across species and guards against a growing list of age-related diseases - while being candid that side effects currently block its use in healthy people. Excellent orientation map for the whole field.
Abstract: Many experts in the biology of ageing believe that pharmacological interventions to slow ageing are a matter of 'when' rather than 'if'. A leading target for such interventions is the nutrient response pathway defined by the mechanistic target of rapamycin (mTOR). Inhibition of this pathway extends lifespan in model organisms and confers protection against a growing list of age-related pathologies. Characterized inhibitors of this pathway are already clinically approved, and others are under development. Although adverse side effects currently preclude use in otherwise healthy individuals, drugs that target the mTOR pathway could one day become widely used to slow ageing and reduce age-related pathologies in humans."
recZ24bgXNCuxI1Lt,DRU2009,Rapamycin administration in humans blocks the contraction-induced increase in skeletal muscle protein synthesis,Drummond MJ; Rasmussen BB et al.,2009,Journal of Physiology,Human,"Humans, controlled trial",Rapamycin; mTORC1; Muscle growth,B - Human,2 - Human Clinical Trial,Yes,10.1113/jphysiol.2008.163816,19188252,PMC2678224,True,"Muscle protein synthesis and mTORC1 signalling are concurrently stimulated following muscle contraction in humans. In an effort to determine whether mTORC1 signalling is essential for regulating muscle protein synthesis in humans, we treated subjects with a potent mTORC1 inhibitor (rapamycin) prior to performing a series of high-intensity muscle contractions. Here we show that rapamycin treatment blocks the early (1-2 h) acute contraction-induced increase ( approximately 40%) in human muscle protein synthesis. In addition, several downstream components of the mTORC1 signalling pathway were also blunted or blocked by rapamycin. For instance, S6K1 phosphorylation (Thr421/Ser424) was increased post-exercise 6-fold in the control group while being unchanged with rapamycin treatment. Furthermore, eEF2 phosphorylation (Thr56) was reduced by approximately 25% post-exercise in the control group but phosphorylation following rapamycin treatment was unaltered, indicating that translation elongation was inhibited. Rapamycin administration prior to exercise also reduced the ability of raptor to associate with mTORC1 during post-exercise recovery. Surprisingly, rapamycin treatment prior to resistance exercise completely blocked the contraction-induced increase in the phosphorylation of ERK1/2 (Thr202/Tyr204) and blunted the increase in MNK1 (Thr197/202) phosphorylation. However, the phosphorylation of a known target of MNK1, eIF4E (Ser208), was similar in both groups (P > 0.05) which is consistent with the notion that rapamycin does not directly inhibit MAPK signalling. We conclude that mTORC1 signalling is, in part, playing a key role in regulating the contraction-induced stimulation of muscle protein synthesis in humans, while dual activation of mTORC1 and ERK1/2 stimulation may be required for full stimulation of human skeletal muscle protein synthesis.",Rapamycin given before resistance exercise completely blocked the normal post-exercise increase in human muscle protein synthesis.,"Rapamycin administration in humans blocks the contraction-induced increase in skeletal muscle protein synthesis
Key finding: Rapamycin given before resistance exercise completely blocked the normal post-exercise increase in human muscle protein synthesis.
Abstract: Muscle protein synthesis and mTORC1 signalling are concurrently stimulated following muscle contraction in humans. In an effort to determine whether mTORC1 signalling is essential for regulating muscle protein synthesis in humans, we treated subjects with a potent mTORC1 inhibitor (rapamycin) prior to performing a series of high-intensity muscle contractions. Here we show that rapamycin treatment blocks the early (1-2 h) acute contraction-induced increase ( approximately 40%) in human muscle protein synthesis. In addition, several downstream components of the mTORC1 signalling pathway were also blunted or blocked by rapamycin. For instance, S6K1 phosphorylation (Thr421/Ser424) was increased post-exercise 6-fold in the control group while being unchanged with rapamycin treatment. Furthermore, eEF2 phosphorylation (Thr56) was reduced by approximately 25% post-exercise in the control group but phosphorylation following rapamycin treatment was unaltered, indicating that translation elongation was inhibited. Rapamycin administration prior to exercise also reduced the ability of raptor to associate with mTORC1 during post-exercise recovery. Surprisingly, rapamycin treatment prior to resistance exercise completely blocked the contraction-induced increase in the phosphorylation of ERK1/2 (Thr202/Tyr204) and blunted the increase in MNK1 (Thr197/202) phosphorylation. However, the phosphorylation of a known target of MNK1, eIF4E (Ser208), was similar in both groups (P > 0.05) which is consistent with the notion that rapamycin does not directly inhibit MAPK signalling. We conclude that mTORC1 signalling is, in part, playing a key role in regulating the contraction-induced stimulation of muscle protein synthesis in humans, while dual activation of mTORC1 and ERK1/2 stimulation may be required for full stimulation of human skeletal muscle protein synthesis."
recZPgfmrejl4nNAJ,NEF2013,Rapamycin extends murine lifespan but has limited effects on aging,Neff F; Ehninger D et al.,2013,The Journal of clinical investigation,Animal,Mouse,"rapamycin, aging, lifespan",C - Animal,4 - Animal Study,Yes,10.1172/JCI67674,23863708,PMC3726163,True,"Aging is a major risk factor for a large number of disorders and functional impairments. Therapeutic targeting of the aging process may therefore represent an innovative strategy in the quest for novel and broadly effective treatments against age-related diseases. The recent report of lifespan extension in mice treated with the FDA-approved mTOR inhibitor rapamycin represented the first demonstration of pharmacological extension of maximal lifespan in mammals. Longevity effects of rapamycin may, however, be due to rapamycin's effects on specific life-limiting pathologies, such as cancers, and it remains unclear if this compound actually slows the rate of aging in mammals. Here, we present results from a comprehensive, large-scale assessment of a wide range of structural and functional aging phenotypes, which we performed to determine whether rapamycin slows the rate of aging in male C57BL/6J mice. While rapamycin did extend lifespan, it ameliorated few studied aging phenotypes. A subset of aging traits appeared to be rescued by rapamycin. Rapamycin, however, had similar effects on many of these traits in young animals, indicating that these effects were not due to a modulation of aging, but rather related to aging-independent drug effects. Therefore, our data largely dissociate rapamycin's longevity effects from effects on aging itself.",Rapamycin extends murine lifespan but has only limited effects on classic aging phenotypes.,"Rapamycin extends murine lifespan but has limited effects on aging
Key finding: Rapamycin extends murine lifespan but has only limited effects on classic aging phenotypes.
Abstract: Aging is a major risk factor for a large number of disorders and functional impairments. Therapeutic targeting of the aging process may therefore represent an innovative strategy in the quest for novel and broadly effective treatments against age-related diseases. The recent report of lifespan extension in mice treated with the FDA-approved mTOR inhibitor rapamycin represented the first demonstration of pharmacological extension of maximal lifespan in mammals. Longevity effects of rapamycin may, however, be due to rapamycin's effects on specific life-limiting pathologies, such as cancers, and it remains unclear if this compound actually slows the rate of aging in mammals. Here, we present results from a comprehensive, large-scale assessment of a wide range of structural and functional aging phenotypes, which we performed to determine whether rapamycin slows the rate of aging in male C57BL/6J mice. While rapamycin did extend lifespan, it ameliorated few studied aging phenotypes. A subset of aging traits appeared to be rescued by rapamycin. Rapamycin, however, had similar effects on many of these traits in young animals, indicating that these effects were not due to a modulation of aging, but rather related to aging-independent drug effects. Therefore, our data largely dissociate rapamycin's longevity effects from effects on aging itself."
recZZdLU89m8O5AV9,FOK2014,Mice fed rapamycin have an increase in lifespan associated with major changes in the liver transcriptome,Fok WC; Richardson A et al.,2014,PloS one,Animal,Mouse,"rapamycin, lifespan, liver transcriptome",C - Animal,4 - Animal Study,Yes,10.1371/journal.pone.0083988,24409289,PMC3883653,True,"Rapamycin was found to increase (11% to 16%) the lifespan of male and female C57BL/6J mice most likely by reducing the increase in the hazard for mortality (i.e., the rate of aging) term in the Gompertz mortality analysis. To identify the pathways that could be responsible for rapamycin's longevity effect, we analyzed the transcriptome of liver from 25-month-old male and female mice fed rapamycin starting at 4 months of age. Few changes (<300 transcripts) were observed in transcriptome of rapamycin-fed males; however, a large number of transcripts (>4,500) changed significantly in females. Using multidimensional scaling and heatmap analyses, the male mice fed rapamycin were found to segregate into two groups: one group that is almost identical to control males (Rapa-1) and a second group (Rapa-2) that shows a change in gene expression (>4,000 transcripts) with more than 60% of the genes shared with female mice fed Rapa. Using ingenuity pathway analysis, 13 pathways were significantly altered in both Rapa-2 males and rapamycin-fed females with mitochondrial function as the most significantly changed pathway. Our findings show that rapamycin has a major effect on the transcriptome and point to several pathways that would likely impact the longevity.",Rapamycin-fed mice show extended lifespan with major changes in the liver transcriptome.,"Mice fed rapamycin have an increase in lifespan associated with major changes in the liver transcriptome
Key finding: Rapamycin-fed mice show extended lifespan with major changes in the liver transcriptome.
Abstract: Rapamycin was found to increase (11% to 16%) the lifespan of male and female C57BL/6J mice most likely by reducing the increase in the hazard for mortality (i.e., the rate of aging) term in the Gompertz mortality analysis. To identify the pathways that could be responsible for rapamycin's longevity effect, we analyzed the transcriptome of liver from 25-month-old male and female mice fed rapamycin starting at 4 months of age. Few changes (<300 transcripts) were observed in transcriptome of rapamycin-fed males; however, a large number of transcripts (>4,500) changed significantly in females. Using multidimensional scaling and heatmap analyses, the male mice fed rapamycin were found to segregate into two groups: one group that is almost identical to control males (Rapa-1) and a second group (Rapa-2) that shows a change in gene expression (>4,000 transcripts) with more than 60% of the genes shared with female mice fed Rapa. Using ingenuity pathway analysis, 13 pathways were significantly altered in both Rapa-2 males and rapamycin-fed females with mitochondrial function as the most significantly changed pathway. Our findings show that rapamycin has a major effect on the transcriptome and point to several pathways that would likely impact the longevity."
recZdsFOLinVEa31K,WAG2014,Activating mTOR mutations in a patient with an extraordinary response on a phase I trial of everolimus and pazopanib,Wagle N; Rosenberg JE et al.,2014,Cancer discovery,Human,Human (patient),"mTOR mutation, rapalog, bladder",B - Human,3 - Human Observational,Yes,10.1158/2159-8290.CD-13-0353,24625776,PMC4122326,True,"Understanding the genetic mechanisms of sensitivity to targeted anticancer therapies may improve patient selection, response to therapy, and rational treatment designs. One approach to increase this understanding involves detailed studies of exceptional responders: rare patients with unexpected exquisite sensitivity or durable responses to therapy. We identified an exceptional responder in a phase I study of pazopanib and everolimus in advanced solid tumors. Whole-exome sequencing of a patient with a 14-month complete response on this trial revealed two concurrent mutations in mTOR, the target of everolimus. In vitro experiments demonstrate that both mutations are activating, suggesting a biologic mechanism for exquisite sensitivity to everolimus in this patient. The use of precision (or personalized) medicine approaches to screen patients with cancer for alterations in the mTOR pathway may help to identify subsets of patients who may benefit from targeted therapies directed against mTOR.",An activating MTOR mutation underlies an extraordinary clinical response to rapalog therapy.,"Activating mTOR mutations in a patient with an extraordinary response on a phase I trial of everolimus and pazopanib
Key finding: An activating MTOR mutation underlies an extraordinary clinical response to rapalog therapy.
Abstract: Understanding the genetic mechanisms of sensitivity to targeted anticancer therapies may improve patient selection, response to therapy, and rational treatment designs. One approach to increase this understanding involves detailed studies of exceptional responders: rare patients with unexpected exquisite sensitivity or durable responses to therapy. We identified an exceptional responder in a phase I study of pazopanib and everolimus in advanced solid tumors. Whole-exome sequencing of a patient with a 14-month complete response on this trial revealed two concurrent mutations in mTOR, the target of everolimus. In vitro experiments demonstrate that both mutations are activating, suggesting a biologic mechanism for exquisite sensitivity to everolimus in this patient. The use of precision (or personalized) medicine approaches to screen patients with cancer for alterations in the mTOR pathway may help to identify subsets of patients who may benefit from targeted therapies directed against mTOR."
recZlwk5iUYp12AGZ,REB2015,SLC38A9 is a component of the lysosomal amino acid sensing machinery that controls mTORC1,Rebsamen M; Superti-Furga G et al.,2015,Nature,Mechanism,Mammalian cells,"SLC38A9, lysosome, arginine",D - Mechanistic/Review,5 - Mechanistic / In Vitro,Yes,10.1038/nature14107,25561175,PMC4376665,True,"Cell growth and proliferation are tightly linked to nutrient availability. The mechanistic target of rapamycin complex 1 (mTORC1) integrates the presence of growth factors, energy levels, glucose and amino acids to modulate metabolic status and cellular responses. mTORC1 is activated at the surface of lysosomes by the RAG GTPases and the Ragulator complex through a not fully understood mechanism monitoring amino acid availability in the lysosomal lumen and involving the vacuolar H(+)-ATPase. Here we describe the uncharacterized human member 9 of the solute carrier family 38 (SLC38A9) as a lysosomal membrane-resident protein competent in amino acid transport. Extensive functional proteomic analysis established SLC38A9 as an integral part of the Ragulator-RAG GTPases machinery. Gain of SLC38A9 function rendered cells resistant to amino acid withdrawal, whereas loss of SLC38A9 expression impaired amino-acid-induced mTORC1 activation. Thus SLC38A9 is a physical and functional component of the amino acid sensing machinery that controls the activation of mTOR.",SLC38A9 is a component of the lysosomal amino-acid sensing machinery controlling mTORC1.,"SLC38A9 is a component of the lysosomal amino acid sensing machinery that controls mTORC1
Key finding: SLC38A9 is a component of the lysosomal amino-acid sensing machinery controlling mTORC1.
Abstract: Cell growth and proliferation are tightly linked to nutrient availability. The mechanistic target of rapamycin complex 1 (mTORC1) integrates the presence of growth factors, energy levels, glucose and amino acids to modulate metabolic status and cellular responses. mTORC1 is activated at the surface of lysosomes by the RAG GTPases and the Ragulator complex through a not fully understood mechanism monitoring amino acid availability in the lysosomal lumen and involving the vacuolar H(+)-ATPase. Here we describe the uncharacterized human member 9 of the solute carrier family 38 (SLC38A9) as a lysosomal membrane-resident protein competent in amino acid transport. Extensive functional proteomic analysis established SLC38A9 as an integral part of the Ragulator-RAG GTPases machinery. Gain of SLC38A9 function rendered cells resistant to amino acid withdrawal, whereas loss of SLC38A9 expression impaired amino-acid-induced mTORC1 activation. Thus SLC38A9 is a physical and functional component of the amino acid sensing machinery that controls the activation of mTOR."
recZvpaoVmud0BrWW,WEI2008,The TSC-mTOR signaling pathway regulates the innate inflammatory response,Weichhart T; Saemann MD et al.,2008,Immunity,Mechanism,Mouse/human monocytes,"TSC-mTOR, innate immunity",D - Mechanistic/Review,5 - Mechanistic / In Vitro,Yes,10.1016/j.immuni.2008.08.012,,,False,"The innate inflammatory immune response must be tightly controlled to avoid damage to the host. Here, we showed that the tuberous sclerosis complex-mammalian target of rapamycin (TSC-mTOR) pathway regulated inflammatory responses after bacterial stimulation in monocytes, macrophages, and primary dendritic cells. Inhibition of mTOR by rapamycin promoted production of proinflammatory cytokines via the transcription factor NF-kappaB but blocked the release of interleukin-10 via the transcription factor STAT3. Conversely, deletion of TSC2, the key negative regulator of mTOR, diminished NF-kappaB but enhanced STAT3 activity and reversed this proinflammatory cytokine shift. Rapamycin-hyperactivated monocytes displayed a strong T helper 1 (Th1) cell- and Th17 cell-polarizing potency. Inhibition of mTOR in vivo regulated the inflammatory response and protected genetically susceptible mice against lethal Listeria monocytogenes infection. These data identify the TSC2-mTOR pathway as a key regulator of innate immune homeostasis with broad clinical implications for infectious and autoimmune diseases, vaccination, cancer, and transplantation.",The TSC-mTOR pathway controls the innate inflammatory response of monocytes/macrophages.,"The TSC-mTOR signaling pathway regulates the innate inflammatory response
Key finding: The TSC-mTOR pathway controls the innate inflammatory response of monocytes/macrophages.
Abstract: The innate inflammatory immune response must be tightly controlled to avoid damage to the host. Here, we showed that the tuberous sclerosis complex-mammalian target of rapamycin (TSC-mTOR) pathway regulated inflammatory responses after bacterial stimulation in monocytes, macrophages, and primary dendritic cells. Inhibition of mTOR by rapamycin promoted production of proinflammatory cytokines via the transcription factor NF-kappaB but blocked the release of interleukin-10 via the transcription factor STAT3. Conversely, deletion of TSC2, the key negative regulator of mTOR, diminished NF-kappaB but enhanced STAT3 activity and reversed this proinflammatory cytokine shift. Rapamycin-hyperactivated monocytes displayed a strong T helper 1 (Th1) cell- and Th17 cell-polarizing potency. Inhibition of mTOR in vivo regulated the inflammatory response and protected genetically susceptible mice against lethal Listeria monocytogenes infection. These data identify the TSC2-mTOR pathway as a key regulator of innate immune homeostasis with broad clinical implications for infectious and autoimmune diseases, vaccination, cancer, and transplantation."
recaD49MvZFzPLru8,SCA2020,The 3.2-A resolution structure of human mTORC2,Scaiola A; Maier T et al.,2020,Science advances,Mechanism,Cryo-EM structure,"mTORC2, Rictor, InsP6",D - Mechanistic/Review,5 - Mechanistic / In Vitro,Yes,10.1126/sciadv.abc1251,33158864,PMC7673708,True,"The protein kinase mammalian target of rapamycin (mTOR) is the central regulator of cell growth. Aberrant mTOR signaling is linked to cancer, diabetes, and neurological disorders. mTOR exerts its functions in two distinct multiprotein complexes, mTORC1 and mTORC2. Here, we report a 3.2-A resolution cryo-EM reconstruction of mTORC2. It reveals entangled folds of the defining Rictor and the substrate-binding SIN1 subunits, identifies the carboxyl-terminal domain of Rictor as the source of the rapamycin insensitivity of mTORC2, and resolves mechanisms for mTORC2 regulation by complex destabilization. Two previously uncharacterized small-molecule binding sites are visualized, an inositol hexakisphosphate (InsP6) pocket in mTOR and an mTORC2-specific nucleotide binding site in Rictor, which also forms a zinc finger. Structural and biochemical analyses suggest that InsP6 and nucleotide binding do not control mTORC2 activity directly but rather have roles in folding or ternary interactions. These insights provide a firm basis for studying mTORC2 signaling and for developing mTORC2-specific inhibitors.",The 3.2 A cryo-EM structure of human mTORC2 pinpoints Rictor's C-terminus as the source of rapamycin insensitivity.,"The 3.2-A resolution structure of human mTORC2
Key finding: The 3.2 A cryo-EM structure of human mTORC2 pinpoints Rictor's C-terminus as the source of rapamycin insensitivity.
Abstract: The protein kinase mammalian target of rapamycin (mTOR) is the central regulator of cell growth. Aberrant mTOR signaling is linked to cancer, diabetes, and neurological disorders. mTOR exerts its functions in two distinct multiprotein complexes, mTORC1 and mTORC2. Here, we report a 3.2-A resolution cryo-EM reconstruction of mTORC2. It reveals entangled folds of the defining Rictor and the substrate-binding SIN1 subunits, identifies the carboxyl-terminal domain of Rictor as the source of the rapamycin insensitivity of mTORC2, and resolves mechanisms for mTORC2 regulation by complex destabilization. Two previously uncharacterized small-molecule binding sites are visualized, an inositol hexakisphosphate (InsP6) pocket in mTOR and an mTORC2-specific nucleotide binding site in Rictor, which also forms a zinc finger. Structural and biochemical analyses suggest that InsP6 and nucleotide binding do not control mTORC2 activity directly but rather have roles in folding or ternary interactions. These insights provide a firm basis for studying mTORC2 signaling and for developing mTORC2-specific inhibitors."
recaG789rsVd43UK7,WUX2013,Increased mammalian lifespan and a segmental and tissue-specific slowing of aging after genetic reduction of mTOR expression,Wu JJ; Finkel T et al.,2013,Cell reports,Animal,Mouse (mTOR hypomorph),"mTOR, aging, lifespan",C - Animal,4 - Animal Study,Yes,10.1016/j.celrep.2013.07.030,23994476,PMC3784301,True,"We analyzed aging parameters using a mechanistic target of rapamycin (mTOR) hypomorphic mouse model. Mice with two hypomorphic alleles are viable but express mTOR at approximately 25% of wild-type levels. These animals demonstrate reduced mTORC1 and mTORC2 activity and exhibit an approximately 20% increase in median survival. While these mice are smaller than wild-type mice, they do not demonstrate any alterations in normalized food intake, glucose homeostasis, or metabolic rate. Consistent with their increased lifespan, the mice exhibited a reduction in a number of aging tissue biomarkers. Functional assessment suggested that, as these mice age, they exhibit a marked functional preservation in many, but not all, organ systems. Thus, in a mammalian model, while reducing mTOR expression markedly increases overall lifespan, it affects the age-dependent decline in tissue and organ function in a segmental fashion.",Genetically reduced mTOR increases mouse lifespan with tissue-specific slowing of aging.,"Increased mammalian lifespan and a segmental and tissue-specific slowing of aging after genetic reduction of mTOR expression
Key finding: Genetically reduced mTOR increases mouse lifespan with tissue-specific slowing of aging.
Abstract: We analyzed aging parameters using a mechanistic target of rapamycin (mTOR) hypomorphic mouse model. Mice with two hypomorphic alleles are viable but express mTOR at approximately 25% of wild-type levels. These animals demonstrate reduced mTORC1 and mTORC2 activity and exhibit an approximately 20% increase in median survival. While these mice are smaller than wild-type mice, they do not demonstrate any alterations in normalized food intake, glucose homeostasis, or metabolic rate. Consistent with their increased lifespan, the mice exhibited a reduction in a number of aging tissue biomarkers. Functional assessment suggested that, as these mice age, they exhibit a marked functional preservation in many, but not all, organ systems. Thus, in a mammalian model, while reducing mTOR expression markedly increases overall lifespan, it affects the age-dependent decline in tissue and organ function in a segmental fashion."
recaZZ9nOAKI2XV43,POW2006,Extension of chronological life span in yeast by decreased TOR pathway signaling,Powers RW; Fields S et al.,2006,Genes & development,Animal,Yeast (S. cerevisiae),"TOR, Sch9, chronological lifespan",C - Animal,4 - Animal Study,Yes,10.1101/gad.1381406,16418483,PMC1356109,True,"Chronological life span (CLS) in Saccharomyces cerevisiae, defined as the time cells in a stationary phase culture remain viable, has been proposed as a model for the aging of post-mitotic tissues in mammals. We developed a high-throughput assay to determine CLS for approximately 4800 single-gene deletion strains of yeast, and identified long-lived strains carrying mutations in the conserved TOR pathway. TOR signaling regulates multiple cellular processes in response to nutrients, especially amino acids, raising the possibility that decreased TOR signaling mediates life span extension by calorie restriction. In support of this possibility, removal of either asparagine or glutamate from the media significantly increased stationary phase survival. Pharmacological inhibition of TOR signaling by methionine sulfoximine or rapamycin also increased CLS. Decreased TOR activity also promoted increased accumulation of storage carbohydrates and enhanced stress resistance and nuclear relocalization of the stress-related transcription factor Msn2. We propose that up-regulation of a highly conserved response to starvation-induced stress is important for life span extension by decreased TOR signaling in yeast and higher eukaryotes.",Decreased TOR pathway signalling extends chronological lifespan in yeast.,"Extension of chronological life span in yeast by decreased TOR pathway signaling
Key finding: Decreased TOR pathway signalling extends chronological lifespan in yeast.
Abstract: Chronological life span (CLS) in Saccharomyces cerevisiae, defined as the time cells in a stationary phase culture remain viable, has been proposed as a model for the aging of post-mitotic tissues in mammals. We developed a high-throughput assay to determine CLS for approximately 4800 single-gene deletion strains of yeast, and identified long-lived strains carrying mutations in the conserved TOR pathway. TOR signaling regulates multiple cellular processes in response to nutrients, especially amino acids, raising the possibility that decreased TOR signaling mediates life span extension by calorie restriction. In support of this possibility, removal of either asparagine or glutamate from the media significantly increased stationary phase survival. Pharmacological inhibition of TOR signaling by methionine sulfoximine or rapamycin also increased CLS. Decreased TOR activity also promoted increased accumulation of storage carbohydrates and enhanced stress resistance and nuclear relocalization of the stress-related transcription factor Msn2. We propose that up-regulation of a highly conserved response to starvation-induced stress is important for life span extension by decreased TOR signaling in yeast and higher eukaryotes."
recaaYPgYql1sYazE,SAB1995,Isolation of a protein target of the FKBP12-rapamycin complex in mammalian cells,Sabers CJ; Abraham RT et al.,1995,The Journal of biological chemistry,Mechanism,Rat/mouse cells; in vitro,"mTOR, FKBP12, rapamycin",D - Mechanistic/Review,5 - Mechanistic / In Vitro,Yes,10.1074/jbc.270.2.815,,,False,"The immunosuppressive drug, rapamycin, interferes with an undefined signaling pathway required for the progression of G1-phase T-cells into S phase. Genetic analyses in yeast indicate that binding of rapamycin to its intracellular receptor, FKBP12, generates a toxic complex that inhibits cell growth in G1 phase. These analyses implicated two related proteins, TOR1 and TOR2, as targets of the FKBP12-rapamycin complex in yeast. In this study, we have used a glutathione S-transferase (GST)-FKBP12-rapamycin affinity matrix to isolate putative mammalian targets of rapamycin (mTOR) from tissue extracts. In the presence of rapamycin, immobilized GST-FKBP12 specifically precipitates similar high molecular mass proteins from both rat brain and murine T-lymphoma cell extracts. Binding experiments performed with rapamycin-sensitive and -resistant mutant clones derived from the YAC-1 T-lymphoma cell line demonstrate that the GST-FKBP12-rapamycin complex recovers significantly lower amounts of the candidate mTOR from rapamycin-resistant cell lines. The latter results suggest that mTOR is a relevant target of rapamycin in these cells. Finally, we report the isolation of a full-length mTOR cDNA that encodes a direct ligand for the FKBP12-rapamycin complex. The deduced amino acid sequence of mTOR displays 42 and 45% identity to those of yeast TOR1 and TOR2, respectively. These results strongly suggest that the FKBP12-rapamycin complex interacts with homologous ligands in yeast and mammalian cells and that the loss of mTOR function is directly related to the inhibitory effect of rapamycin on G1- to S-phase progression in T-lymphocytes and other sensitive cell types.",Isolated mTOR as the FKBP12-rapamycin-associated protein controlling G1-S progression.,"Isolation of a protein target of the FKBP12-rapamycin complex in mammalian cells
Key finding: Isolated mTOR as the FKBP12-rapamycin-associated protein controlling G1-S progression.
Abstract: The immunosuppressive drug, rapamycin, interferes with an undefined signaling pathway required for the progression of G1-phase T-cells into S phase. Genetic analyses in yeast indicate that binding of rapamycin to its intracellular receptor, FKBP12, generates a toxic complex that inhibits cell growth in G1 phase. These analyses implicated two related proteins, TOR1 and TOR2, as targets of the FKBP12-rapamycin complex in yeast. In this study, we have used a glutathione S-transferase (GST)-FKBP12-rapamycin affinity matrix to isolate putative mammalian targets of rapamycin (mTOR) from tissue extracts. In the presence of rapamycin, immobilized GST-FKBP12 specifically precipitates similar high molecular mass proteins from both rat brain and murine T-lymphoma cell extracts. Binding experiments performed with rapamycin-sensitive and -resistant mutant clones derived from the YAC-1 T-lymphoma cell line demonstrate that the GST-FKBP12-rapamycin complex recovers significantly lower amounts of the candidate mTOR from rapamycin-resistant cell lines. The latter results suggest that mTOR is a relevant target of rapamycin in these cells. Finally, we report the isolation of a full-length mTOR cDNA that encodes a direct ligand for the FKBP12-rapamycin complex. The deduced amino acid sequence of mTOR displays 42 and 45% identity to those of yeast TOR1 and TOR2, respectively. These results strongly suggest that the FKBP12-rapamycin complex interacts with homologous ligands in yeast and mammalian cells and that the loss of mTOR function is directly related to the inhibitory effect of rapamycin on G1- to S-phase progression in T-lymphocytes and other sensitive cell types."
recavyZ1uGI5vJQd2,SAN2007,PRAS40 is an insulin-regulated inhibitor of the mTORC1 protein kinase,Sancak Y; Thoreen CC; Peterson TR; Lindquist RA; Kang SA; Spooner E; Carr SA; Sabatini DM,2007,Molecular Cell,Mechanism,Human cells (biochemistry),PRAS40; mTORC1; Raptor; Akt/PKB; Rheb,D - Mechanistic/Review,5 - Mechanistic / In Vitro,Yes,10.1016/j.molcel.2007.03.003,,,False,"The heterotrimeric mTORC1 protein kinase nucleates a signaling network that promotes cell growth in response to insulin and becomes constitutively active in cells missing the TSC1 or TSC2 tumor suppressors. Insulin stimulates the phosphorylation of S6K1, an mTORC1 substrate, but it is not known how mTORC1 kinase activity is regulated. We identify PRAS40 as a raptor-interacting protein that binds to mTORC1 in insulin-deprived cells and whose in vitro interaction with mTORC1 is disrupted by high salt concentrations. PRAS40 inhibits cell growth, S6K1 phosphorylation, and rheb-induced activation of the mTORC1 pathway, and in vitro it prevents the great increase in mTORC1 kinase activity induced by rheb1-GTP. Insulin stimulates Akt/PKB-mediated phosphorylation of PRAS40, which prevents its inhibition of mTORC1 in cells and in vitro. We propose that the relative strengths of the rheb- and PRAS40-mediated inputs to mTORC1 set overall pathway activity and that insulin activates mTORC1 through the coordinated regulation of both.","Identified PRAS40 as the missing insulin-controlled brake INSIDE mTORC1. When insulin is absent PRAS40 clamps the complex shut; insulin makes Akt phosphorylate PRAS40, releasing the brake so Rheb can fully switch mTORC1 on. Explained how hormone signals set the exact strength of mTORC1 activity.","PRAS40 is an insulin-regulated inhibitor of the mTORC1 protein kinase
Key finding: Identified PRAS40 as the missing insulin-controlled brake INSIDE mTORC1. When insulin is absent PRAS40 clamps the complex shut; insulin makes Akt phosphorylate PRAS40, releasing the brake so Rheb can fully switch mTORC1 on. Explained how hormone signals set the exact strength of mTORC1 activity.
Abstract: The heterotrimeric mTORC1 protein kinase nucleates a signaling network that promotes cell growth in response to insulin and becomes constitutively active in cells missing the TSC1 or TSC2 tumor suppressors. Insulin stimulates the phosphorylation of S6K1, an mTORC1 substrate, but it is not known how mTORC1 kinase activity is regulated. We identify PRAS40 as a raptor-interacting protein that binds to mTORC1 in insulin-deprived cells and whose in vitro interaction with mTORC1 is disrupted by high salt concentrations. PRAS40 inhibits cell growth, S6K1 phosphorylation, and rheb-induced activation of the mTORC1 pathway, and in vitro it prevents the great increase in mTORC1 kinase activity induced by rheb1-GTP. Insulin stimulates Akt/PKB-mediated phosphorylation of PRAS40, which prevents its inhibition of mTORC1 in cells and in vitro. We propose that the relative strengths of the rheb- and PRAS40-mediated inputs to mTORC1 set overall pathway activity and that insulin activates mTORC1 through the coordinated regulation of both."
recb1m61VGG4Z9XMA,HSU2011,The mTOR-regulated phosphoproteome reveals a mechanism of mTORC1-mediated inhibition of growth factor signaling,Hsu PP; Sabatini DM et al.,2011,Science,Mechanism,Mammalian cells,"mTOR, Grb10, phosphoproteome",D - Mechanistic/Review,5 - Mechanistic / In Vitro,Yes,10.1126/science.1199498,21659604,PMC3177140,True,"The mammalian target of rapamycin (mTOR) protein kinase is a master growth promoter that nucleates two complexes, mTORC1 and mTORC2. Despite the diverse processes controlled by mTOR, few substrates are known. We defined the mTOR-regulated phosphoproteome by quantitative mass spectrometry and characterized the primary sequence motif specificity of mTOR using positional scanning peptide libraries. We found that the phosphorylation response to insulin is largely mTOR dependent and that mTOR exhibits a unique preference for proline, hydrophobic, and aromatic residues at the +1 position. The adaptor protein Grb10 was identified as an mTORC1 substrate that mediates the inhibition of phosphoinositide 3-kinase typical of cells lacking tuberous sclerosis complex 2 (TSC2), a tumor suppressor and negative regulator of mTORC1. Our work clarifies how mTORC1 inhibits growth factor signaling and opens new areas of investigation in mTOR biology.",mTOR-dependent phosphoproteomics reveal Grb10 as a substrate mediating feedback inhibition of PI3K.,"The mTOR-regulated phosphoproteome reveals a mechanism of mTORC1-mediated inhibition of growth factor signaling
Key finding: mTOR-dependent phosphoproteomics reveal Grb10 as a substrate mediating feedback inhibition of PI3K.
Abstract: The mammalian target of rapamycin (mTOR) protein kinase is a master growth promoter that nucleates two complexes, mTORC1 and mTORC2. Despite the diverse processes controlled by mTOR, few substrates are known. We defined the mTOR-regulated phosphoproteome by quantitative mass spectrometry and characterized the primary sequence motif specificity of mTOR using positional scanning peptide libraries. We found that the phosphorylation response to insulin is largely mTOR dependent and that mTOR exhibits a unique preference for proline, hydrophobic, and aromatic residues at the +1 position. The adaptor protein Grb10 was identified as an mTORC1 substrate that mediates the inhibition of phosphoinositide 3-kinase typical of cells lacking tuberous sclerosis complex 2 (TSC2), a tumor suppressor and negative regulator of mTORC1. Our work clarifies how mTORC1 inhibits growth factor signaling and opens new areas of investigation in mTOR biology."
recb9fbVM8srN7U9K,INO2003,TSC2 mediates cellular energy response to control cell growth and survival,Inoki K; Zhu T; Guan KL,2003,Cell,Mechanism,Mammalian cells (biochemistry),TSC1/TSC2; AMPK; mTORC1,D - Mechanistic/Review,5 - Mechanistic / In Vitro,Yes,10.1016/s0092-8674(03)00929-2,,,False,"Mutations in either the TSC1 or TSC2 tumor suppressor gene are responsible for Tuberous Sclerosis Complex. The gene products of TSC1 and TSC2 form a functional complex and inhibit the phosphorylation of S6K and 4EBP1, two key regulators of translation. Here, we describe that TSC2 is regulated by cellular energy levels and plays an essential role in the cellular energy response pathway. Under energy starvation conditions, the AMP-activated protein kinase (AMPK) phosphorylates TSC2 and enhances its activity. Phosphorylation of TSC2 by AMPK is required for translation regulation and cell size control in response to energy deprivation. Furthermore, TSC2 and its phosphorylation by AMPK protect cells from energy deprivation-induced apoptosis. These observations demonstrate a model where TSC2 functions as a key player in regulation of the common mTOR pathway of protein synthesis, cell growth, and viability in response to cellular energy levels.","Established the energy-sensing arm of the pathway. When energy runs low, AMPK phosphorylates TSC2, boosting its ability to shut mTOR down - protecting the cell from burning through resources and from starvation-induced death. The founding paper for how mTOR reads the cell's fuel gauge (complements the Akt-TSC2 growth-factor arm).","TSC2 mediates cellular energy response to control cell growth and survival
Key finding: Established the energy-sensing arm of the pathway. When energy runs low, AMPK phosphorylates TSC2, boosting its ability to shut mTOR down - protecting the cell from burning through resources and from starvation-induced death. The founding paper for how mTOR reads the cell's fuel gauge (complements the Akt-TSC2 growth-factor arm).
Abstract: Mutations in either the TSC1 or TSC2 tumor suppressor gene are responsible for Tuberous Sclerosis Complex. The gene products of TSC1 and TSC2 form a functional complex and inhibit the phosphorylation of S6K and 4EBP1, two key regulators of translation. Here, we describe that TSC2 is regulated by cellular energy levels and plays an essential role in the cellular energy response pathway. Under energy starvation conditions, the AMP-activated protein kinase (AMPK) phosphorylates TSC2 and enhances its activity. Phosphorylation of TSC2 by AMPK is required for translation regulation and cell size control in response to energy deprivation. Furthermore, TSC2 and its phosphorylation by AMPK protect cells from energy deprivation-induced apoptosis. These observations demonstrate a model where TSC2 functions as a key player in regulation of the common mTOR pathway of protein synthesis, cell growth, and viability in response to cellular energy levels."
recbSwE3quFbh2R42,WIL2012,Rapamycin slows aging in mice,Wilkinson JE; Burmeister L; Brooks SV; Chan CC; Friedline S; Harrison DE; Hejtmancik JF; Nadon N; Strong R; Wood LK; Woodward MA; Miller RA,2012,Aging Cell,Animal,Genetically heterogeneous mice,Rapamycin; Longevity; mTORC1,C - Animal,4 - Animal Study,Yes,10.1111/j.1474-9726.2012.00832.x,22587563,PMC3434687,True,"Rapamycin increases lifespan in mice, but whether this represents merely inhibition of lethal neoplastic diseases, or an overall slowing in multiple aspects of aging is currently unclear. We report here that many forms of age-dependent change, including alterations in heart, liver, adrenal glands, endometrium, and tendon, as well as age-dependent decline in spontaneous activity, occur more slowly in rapamycin-treated mice, suggesting strongly that rapamycin retards multiple aspects of aging in mice, in addition to any beneficial effects it may have on neoplastic disease. We also note, however, that mice treated with rapamycin starting at 9 months of age have significantly higher incidence of testicular degeneration and cataracts; harmful effects of this kind will guide further studies on timing, dosage, and tissue-specific actions of rapamycin relevant to the development of clinically useful inhibitors of TOR action.","Answered a crucial objection: does rapamycin really slow AGING, or just prevent the cancers that kill mice? By showing slower age-related change across many tissues (heart, liver, tendon, activity), it argued for genuine slowing of aging. Honestly reported harms too - more cataracts and testicular degeneration - making it a balanced landmark, not hype.","Rapamycin slows aging in mice
Key finding: Answered a crucial objection: does rapamycin really slow AGING, or just prevent the cancers that kill mice? By showing slower age-related change across many tissues (heart, liver, tendon, activity), it argued for genuine slowing of aging. Honestly reported harms too - more cataracts and testicular degeneration - making it a balanced landmark, not hype.
Abstract: Rapamycin increases lifespan in mice, but whether this represents merely inhibition of lethal neoplastic diseases, or an overall slowing in multiple aspects of aging is currently unclear. We report here that many forms of age-dependent change, including alterations in heart, liver, adrenal glands, endometrium, and tendon, as well as age-dependent decline in spontaneous activity, occur more slowly in rapamycin-treated mice, suggesting strongly that rapamycin retards multiple aspects of aging in mice, in addition to any beneficial effects it may have on neoplastic disease. We also note, however, that mice treated with rapamycin starting at 9 months of age have significantly higher incidence of testicular degeneration and cataracts; harmful effects of this kind will guide further studies on timing, dosage, and tissue-specific actions of rapamycin relevant to the development of clinically useful inhibitors of TOR action."
recbXxiKfK42EyT5f,HOX2019,The PI3K-AKT network at the interface of oncogenic signalling and cancer metabolism,Hoxhaj G; Manning BD et al.,2019,Nature reviews. Cancer,Review,Review,"PI3K, AKT, mTOR, cancer",D - Mechanistic/Review,Narrative Review,Yes,10.1038/s41568-019-0216-7,31686003,PMC7314312,True,"The altered metabolic programme of cancer cells facilitates their cell-autonomous proliferation and survival. In normal cells, signal transduction pathways control core cellular functions, including metabolism, to couple the signals from exogenous growth factors, cytokines or hormones to adaptive changes in cell physiology. The ubiquitous, growth factor-regulated phosphoinositide 3-kinase (PI3K)-AKT signalling network has diverse downstream effects on cellular metabolism, through either direct regulation of nutrient transporters and metabolic enzymes or the control of transcription factors that regulate the expression of key components of metabolic pathways. Aberrant activation of this signalling network is one of the most frequent events in human cancer and serves to disconnect the control of cell growth, survival and metabolism from exogenous growth stimuli. Here we discuss our current understanding of the molecular events controlling cellular metabolism downstream of PI3K and AKT and of how these events couple two major hallmarks of cancer: growth factor independence through oncogenic signalling and metabolic reprogramming to support cell survival and proliferation.",Review of the PI3K-AKT-mTOR network at the interface of oncogenic signalling and metabolism.,"The PI3K-AKT network at the interface of oncogenic signalling and cancer metabolism
Key finding: Review of the PI3K-AKT-mTOR network at the interface of oncogenic signalling and metabolism.
Abstract: The altered metabolic programme of cancer cells facilitates their cell-autonomous proliferation and survival. In normal cells, signal transduction pathways control core cellular functions, including metabolism, to couple the signals from exogenous growth factors, cytokines or hormones to adaptive changes in cell physiology. The ubiquitous, growth factor-regulated phosphoinositide 3-kinase (PI3K)-AKT signalling network has diverse downstream effects on cellular metabolism, through either direct regulation of nutrient transporters and metabolic enzymes or the control of transcription factors that regulate the expression of key components of metabolic pathways. Aberrant activation of this signalling network is one of the most frequent events in human cancer and serves to disconnect the control of cell growth, survival and metabolism from exogenous growth stimuli. Here we discuss our current understanding of the molecular events controlling cellular metabolism downstream of PI3K and AKT and of how these events couple two major hallmarks of cancer: growth factor independence through oncogenic signalling and metabolic reprogramming to support cell survival and proliferation."
recbs9J1oKXHT6MZj,WYA2017,mTORC1 Activator SLC38A9 Is Required to Efflux Essential Amino Acids from Lysosomes and Use Protein as a Nutrient,Wyant GA; Sabatini DM et al.,2017,Cell,Mechanism,Mammalian cells,"SLC38A9, arginine, leucine efflux",D - Mechanistic/Review,5 - Mechanistic / In Vitro,Yes,10.1016/j.cell.2017.09.046,29053970,PMC5704964,True,"The mTORC1 kinase is a master growth regulator that senses many environmental cues, including amino acids. Activation of mTORC1 by arginine requires SLC38A9, a poorly understood lysosomal membrane protein with homology to amino acid transporters. Here, we validate that SLC38A9 is an arginine sensor for the mTORC1 pathway, and we uncover an unexpectedly central role for SLC38A9 in amino acid homeostasis. SLC38A9 mediates the transport, in an arginine-regulated fashion, of many essential amino acids out of lysosomes, including leucine, which mTORC1 senses through the cytosolic Sestrin proteins. SLC38A9 is necessary for leucine generated via lysosomal proteolysis to exit lysosomes and activate mTORC1. Pancreatic cancer cells, which use macropinocytosed protein as a nutrient source, require SLC38A9 to form tumors. Thus, through SLC38A9, arginine serves as a lysosomal messenger that couples mTORC1 activation to the release from lysosomes of the essential amino acids needed to drive cell growth.",SLC38A9 effluxes essential amino acids (e.g. leucine) from lysosomes to activate mTORC1.,"mTORC1 Activator SLC38A9 Is Required to Efflux Essential Amino Acids from Lysosomes and Use Protein as a Nutrient
Key finding: SLC38A9 effluxes essential amino acids (e.g. leucine) from lysosomes to activate mTORC1.
Abstract: The mTORC1 kinase is a master growth regulator that senses many environmental cues, including amino acids. Activation of mTORC1 by arginine requires SLC38A9, a poorly understood lysosomal membrane protein with homology to amino acid transporters. Here, we validate that SLC38A9 is an arginine sensor for the mTORC1 pathway, and we uncover an unexpectedly central role for SLC38A9 in amino acid homeostasis. SLC38A9 mediates the transport, in an arginine-regulated fashion, of many essential amino acids out of lysosomes, including leucine, which mTORC1 senses through the cytosolic Sestrin proteins. SLC38A9 is necessary for leucine generated via lysosomal proteolysis to exit lysosomes and activate mTORC1. Pancreatic cancer cells, which use macropinocytosed protein as a nutrient source, require SLC38A9 to form tumors. Thus, through SLC38A9, arginine serves as a lysosomal messenger that couples mTORC1 activation to the release from lysosomes of the essential amino acids needed to drive cell growth."
reccZYN44WxXqWXWA,SPI2010,Inhibition of mTOR by rapamycin abolishes cognitive deficits and reduces amyloid-beta levels in a mouse model of Alzheimer's disease,Spilman P; Podlutskaya N; Hart MJ; Debnath J; Gorostiza O; Bredesen D; Richardson A; Strong R; Galvan V,2010,PLoS ONE,Animal,PDAPP transgenic mice (Alzheimer's model),Rapamycin; mTORC1; Alzheimer's disease; Autophagy,C - Animal,4 - Animal Study,Yes,10.1371/journal.pone.0009979,20376313,PMC2848616,True,"Reduced TOR signaling has been shown to significantly increase lifespan in a variety of organisms [1], [2], [3], [4]. It was recently demonstrated that long-term treatment with rapamycin, an inhibitor of the mTOR pathway[5], or ablation of the mTOR target p70S6K[6] extends lifespan in mice, possibly by delaying aging. Whether inhibition of the mTOR pathway would delay or prevent age-associated disease such as AD remained to be determined.

We used rapamycin administration and behavioral tools in a mouse model of AD as well as standard biochemical and immunohistochemical measures in brain tissue to provide answers for this question. Here we show that long-term inhibition of mTOR by rapamycin prevented AD-like cognitive deficits and lowered levels of Abeta(42), a major toxic species in AD[7], in the PDAPP transgenic mouse model. These data indicate that inhibition of the mTOR pathway can reduce Abeta(42) levels in vivo and block or delay AD in mice. As expected from the inhibition of mTOR, autophagy was increased in neurons of rapamycin-treated transgenic, but not in non-transgenic, PDAPP mice, suggesting that the reduction in Abeta and the improvement in cognitive function are due in part to increased autophagy, possibly as a response to high levels of Abeta.

Our data suggest that inhibition of mTOR by rapamycin, an intervention that extends lifespan in mice, can slow or block AD progression in a transgenic mouse model of the disease. Rapamycin, already used in clinical settings, may be a potentially effective therapeutic agent for the treatment of AD.",Connected the longevity drug to a specific age-related disease. Long-term rapamycin prevented memory deficits and lowered toxic amyloid-beta in an Alzheimer's mouse model - and the benefit tracked with INCREASED autophagy in neurons. Suggested that the same autophagy boost that may slow aging could also help clear disease-causing proteins.,"Inhibition of mTOR by rapamycin abolishes cognitive deficits and reduces amyloid-beta levels in a mouse model of Alzheimer's disease
Key finding: Connected the longevity drug to a specific age-related disease. Long-term rapamycin prevented memory deficits and lowered toxic amyloid-beta in an Alzheimer's mouse model - and the benefit tracked with INCREASED autophagy in neurons. Suggested that the same autophagy boost that may slow aging could also help clear disease-causing proteins.
Abstract: Reduced TOR signaling has been shown to significantly increase lifespan in a variety of organisms [1], [2], [3], [4]. It was recently demonstrated that long-term treatment with rapamycin, an inhibitor of the mTOR pathway[5], or ablation of the mTOR target p70S6K[6] extends lifespan in mice, possibly by delaying aging. Whether inhibition of the mTOR pathway would delay or prevent age-associated disease such as AD remained to be determined.

We used rapamycin administration and behavioral tools in a mouse model of AD as well as standard biochemical and immunohistochemical measures in brain tissue to provide answers for this question. Here we show that long-term inhibition of mTOR by rapamycin prevented AD-like cognitive deficits and lowered levels of Abeta(42), a major toxic species in AD[7], in the PDAPP transgenic mouse model. These data indicate that inhibition of the mTOR pathway can reduce Abeta(42) levels in vivo and block or delay AD in mice. As expected from the inhibition of mTOR, autophagy was increased in neurons of rapamycin-treated transgenic, but not in non-transgenic, PDAPP mice, suggesting that the reduction in Abeta and the improvement in cognitive function are due in part to increased autophagy, possibly as a response to high levels of Abeta.

Our data suggest that inhibition of mTOR by rapamycin, an intervention that extends lifespan in mice, can slow or block AD progression in a transgenic mouse model of the disease. Rapamycin, already used in clinical settings, may be a potentially effective therapeutic agent for the treatment of AD."
recczZI9A495su6ED,ROB2013,Quantitative phosphoproteomics reveal mTORC1 activates de novo pyrimidine synthesis,Robitaille AM; Hall MN et al.,2013,Science,Mechanism,Mammalian cells,"mTORC1, pyrimidine, phosphoproteomics",D - Mechanistic/Review,5 - Mechanistic / In Vitro,Yes,10.1126/science.1228771,,,False,"The Ser-Thr kinase mammalian target of rapamycin (mTOR) controls cell growth and metabolism by stimulating glycolysis and synthesis of proteins and lipids. To further understand the central role of mTOR in cell physiology, we used quantitative phosphoproteomics to identify substrates or downstream effectors of the two mTOR complexes. mTOR controlled the phosphorylation of 335 proteins, including CAD (carbamoyl-phosphate synthetase 2, aspartate transcarbamylase, and dihydroorotase). CAD catalyzes the first three steps in de novo pyrimidine synthesis. mTORC1 indirectly phosphorylated CAD-S1859 through S6 kinase (S6K). CAD-S1859 phosphorylation promoted CAD oligomerization and thereby stimulated de novo synthesis of pyrimidines and progression through S phase of the cell cycle in mammalian cells. Thus, mTORC1 also stimulates the synthesis of nucleotides to control cell proliferation.",Quantitative phosphoproteomics show mTORC1 activates de novo pyrimidine synthesis.,"Quantitative phosphoproteomics reveal mTORC1 activates de novo pyrimidine synthesis
Key finding: Quantitative phosphoproteomics show mTORC1 activates de novo pyrimidine synthesis.
Abstract: The Ser-Thr kinase mammalian target of rapamycin (mTOR) controls cell growth and metabolism by stimulating glycolysis and synthesis of proteins and lipids. To further understand the central role of mTOR in cell physiology, we used quantitative phosphoproteomics to identify substrates or downstream effectors of the two mTOR complexes. mTOR controlled the phosphorylation of 335 proteins, including CAD (carbamoyl-phosphate synthetase 2, aspartate transcarbamylase, and dihydroorotase). CAD catalyzes the first three steps in de novo pyrimidine synthesis. mTORC1 indirectly phosphorylated CAD-S1859 through S6 kinase (S6K). CAD-S1859 phosphorylation promoted CAD oligomerization and thereby stimulated de novo synthesis of pyrimidines and progression through S phase of the cell cycle in mammalian cells. Thus, mTORC1 also stimulates the synthesis of nucleotides to control cell proliferation."
recdKLfQt8LqgaShQ,MUT2026,ER-Lysosome Cholesterol Exchange Regulates Lysosomal Motility Through mTOR-Dependent LAMTOR1 Phosphorylation,Muthukottiappan P; Winter D et al.,2026,bioRxiv (preprint),Preprint,Human cell lines,mTORC1; Rag GTPases,Preprint,Preprint,No,10.64898/2026.03.31.715514,,,False,"The subcellular distribution of lysosomes, the main degradative organelles of mammalian cells, responds to metabolic cues in a highly dynamic way. While lysosomal positioning due to amino acid levels is well-characterized, cholesterol-dependent regulation of lysosomal motility is incompletely understood. We explored impaired lysosomal cholesterol export using a mass spectrometry-based multi-OMICs approach, identifying widespread reallocation of resources and signaling pathway modulation. We identified increased phosphorylation at LAMTOR1 serine 56 in response to cholesterol level perturbations. We demonstrate that this phosphorylation site is sufficient to disrupt Rag GTPases/SLC38A9 binding to the Ragulator complex, inhibiting canonical mTORC1 and facilitating binding of BORC, therefore promoting lysosomal retrograde movement. LAMTOR1 S56 phosphorylation responds exclusively to depletion of lysosomal limiting membrane cholesterol, is facilitated by mTOR, and presents a negative feedback loop for amino acid independent displacement of Ragulator bound Rag GTPases, limiting canonical mTORC1 activity. Mass spectrometry data are available via ProteomeXchange with identifier PXD073489. (Preprint abstract; source: bioRxiv.)","Identifies a new layer of control over mTORC1's lysosomal machinery: cholesterol exchange between the ER and lysosome regulates lysosome movement via mTOR-dependent phosphorylation of LAMTOR1, a core component of the Ragulator complex that anchors the Rag GTPases already in this Atlas.","ER-Lysosome Cholesterol Exchange Regulates Lysosomal Motility Through mTOR-Dependent LAMTOR1 Phosphorylation
Key finding: Identifies a new layer of control over mTORC1's lysosomal machinery: cholesterol exchange between the ER and lysosome regulates lysosome movement via mTOR-dependent phosphorylation of LAMTOR1, a core component of the Ragulator complex that anchors the Rag GTPases already in this Atlas.
Abstract: The subcellular distribution of lysosomes, the main degradative organelles of mammalian cells, responds to metabolic cues in a highly dynamic way. While lysosomal positioning due to amino acid levels is well-characterized, cholesterol-dependent regulation of lysosomal motility is incompletely understood. We explored impaired lysosomal cholesterol export using a mass spectrometry-based multi-OMICs approach, identifying widespread reallocation of resources and signaling pathway modulation. We identified increased phosphorylation at LAMTOR1 serine 56 in response to cholesterol level perturbations. We demonstrate that this phosphorylation site is sufficient to disrupt Rag GTPases/SLC38A9 binding to the Ragulator complex, inhibiting canonical mTORC1 and facilitating binding of BORC, therefore promoting lysosomal retrograde movement. LAMTOR1 S56 phosphorylation responds exclusively to depletion of lysosomal limiting membrane cholesterol, is facilitated by mTOR, and presents a negative feedback loop for amino acid independent displacement of Ragulator bound Rag GTPases, limiting canonical mTORC1 activity. Mass spectrometry data are available via ProteomeXchange with identifier PXD073489. (Preprint abstract; source: bioRxiv.)"
recdltAuoXxcA55lC,ROM2001,Mediation of IGF-1-induced skeletal myotube hypertrophy by PI(3)K/Akt/mTOR and PI(3)K/Akt/GSK3 pathways,Rommel C; Bodine SC et al.,2001,Nature Cell Biology,Mechanism,Cultured muscle cells (mouse),Akt/PKB; mTORC1; Muscle growth,D - Mechanistic/Review,5 - Mechanistic / In Vitro,Yes,10.1038/ncb1101-1009,,,False,"Skeletal muscle is composed of multinucleated fibres, formed after the differentiation and fusion of myoblast precursors. Skeletal muscle atrophy and hypertrophy refer to changes in the diameter of these pre-existing muscle fibres. The prevention of atrophy would provide an obvious clinical benefit; insulin-like growth factor 1 (IGF-1) is a promising anti-atrophy agent because of its ability to promote hypertrophy. However, the signalling pathways by which IGF-1 promotes hypertrophy remain unclear, with roles suggested for both the calcineurin/NFAT (nuclear factor of activated T cells) pathway and the PtdIns-3-OH kinase (PI(3)K)/Akt pathway. Here we employ a battery of approaches to examine these pathways during the hypertrophic response of cultured myotubes to IGF-1. We report that Akt promotes hypertrophy by activating downstream signalling pathways previously implicated in activating protein synthesis: the pathways downstream of mammalian target of rapamycin (mTOR) and the pathway activated by phosphorylating and thereby inhibiting glycogen synthase kinase 3 (GSK3). In contrast, in addition to demonstrating that calcineurin does not mediate IGF-1-induced hypertrophy, we show that IGF-1 unexpectedly acts via Akt to antagonize calcineurin signalling during myotube hypertrophy.","Shows IGF-1 drives muscle fiber hypertrophy specifically through the Akt-mTOR pathway, establishing mTORC1 as a central node for muscle growth signaling.","Mediation of IGF-1-induced skeletal myotube hypertrophy by PI(3)K/Akt/mTOR and PI(3)K/Akt/GSK3 pathways
Key finding: Shows IGF-1 drives muscle fiber hypertrophy specifically through the Akt-mTOR pathway, establishing mTORC1 as a central node for muscle growth signaling.
Abstract: Skeletal muscle is composed of multinucleated fibres, formed after the differentiation and fusion of myoblast precursors. Skeletal muscle atrophy and hypertrophy refer to changes in the diameter of these pre-existing muscle fibres. The prevention of atrophy would provide an obvious clinical benefit; insulin-like growth factor 1 (IGF-1) is a promising anti-atrophy agent because of its ability to promote hypertrophy. However, the signalling pathways by which IGF-1 promotes hypertrophy remain unclear, with roles suggested for both the calcineurin/NFAT (nuclear factor of activated T cells) pathway and the PtdIns-3-OH kinase (PI(3)K)/Akt pathway. Here we employ a battery of approaches to examine these pathways during the hypertrophic response of cultured myotubes to IGF-1. We report that Akt promotes hypertrophy by activating downstream signalling pathways previously implicated in activating protein synthesis: the pathways downstream of mammalian target of rapamycin (mTOR) and the pathway activated by phosphorylating and thereby inhibiting glycogen synthase kinase 3 (GSK3). In contrast, in addition to demonstrating that calcineurin does not mediate IGF-1-induced hypertrophy, we show that IGF-1 unexpectedly acts via Akt to antagonize calcineurin signalling during myotube hypertrophy."
recdv4XfAAZpyrQNc,SUX2017,Hybrid Structure of the RagA/C-Ragulator mTORC1 Activation Complex,Su MY; Hurley JH et al.,2017,Molecular cell,Mechanism,Hybrid structure,"RagA/C, Ragulator, mTORC1",D - Mechanistic/Review,5 - Mechanistic / In Vitro,Yes,10.1016/j.molcel.2017.10.016,29107538,PMC5722659,True,"The lysosomal membrane is the locus for sensing cellular nutrient levels, which are transduced to mTORC1 via the Rag GTPases and the Ragulator complex. The crystal structure of the five-subunit human Ragulator at 1.4 A resolution was determined. Lamtor1 wraps around the other four subunits to stabilize the assembly. The Lamtor2:Lamtor3 dimer stacks upon Lamtor4:Lamtor5 to create a platform for Rag binding. Hydrogen-deuterium exchange was used to map the Rag binding site to the outer face of the Lamtor2:Lamtor3 dimer and to the N-terminal intrinsically disordered region of Lamtor1. EM was used to reconstruct the assembly of the full-length RagA:RagCdimer bound to Ragulator at 16 A resolution, revealing that the G-domains of the Rags project away from the Ragulator core. The combined structural model shows how Ragulator functions as a platform for the presentation of active Rags for mTORC1 recruitment, and might suggest an unconventional mechanism for Rag GEF activity.",Hybrid structural model of the RagA/C-Ragulator mTORC1 activation complex.,"Hybrid Structure of the RagA/C-Ragulator mTORC1 Activation Complex
Key finding: Hybrid structural model of the RagA/C-Ragulator mTORC1 activation complex.
Abstract: The lysosomal membrane is the locus for sensing cellular nutrient levels, which are transduced to mTORC1 via the Rag GTPases and the Ragulator complex. The crystal structure of the five-subunit human Ragulator at 1.4 A resolution was determined. Lamtor1 wraps around the other four subunits to stabilize the assembly. The Lamtor2:Lamtor3 dimer stacks upon Lamtor4:Lamtor5 to create a platform for Rag binding. Hydrogen-deuterium exchange was used to map the Rag binding site to the outer face of the Lamtor2:Lamtor3 dimer and to the N-terminal intrinsically disordered region of Lamtor1. EM was used to reconstruct the assembly of the full-length RagA:RagCdimer bound to Ragulator at 16 A resolution, revealing that the G-domains of the Rags project away from the Ragulator core. The combined structural model shows how Ragulator functions as a platform for the presentation of active Rags for mTORC1 recruitment, and might suggest an unconventional mechanism for Rag GEF activity."
recdxYxzw5MapeeCg,LEE2024,Targeting ageing with rapamycin and its derivatives in humans: a systematic review,Lee DJW; Hodzic Kuerec A; Maier AB,2024,Lancet Healthy Longevity,Review,"Systematic review (19 human studies, 5 databases)",Rapamycin; Everolimus; Longevity; Immune function,A - Systematic review,1 - Systematic Review,Yes,10.1016/S2666-7568(23)00258-1,,,False,"Rapamycin and its derivatives (rapalogs) are inhibitors of mTOR, a major regulator of the ageing process. We aimed to summarise the effects of rapamycin and its derivatives on the severity of ageing-related physiological changes and disease in adults. A search across five databases yielded 18 400 unique articles, resulting in 19 included studies. Rapamycin and its derivatives improved physiological parameters associated with ageing in the immune, cardiovascular, and integumentary systems of healthy individuals or individuals with ageing-related diseases. Overall, no significant effects on the endocrine, muscular, or neurological systems were found. The effects of rapamycin or its derivatives on the respiratory, digestive, renal, and reproductive systems were not assessed. No serious adverse events attributed to rapamycin and its derivatives were reported in healthy individuals; however, there were increased numbers of infections and increases in total cholesterol, LDL cholesterol, and triglycerides in individuals with ageing-related diseases. Future studies should assess the remaining unexamined systems and test the effects of long-term exposure to rapamycin and its derivatives.","The first systematic review of rapamycin/rapalogs in humans for aging. Screened 18,400 articles, included 19 studies. Found improvements in immune, cardiovascular, and skin (integumentary) parameters; NO significant effect on endocrine, muscular, or neurological systems. No serious adverse events in healthy people, but more infections and raised cholesterol/triglycerides in people with age-related disease. This is the highest-tier human-evidence summary in the whole Atlas - it aggregates many individual human studies rather than reporting one.","Targeting ageing with rapamycin and its derivatives in humans: a systematic review
Key finding: The first systematic review of rapamycin/rapalogs in humans for aging. Screened 18,400 articles, included 19 studies. Found improvements in immune, cardiovascular, and skin (integumentary) parameters; NO significant effect on endocrine, muscular, or neurological systems. No serious adverse events in healthy people, but more infections and raised cholesterol/triglycerides in people with age-related disease. This is the highest-tier human-evidence summary in the whole Atlas - it aggregates many individual human studies rather than reporting one.
Abstract: Rapamycin and its derivatives (rapalogs) are inhibitors of mTOR, a major regulator of the ageing process. We aimed to summarise the effects of rapamycin and its derivatives on the severity of ageing-related physiological changes and disease in adults. A search across five databases yielded 18 400 unique articles, resulting in 19 included studies. Rapamycin and its derivatives improved physiological parameters associated with ageing in the immune, cardiovascular, and integumentary systems of healthy individuals or individuals with ageing-related diseases. Overall, no significant effects on the endocrine, muscular, or neurological systems were found. The effects of rapamycin or its derivatives on the respiratory, digestive, renal, and reproductive systems were not assessed. No serious adverse events attributed to rapamycin and its derivatives were reported in healthy individuals; however, there were increased numbers of infections and increases in total cholesterol, LDL cholesterol, and triglycerides in individuals with ageing-related diseases. Future studies should assess the remaining unexamined systems and test the effects of long-term exposure to rapamycin and its derivatives."
recerDZAnfBUtitVq,MOE2025,Influence of rapamycin on safety and healthspan metrics after one year: PEARL trial results,Moel M; Harinath G; Lee V; Nyquist A; Morgan SL; Isman A; Zalzala S,2025,Aging (Albany NY),Human,"Humans, RCT, ages 50-85 (n=114 completed)",Rapamycin; Longevity; Muscle growth,B - Human,2 - Human Clinical Trial,Yes,10.18632/aging.206235,40188830,PMC12074816,True,"This 48-week decentralized, double-blinded, randomized, placebo-controlled trial (NCT04488601) evaluated the long-term safety of intermittent low-dose rapamycin in a healthy, normative-aging human cohort. Participants received placebo, 5 mg or 10 mg compounded rapamycin weekly. The primary outcome measure was visceral adiposity (by DXA scan), secondary outcomes were blood biomarkers, and lean tissue and bone mineral content (by DXA scan). Established surveys were utilized to evaluate health and well-being. Safety was assessed through adverse events and blood biomarker monitoring.

Adverse and serious adverse events were similar across all groups. Visceral adiposity did not change significantly (η= 0.001,= 0.942), and changes in blood biomarkers remained within normal ranges. Lean tissue mass (η= 0.202,= 0.013) and self-reported pain (η= 0.168,= 0.015) improved significantly for women using 10 mg rapamycin. Self-reported emotional well-being (η= 0.108,= 0.023) and general health (η= 0.166,= 0.004) also improved for those using 5 mg rapamycin. No other significant effects were observed.

Low-dose, intermittent rapamycin administration over 48 weeks is relatively safe in healthy, normative-aging adults, and was associated with significant improvements in lean tissue mass and pain in women. Future work will evaluate benefits of a broader range of rapamycin doses on healthspan metrics for longevity, and will aim to more comprehensively establish efficacy.","First completed long-term RCT of rapamycin for healthy human aging (NCT04488601, 48 weeks, n=114). Primary endpoint (visceral fat by DXA) showed NO significant change (p=0.942) - a null result exactly as pre-registered. Secondary endpoints were more promising: women on the 10mg/week dose had significant improvements in lean muscle mass and self-reported pain. A textbook example of why the pre-registered primary endpoint, not the most exciting secondary finding, is what should drive the headline conclusion.","Influence of rapamycin on safety and healthspan metrics after one year: PEARL trial results
Key finding: First completed long-term RCT of rapamycin for healthy human aging (NCT04488601, 48 weeks, n=114). Primary endpoint (visceral fat by DXA) showed NO significant change (p=0.942) - a null result exactly as pre-registered. Secondary endpoints were more promising: women on the 10mg/week dose had significant improvements in lean muscle mass and self-reported pain. A textbook example of why the pre-registered primary endpoint, not the most exciting secondary finding, is what should drive the headline conclusion.
Abstract: This 48-week decentralized, double-blinded, randomized, placebo-controlled trial (NCT04488601) evaluated the long-term safety of intermittent low-dose rapamycin in a healthy, normative-aging human cohort. Participants received placebo, 5 mg or 10 mg compounded rapamycin weekly. The primary outcome measure was visceral adiposity (by DXA scan), secondary outcomes were blood biomarkers, and lean tissue and bone mineral content (by DXA scan). Established surveys were utilized to evaluate health and well-being. Safety was assessed through adverse events and blood biomarker monitoring.

Adverse and serious adverse events were similar across all groups. Visceral adiposity did not change significantly (η= 0.001,= 0.942), and changes in blood biomarkers remained within normal ranges. Lean tissue mass (η= 0.202,= 0.013) and self-reported pain (η= 0.168,= 0.015) improved significantly for women using 10 mg rapamycin. Self-reported emotional well-being (η= 0.108,= 0.023) and general health (η= 0.166,= 0.004) also improved for those using 5 mg rapamycin. No other significant effects were observed.

Low-dose, intermittent rapamycin administration over 48 weeks is relatively safe in healthy, normative-aging adults, and was associated with significant improvements in lean tissue mass and pain in women. Future work will evaluate benefits of a broader range of rapamycin doses on healthspan metrics for longevity, and will aim to more comprehensively establish efficacy."
recf5Sp92vcZ0hr6v,FLY2013,Late-life rapamycin treatment reverses age-related heart dysfunction,Flynn JM; O'Leary MN; Zambataro CA; Academia EC; Presley MP; et al.; Melov S,2013,Aging Cell,Animal,Aged (24-month) female mice,Rapamycin; Cardiac aging; Longevity; mTORC1,C - Animal,4 - Animal Study,Yes,10.1111/acel.12109,23734717,PMC4098908,True,"Rapamycin has been shown to extend lifespan in numerous model organisms including mice, with the most dramatic longevity effects reported in females. However, little is known about the functional ramifications of this longevity-enhancing paradigm in mammalian tissues. We treated 24-month-old female C57BL/6J mice with rapamycin for 3 months and determined health outcomes via a variety of noninvasive measures of cardiovascular, skeletal, and metabolic health for individual mice. We determined that while rapamycin has mild transient metabolic effects, there are significant benefits to late-life cardiovascular function with a reversal or attenuation of age-related changes in the heart. RNA-seq analysis of cardiac tissue after treatment indicated inflammatory, metabolic, and antihypertrophic expression changes in cardiac tissue as potential mechanisms mediating the functional improvement. Rapamycin treatment also resulted in beneficial behavioral, skeletal, and motor changes in these mice compared with those fed a control diet. From these findings, we propose that late-life rapamycin therapy not only extends the lifespan of mammals, but also confers functional benefits to a number of tissues and mechanistically implicates an improvement in contractile function and antihypertrophic signaling in the aged heart with a reduction in age-related inflammation.","Striking proof that mTOR inhibition doesn't just SLOW aging - it can partly REVERSE it. Giving rapamycin to already-old (24-month) mice for 3 months improved aged heart function, reversing age-related cardiac changes via anti-hypertrophic and anti-inflammatory effects. Started late, still worked.","Late-life rapamycin treatment reverses age-related heart dysfunction
Key finding: Striking proof that mTOR inhibition doesn't just SLOW aging - it can partly REVERSE it. Giving rapamycin to already-old (24-month) mice for 3 months improved aged heart function, reversing age-related cardiac changes via anti-hypertrophic and anti-inflammatory effects. Started late, still worked.
Abstract: Rapamycin has been shown to extend lifespan in numerous model organisms including mice, with the most dramatic longevity effects reported in females. However, little is known about the functional ramifications of this longevity-enhancing paradigm in mammalian tissues. We treated 24-month-old female C57BL/6J mice with rapamycin for 3 months and determined health outcomes via a variety of noninvasive measures of cardiovascular, skeletal, and metabolic health for individual mice. We determined that while rapamycin has mild transient metabolic effects, there are significant benefits to late-life cardiovascular function with a reversal or attenuation of age-related changes in the heart. RNA-seq analysis of cardiac tissue after treatment indicated inflammatory, metabolic, and antihypertrophic expression changes in cardiac tissue as potential mechanisms mediating the functional improvement. Rapamycin treatment also resulted in beneficial behavioral, skeletal, and motor changes in these mice compared with those fed a control diet. From these findings, we propose that late-life rapamycin therapy not only extends the lifespan of mammals, but also confers functional benefits to a number of tissues and mechanistically implicates an improvement in contractile function and antihypertrophic signaling in the aged heart with a reduction in age-related inflammation."
recf7KAJkQ3volp30,ZHO2009,"Pharmacological inhibition of mTORC1 suppresses anatomical, cellular, and behavioral abnormalities in neural-specific Pten knock-out mice",Zhou J; Parada LF et al.,2009,The Journal of neuroscience,Animal,Mouse (Pten KO),"PTEN, mTORC1, rapamycin, brain",C - Animal,4 - Animal Study,Yes,10.1523/JNEUROSCI.5685-08.2009,19211884,PMC3904448,True,"PTEN (phosphatase and tensin homolog deleted on chromosome ten) is a lipid phosphatase that counteracts the function of phosphatidylinositol-3 kinase (PI3K). Loss of function of PTEN results in constitutive activation of AKT and downstream effectors and correlates with many human cancers, as well as various brain disorders, including macrocephaly, seizures, Lhermitte-Duclos disease, and autism. We previously generated a conditional Pten knock-out mouse line with Pten loss in limited postmitotic neurons in the cortex and hippocampus. Pten-null neurons developed neuronal hypertrophy and loss of neuronal polarity. The mutant mice exhibited macrocephaly and behavioral abnormalities reminiscent of certain features of human autism. Here, we report that rapamycin, a specific inhibitor of mammalian target of rapamycin complex 1 (mTORC1), can prevent and reverse neuronal hypertrophy, resulting in the amelioration of a subset of PTEN-associated abnormal behaviors, providing evidence that the mTORC1 pathway downstream of PTEN is critical for this complex phenotype.",mTORC1 inhibition reverses neurological abnormalities in neural Pten-knockout mice.,"Pharmacological inhibition of mTORC1 suppresses anatomical, cellular, and behavioral abnormalities in neural-specific Pten knock-out mice
Key finding: mTORC1 inhibition reverses neurological abnormalities in neural Pten-knockout mice.
Abstract: PTEN (phosphatase and tensin homolog deleted on chromosome ten) is a lipid phosphatase that counteracts the function of phosphatidylinositol-3 kinase (PI3K). Loss of function of PTEN results in constitutive activation of AKT and downstream effectors and correlates with many human cancers, as well as various brain disorders, including macrocephaly, seizures, Lhermitte-Duclos disease, and autism. We previously generated a conditional Pten knock-out mouse line with Pten loss in limited postmitotic neurons in the cortex and hippocampus. Pten-null neurons developed neuronal hypertrophy and loss of neuronal polarity. The mutant mice exhibited macrocephaly and behavioral abnormalities reminiscent of certain features of human autism. Here, we report that rapamycin, a specific inhibitor of mammalian target of rapamycin complex 1 (mTORC1), can prevent and reverse neuronal hypertrophy, resulting in the amelioration of a subset of PTEN-associated abnormal behaviors, providing evidence that the mTORC1 pathway downstream of PTEN is critical for this complex phenotype."
recfhs9I5KjBO55r9,VEL2003,Genetics: influence of TOR kinase on lifespan in C. elegans,Vellai T et al.,2003,Nature,Animal,Caenorhabditis elegans (RNAi),mTOR; Longevity,C - Animal,4 - Animal Study,Yes,10.1038/426620a,,,False,"(Brief communication; no formal abstract in PubMed — editorial summary.) This report provides the first genetic evidence that the TOR kinase controls animal lifespan: RNAi inactivation of the Caenorhabditis elegans TOR ortholog (let-363/CeTOR) roughly doubles adult lifespan. The longevity effect operates largely in parallel to the insulin/IGF-1–DAF-16 pathway and is associated with a dauer-like shift in energy metabolism, establishing nutrient-sensing TOR signalling as an evolutionarily conserved regulator of ageing and laying the groundwork for later work on rapamycin and lifespan extension.","Silencing the single worm TOR gene roughly doubled C. elegans lifespan, showing the longevity role of TOR inhibition is conserved across an enormous evolutionary distance.","Genetics: influence of TOR kinase on lifespan in C. elegans
Key finding: Silencing the single worm TOR gene roughly doubled C. elegans lifespan, showing the longevity role of TOR inhibition is conserved across an enormous evolutionary distance.
Abstract: (Brief communication; no formal abstract in PubMed — editorial summary.) This report provides the first genetic evidence that the TOR kinase controls animal lifespan: RNAi inactivation of the Caenorhabditis elegans TOR ortholog (let-363/CeTOR) roughly doubles adult lifespan. The longevity effect operates largely in parallel to the insulin/IGF-1–DAF-16 pathway and is associated with a dauer-like shift in energy metabolism, establishing nutrient-sensing TOR signalling as an evolutionarily conserved regulator of ageing and laying the groundwork for later work on rapamycin and lifespan extension."
recg14gNXZS8qaFYr,NAZ2013,"mTOR inhibits autophagy by controlling ULK1 ubiquitylation, self-association and function through AMBRA1 and TRAF6",Nazio F; Cecconi F et al.,2013,Nature cell biology,Mechanism,Mammalian cells,"ULK1, AMBRA1, TRAF6",D - Mechanistic/Review,5 - Mechanistic / In Vitro,Yes,10.1038/ncb2708,,,False,"Autophagy is important in the basal or stress-induced clearance of bulk cytosol, damaged organelles, pathogens and selected proteins by specific vesicles, the autophagosomes. Following mTOR (mammalian target of rapamycin) inhibition, autophagosome formation is primed by the ULK1 and the beclin-1-Vps34-AMBRA1 complexes, which are linked together by a scaffold platform, the exocyst. Although several regulative steps have been described along this pathway, few targets of mTOR are known, and the cross-talk between ULK1 and beclin 1 complexes is still not fully understood. We show that under non-autophagic conditions, mTOR inhibits AMBRA1 by phosphorylation, whereas on autophagy induction, AMBRA1 is dephosphorylated. In this condition, AMBRA1, interacting with the E3-ligase TRAF6, supports ULK1 ubiquitylation by LYS-63-linked chains, and its subsequent stabilization, self-association and function. As ULK1 has been shown to activate AMBRA1 by phosphorylation, the proposed pathway may act as a positive regulation loop, which may be targeted in human disorders linked to impaired autophagy.",mTOR restrains autophagy by controlling ULK1 ubiquitylation and stability via AMBRA1/TRAF6.,"mTOR inhibits autophagy by controlling ULK1 ubiquitylation, self-association and function through AMBRA1 and TRAF6
Key finding: mTOR restrains autophagy by controlling ULK1 ubiquitylation and stability via AMBRA1/TRAF6.
Abstract: Autophagy is important in the basal or stress-induced clearance of bulk cytosol, damaged organelles, pathogens and selected proteins by specific vesicles, the autophagosomes. Following mTOR (mammalian target of rapamycin) inhibition, autophagosome formation is primed by the ULK1 and the beclin-1-Vps34-AMBRA1 complexes, which are linked together by a scaffold platform, the exocyst. Although several regulative steps have been described along this pathway, few targets of mTOR are known, and the cross-talk between ULK1 and beclin 1 complexes is still not fully understood. We show that under non-autophagic conditions, mTOR inhibits AMBRA1 by phosphorylation, whereas on autophagy induction, AMBRA1 is dephosphorylated. In this condition, AMBRA1, interacting with the E3-ligase TRAF6, supports ULK1 ubiquitylation by LYS-63-linked chains, and its subsequent stabilization, self-association and function. As ULK1 has been shown to activate AMBRA1 by phosphorylation, the proposed pathway may act as a positive regulation loop, which may be targeted in human disorders linked to impaired autophagy."
recgM9nKURc1H4kTT,KAP2004,Regulation of lifespan in Drosophila by modulation of genes in the TOR signaling pathway,Kapahi P et al.,2004,Current Biology,Animal,Drosophila melanogaster,mTORC1; TSC1/TSC2; Longevity,C - Animal,4 - Animal Study,Yes,10.1016/j.cub.2004.03.059,15186745,PMC2754830,True,"In many species, reducing nutrient intake without causing malnutrition extends lifespan. Like DR (dietary restriction), modulation of genes in the insulin-signaling pathway, known to alter nutrient sensing, has been shown to extend lifespan in various species. In Drosophila, the target of rapamycin (TOR) and the insulin pathways have emerged as major regulators of growth and size. Hence we examined the role of TOR pathway genes in regulating lifespan by using Drosophila. We show that inhibition of TOR signaling pathway by alteration of the expression of genes in this nutrient-sensing pathway, which is conserved from yeast to human, extends lifespan in a manner that may overlap with known effects of dietary restriction on longevity. In Drosophila, TSC1 and TSC2 (tuberous sclerosis complex genes 1 and 2) act together to inhibit TOR (target of rapamycin), which mediates a signaling pathway that couples amino acid availability to S6 kinase, translation initiation, and growth. We find that overexpression of dTsc1, dTsc2, or dominant-negative forms of dTOR or dS6K all cause lifespan extension. Modulation of expression in the fat is sufficient for the lifespan-extension effects. The lifespan extensions are dependent on nutritional condition, suggesting a possible link between the TOR pathway and dietary restriction.","Genetically reducing TOR pathway activity extends fruit fly lifespan, overlapping with dietary restriction effects.","Regulation of lifespan in Drosophila by modulation of genes in the TOR signaling pathway
Key finding: Genetically reducing TOR pathway activity extends fruit fly lifespan, overlapping with dietary restriction effects.
Abstract: In many species, reducing nutrient intake without causing malnutrition extends lifespan. Like DR (dietary restriction), modulation of genes in the insulin-signaling pathway, known to alter nutrient sensing, has been shown to extend lifespan in various species. In Drosophila, the target of rapamycin (TOR) and the insulin pathways have emerged as major regulators of growth and size. Hence we examined the role of TOR pathway genes in regulating lifespan by using Drosophila. We show that inhibition of TOR signaling pathway by alteration of the expression of genes in this nutrient-sensing pathway, which is conserved from yeast to human, extends lifespan in a manner that may overlap with known effects of dietary restriction on longevity. In Drosophila, TSC1 and TSC2 (tuberous sclerosis complex genes 1 and 2) act together to inhibit TOR (target of rapamycin), which mediates a signaling pathway that couples amino acid availability to S6 kinase, translation initiation, and growth. We find that overexpression of dTsc1, dTsc2, or dominant-negative forms of dTOR or dS6K all cause lifespan extension. Modulation of expression in the fat is sufficient for the lifespan-extension effects. The lifespan extensions are dependent on nutritional condition, suggesting a possible link between the TOR pathway and dietary restriction."
recgPFenUd5keyLK3,WAN2015,Metabolism. Lysosomal amino acid transporter SLC38A9 signals arginine sufficiency to mTORC1,Wang S; Sabatini DM et al.,2015,Science,Mechanism,Mammalian cells,"SLC38A9, arginine, lysosome",D - Mechanistic/Review,5 - Mechanistic / In Vitro,Yes,10.1126/science.1257132,25567906,PMC4295826,True,"The mechanistic target of rapamycin complex 1 (mTORC1) protein kinase is a master growth regulator that responds to multiple environmental cues. Amino acids stimulate, in a Rag-, Ragulator-, and vacuolar adenosine triphosphatase-dependent fashion, the translocation of mTORC1 to the lysosomal surface, where it interacts with its activator Rheb. Here, we identify SLC38A9, an uncharacterized protein with sequence similarity to amino acid transporters, as a lysosomal transmembrane protein that interacts with the Rag guanosine triphosphatases (GTPases) and Ragulator in an amino acid-sensitive fashion. SLC38A9 transports arginine with a high Michaelis constant, and loss of SLC38A9 represses mTORC1 activation by amino acids, particularly arginine. Overexpression of SLC38A9 or just its Ragulator-binding domain makes mTORC1 signaling insensitive to amino acid starvation but not to Rag activity. Thus, SLC38A9 functions upstream of the Rag GTPases and is an excellent candidate for being an arginine sensor for the mTORC1 pathway.",The lysosomal transporter SLC38A9 signals arginine sufficiency to mTORC1.,"Metabolism. Lysosomal amino acid transporter SLC38A9 signals arginine sufficiency to mTORC1
Key finding: The lysosomal transporter SLC38A9 signals arginine sufficiency to mTORC1.
Abstract: The mechanistic target of rapamycin complex 1 (mTORC1) protein kinase is a master growth regulator that responds to multiple environmental cues. Amino acids stimulate, in a Rag-, Ragulator-, and vacuolar adenosine triphosphatase-dependent fashion, the translocation of mTORC1 to the lysosomal surface, where it interacts with its activator Rheb. Here, we identify SLC38A9, an uncharacterized protein with sequence similarity to amino acid transporters, as a lysosomal transmembrane protein that interacts with the Rag guanosine triphosphatases (GTPases) and Ragulator in an amino acid-sensitive fashion. SLC38A9 transports arginine with a high Michaelis constant, and loss of SLC38A9 represses mTORC1 activation by amino acids, particularly arginine. Overexpression of SLC38A9 or just its Ragulator-binding domain makes mTORC1 signaling insensitive to amino acid starvation but not to Rag activity. Thus, SLC38A9 functions upstream of the Rag GTPases and is an excellent candidate for being an arginine sensor for the mTORC1 pathway."
recgUszC1ucJmkmXd,CAR2008,Inhibition of mTORC1 leads to MAPK pathway activation through a PI3K-dependent feedback loop in human cancer,Carracedo A; Pandolfi PP et al.,2008,The Journal of clinical investigation,Mechanism,Cancer cells,"mTORC1, MAPK, PI3K feedback",D - Mechanistic/Review,5 - Mechanistic / In Vitro,Yes,10.1172/JCI34739,18725988,PMC2518073,True,"Numerous studies have established a causal link between aberrant mammalian target of rapamycin (mTOR) activation and tumorigenesis, indicating that mTOR inhibition may have therapeutic potential. In this study, we show that rapamycin and its analogs activate the MAPK pathway in human cancer, in what represents a novel mTORC1-MAPK feedback loop. We found that tumor samples from patients with biopsy-accessible solid tumors of advanced disease treated with RAD001, a rapamycin derivative, showed an administration schedule-dependent increase in activation of the MAPK pathway. RAD001 treatment also led to MAPK activation in a mouse model of prostate cancer. We further show that rapamycin-induced MAPK activation occurs in both normal cells and cancer cells lines and that this feedback loop depends on an S6K-PI3K-Ras pathway. Significantly, pharmacological inhibition of the MAPK pathway enhanced the antitumoral effect of mTORC1 inhibition by rapamycin in cancer cells in vitro and in a xenograft mouse model. Taken together, our findings identify MAPK activation as a consequence of mTORC1 inhibition and underscore the potential of a combined therapeutic approach with mTORC1 and MAPK inhibitors, currently employed as single agents in the clinic, for the treatment of human cancers.",mTORC1 inhibition activates the MAPK pathway via a PI3K-dependent feedback loop in cancer.,"Inhibition of mTORC1 leads to MAPK pathway activation through a PI3K-dependent feedback loop in human cancer
Key finding: mTORC1 inhibition activates the MAPK pathway via a PI3K-dependent feedback loop in cancer.
Abstract: Numerous studies have established a causal link between aberrant mammalian target of rapamycin (mTOR) activation and tumorigenesis, indicating that mTOR inhibition may have therapeutic potential. In this study, we show that rapamycin and its analogs activate the MAPK pathway in human cancer, in what represents a novel mTORC1-MAPK feedback loop. We found that tumor samples from patients with biopsy-accessible solid tumors of advanced disease treated with RAD001, a rapamycin derivative, showed an administration schedule-dependent increase in activation of the MAPK pathway. RAD001 treatment also led to MAPK activation in a mouse model of prostate cancer. We further show that rapamycin-induced MAPK activation occurs in both normal cells and cancer cells lines and that this feedback loop depends on an S6K-PI3K-Ras pathway. Significantly, pharmacological inhibition of the MAPK pathway enhanced the antitumoral effect of mTORC1 inhibition by rapamycin in cancer cells in vitro and in a xenograft mouse model. Taken together, our findings identify MAPK activation as a consequence of mTORC1 inhibition and underscore the potential of a combined therapeutic approach with mTORC1 and MAPK inhibitors, currently employed as single agents in the clinic, for the treatment of human cancers."
recgZcvdAHvIqFieU,CHA2016,The CASTOR Proteins Are Arginine Sensors for the mTORC1 Pathway,Chantranupong L; Scaria SM; Saxton RA; Gygi MP; Shen K; Wyant GA; Wang T; Harper JW; Gygi SP; Sabatini DM,2016,Cell,Mechanism,Human cells (biochemistry),CASTOR1; GATOR2; mTORC1,D - Mechanistic/Review,5 - Mechanistic / In Vitro,Yes,10.1016/j.cell.2016.02.035,26972053,PMC4808398,True,"Amino acids signal to the mTOR complex I (mTORC1) growth pathway through the Rag GTPases. Multiple distinct complexes regulate the Rags, including GATOR1, a GTPase activating protein (GAP), and GATOR2, a positive regulator of unknown molecular function. Arginine stimulation of cells activates mTORC1, but how it is sensed is not well understood. Recently, SLC38A9 was identified as a putative lysosomal arginine sensor required for arginine to activate mTORC1 but how arginine deprivation represses mTORC1 is unknown. Here, we show that CASTOR1, a previously uncharacterized protein, interacts with GATOR2 and is required for arginine deprivation to inhibit mTORC1. CASTOR1 homodimerizes and can also heterodimerize with the related protein, CASTOR2. Arginine disrupts the CASTOR1-GATOR2 complex by binding to CASTOR1 with a dissociation constant of ~30 μM, and its arginine-binding capacity is required for arginine to activate mTORC1 in cells. Collectively, these results establish CASTOR1 as an arginine sensor for the mTORC1 pathway.","Identified CASTOR1 as the direct arginine sensor: when arginine binds CASTOR1, it lets go of GATOR2, switching mTORC1 on. Together with Sestrin2 (leucine) this built the picture of mTORC1 as a cell that literally tastes individual amino acids.","The CASTOR Proteins Are Arginine Sensors for the mTORC1 Pathway
Key finding: Identified CASTOR1 as the direct arginine sensor: when arginine binds CASTOR1, it lets go of GATOR2, switching mTORC1 on. Together with Sestrin2 (leucine) this built the picture of mTORC1 as a cell that literally tastes individual amino acids.
Abstract: Amino acids signal to the mTOR complex I (mTORC1) growth pathway through the Rag GTPases. Multiple distinct complexes regulate the Rags, including GATOR1, a GTPase activating protein (GAP), and GATOR2, a positive regulator of unknown molecular function. Arginine stimulation of cells activates mTORC1, but how it is sensed is not well understood. Recently, SLC38A9 was identified as a putative lysosomal arginine sensor required for arginine to activate mTORC1 but how arginine deprivation represses mTORC1 is unknown. Here, we show that CASTOR1, a previously uncharacterized protein, interacts with GATOR2 and is required for arginine deprivation to inhibit mTORC1. CASTOR1 homodimerizes and can also heterodimerize with the related protein, CASTOR2. Arginine disrupts the CASTOR1-GATOR2 complex by binding to CASTOR1 with a dissociation constant of ~30 μM, and its arginine-binding capacity is required for arginine to activate mTORC1 in cells. Collectively, these results establish CASTOR1 as an arginine sensor for the mTORC1 pathway."
recghU4llWRZdKZnL,DIB2015,Regulation of mTORC1 by PI3K signaling,Dibble CC; Cantley LC et al.,2015,Trends in cell biology,Review,Review,"mTORC1, PI3K",D - Mechanistic/Review,Narrative Review,Yes,10.1016/j.tcb.2015.06.002,26159692,PMC4734635,True,"The class I phosphoinositide 3-kinase (PI3K)-mechanistic target of rapamycin (mTOR) complex 1 (mTORC1) signaling network directs cellular metabolism and growth. Activation of mTORC1 [composed of mTOR, regulatory-associated protein of mTOR (Raptor), mammalian lethal with SEC13 protein 8 (mLST8), 40-kDa proline-rich Akt substrate (PRAS40), and DEP domain-containing mTOR-interacting protein (DEPTOR)] depends on the Ras-related GTPases (Rags) and Ras homolog enriched in brain (Rheb) GTPase and requires signals from amino acids, glucose, oxygen, energy (ATP), and growth factors (including cytokines and hormones such as insulin). Here we discuss the signal transduction mechanisms through which growth factor-responsive PI3K signaling activates mTORC1. We focus on how PI3K-dependent activation of Akt and spatial regulation of the tuberous sclerosis complex (TSC) complex [composed of TSC1, TSC2, and Tre2-Bub2-Cdc16-1 domain family member 7 (TBC1D7)] switches on Rheb at the lysosome, where mTORC1 is activated. Integration of PI3K- and amino acid-dependent signals upstream of mTORC1 at the lysosome is detailed in a working model. A coherent understanding of the PI3K-mTORC1 network is imperative as its dysregulation has been implicated in diverse pathologies including cancer, diabetes, autism, and aging.",Review of mTORC1 regulation by PI3K signalling.,"Regulation of mTORC1 by PI3K signaling
Key finding: Review of mTORC1 regulation by PI3K signalling.
Abstract: The class I phosphoinositide 3-kinase (PI3K)-mechanistic target of rapamycin (mTOR) complex 1 (mTORC1) signaling network directs cellular metabolism and growth. Activation of mTORC1 [composed of mTOR, regulatory-associated protein of mTOR (Raptor), mammalian lethal with SEC13 protein 8 (mLST8), 40-kDa proline-rich Akt substrate (PRAS40), and DEP domain-containing mTOR-interacting protein (DEPTOR)] depends on the Ras-related GTPases (Rags) and Ras homolog enriched in brain (Rheb) GTPase and requires signals from amino acids, glucose, oxygen, energy (ATP), and growth factors (including cytokines and hormones such as insulin). Here we discuss the signal transduction mechanisms through which growth factor-responsive PI3K signaling activates mTORC1. We focus on how PI3K-dependent activation of Akt and spatial regulation of the tuberous sclerosis complex (TSC) complex [composed of TSC1, TSC2, and Tre2-Bub2-Cdc16-1 domain family member 7 (TBC1D7)] switches on Rheb at the lysosome, where mTORC1 is activated. Integration of PI3K- and amino acid-dependent signals upstream of mTORC1 at the lysosome is detailed in a working model. A coherent understanding of the PI3K-mTORC1 network is imperative as its dysregulation has been implicated in diverse pathologies including cancer, diabetes, autism, and aging."
rech5ooNoYWfSoiCs,DIB2013,Signal integration by mTORC1 coordinates nutrient input with biosynthetic output,Dibble CC; Manning BD et al.,2013,Nature cell biology,Review,Review,"mTORC1, nutrients, biosynthesis",D - Mechanistic/Review,Narrative Review,Yes,10.1038/ncb2763,23728461,PMC3743096,True,"Flux through metabolic pathways is inherently sensitive to the levels of specific substrates and products, but cellular metabolism is also managed by integrated control mechanisms that sense the nutrient and energy status of a cell or organism. The mechanistic target of rapamycin complex 1 (mTORC1), a protein kinase complex ubiquitous to eukaryotic cells, has emerged as a critical signalling node that links nutrient sensing to the coordinated regulation of cellular metabolism. Here, we discuss the role of mTORC1 as a conduit between cellular growth conditions and the anabolic processes that promote cell growth. The emerging network of signalling pathways through which mTORC1 integrates systemic signals (secreted growth factors) with local signals (cellular nutrients - amino acids, glucose and oxygen - and energy, ATP) is detailed. Our expanding understanding of the regulatory network upstream of mTORC1 provides molecular insights into the integrated sensing mechanisms by which diverse cellular signals converge to control cell physiology.",Review: mTORC1 integrates nutrient input with biosynthetic output.,"Signal integration by mTORC1 coordinates nutrient input with biosynthetic output
Key finding: Review: mTORC1 integrates nutrient input with biosynthetic output.
Abstract: Flux through metabolic pathways is inherently sensitive to the levels of specific substrates and products, but cellular metabolism is also managed by integrated control mechanisms that sense the nutrient and energy status of a cell or organism. The mechanistic target of rapamycin complex 1 (mTORC1), a protein kinase complex ubiquitous to eukaryotic cells, has emerged as a critical signalling node that links nutrient sensing to the coordinated regulation of cellular metabolism. Here, we discuss the role of mTORC1 as a conduit between cellular growth conditions and the anabolic processes that promote cell growth. The emerging network of signalling pathways through which mTORC1 integrates systemic signals (secreted growth factors) with local signals (cellular nutrients - amino acids, glucose and oxygen - and energy, ATP) is detailed. Our expanding understanding of the regulatory network upstream of mTORC1 provides molecular insights into the integrated sensing mechanisms by which diverse cellular signals converge to control cell physiology."
rechciKZUb3PLBRbh,KAH2000,Efficacy of sirolimus compared with azathioprine for reduction of acute renal allograft rejection: a randomised multicentre study,Kahan BD (Rapamune US Study Group),2000,Lancet,Human,"Humans, phase III RCT (n=719)",Rapamycin; Kidney transplant,B - Human,2 - Human Clinical Trial,Yes,10.1016/S0140-6736(00)02480-6,,,False,"Acute rejection episodes after renal transplantation are an important clinical challenge, despite use of multidrug immunosuppressive regimens. We did a prospective, multicentre, randomised, double-blind trial to investigate the impact of the addition of sirolimus, compared with azathioprine, to a cyclosporin and prednisone regimen.

719 recipients of primary HLA-mismatched cadaveric or living-donor renal allografts who displayed initial graft function were randomly assigned, after transplantation, sirolimus 2 mg daily (n=284) or 5 mg daily (n=274), or azathioprine (n=161). We assessed the primary composite endpoint of efficacy failure, occurrence of biopsy-confirmed acute rejection episodes, graft loss, or death, and various secondary endpoints that characterise these episodes at 6 months and 12 months. Analyses were done by intention to treat.

The rate of efficacy failure at 6 months was lower in the two sirolimus groups (2 mg 18.7%, p=0.002; 5 mg 16.8%, p<0.001) than in the azathioprine group (32.3%). The frequency of biopsy-confirmed acute rejection episodes was also lower (2 mg 16.9%, p=0.002; 5 mg 12.0%, p<0.001; azathioprine 29.8%). At 12 months, survival was similar in all groups for grafts (97.2%, 96.0%, and 98.1%) and patients (94.7%, 92.7%, and 93.8%). Patients on sirolimus showed a delay in the time to first acute rejection episode and decreased frequency of moderate and severe histological grades of rejection episodes and related antibody treatment, compared with the azathioprine group. Rates of infection and malignant disorders were similar in all groups.

Use of sirolimus reduced occurrence and severity of biopsy-confirmed acute rejection episodes with no increase in complications. Further studies are needed to establish the optimum doses for the combined regimen.","The trial that established rapamycin (sirolimus) as an immunosuppressant in kidney transplant patients - its original, still-standard clinical use.","Efficacy of sirolimus compared with azathioprine for reduction of acute renal allograft rejection: a randomised multicentre study
Key finding: The trial that established rapamycin (sirolimus) as an immunosuppressant in kidney transplant patients - its original, still-standard clinical use.
Abstract: Acute rejection episodes after renal transplantation are an important clinical challenge, despite use of multidrug immunosuppressive regimens. We did a prospective, multicentre, randomised, double-blind trial to investigate the impact of the addition of sirolimus, compared with azathioprine, to a cyclosporin and prednisone regimen.

719 recipients of primary HLA-mismatched cadaveric or living-donor renal allografts who displayed initial graft function were randomly assigned, after transplantation, sirolimus 2 mg daily (n=284) or 5 mg daily (n=274), or azathioprine (n=161). We assessed the primary composite endpoint of efficacy failure, occurrence of biopsy-confirmed acute rejection episodes, graft loss, or death, and various secondary endpoints that characterise these episodes at 6 months and 12 months. Analyses were done by intention to treat.

The rate of efficacy failure at 6 months was lower in the two sirolimus groups (2 mg 18.7%, p=0.002; 5 mg 16.8%, p<0.001) than in the azathioprine group (32.3%). The frequency of biopsy-confirmed acute rejection episodes was also lower (2 mg 16.9%, p=0.002; 5 mg 12.0%, p<0.001; azathioprine 29.8%). At 12 months, survival was similar in all groups for grafts (97.2%, 96.0%, and 98.1%) and patients (94.7%, 92.7%, and 93.8%). Patients on sirolimus showed a delay in the time to first acute rejection episode and decreased frequency of moderate and severe histological grades of rejection episodes and related antibody treatment, compared with the azathioprine group. Rates of infection and malignant disorders were similar in all groups.

Use of sirolimus reduced occurrence and severity of biopsy-confirmed acute rejection episodes with no increase in complications. Further studies are needed to establish the optimum doses for the combined regimen."
rechi6ceS9DrZhDkb,ROB2012,TOR signaling and rapamycin influence longevity by regulating SKN-1/Nrf and DAF-16/FoxO,Robida-Stubbs S; Blackwell TK et al.,2012,Cell metabolism,Animal,C. elegans,"TOR, rapamycin, SKN-1, DAF-16",C - Animal,4 - Animal Study,Yes,10.1016/j.cmet.2012.04.007,22560223,PMC3348514,True,"The TOR kinase, which is present in the functionally distinct complexes TORC1 and TORC2, is essential for growth but associated with disease and aging. Elucidation of how TOR influences life span will identify mechanisms of fundamental importance in aging and TOR functions. Here we show that when TORC1 is inhibited genetically in C. elegans, SKN-1/Nrf, and DAF-16/FoxO activate protective genes, and increase stress resistance and longevity. SKN-1 also upregulates TORC1 pathway gene expression in a feedback loop. Rapamycin triggers a similar protective response in C. elegans and mice, but increases worm life span dependent upon SKN-1 and not DAF-16, apparently by interfering with TORC2 along with TORC1. TORC1, TORC2, and insulin/IGF-1-like signaling regulate SKN-1 activity through different mechanisms. We conclude that modulation of SKN-1/Nrf and DAF-16/FoxO may be generally important in the effects of TOR signaling in vivo and that these transcription factors mediate an opposing relationship between growth signals and longevity.",TOR/rapamycin extend lifespan by engaging SKN-1/Nrf and DAF-16/FoxO transcriptional programs.,"TOR signaling and rapamycin influence longevity by regulating SKN-1/Nrf and DAF-16/FoxO
Key finding: TOR/rapamycin extend lifespan by engaging SKN-1/Nrf and DAF-16/FoxO transcriptional programs.
Abstract: The TOR kinase, which is present in the functionally distinct complexes TORC1 and TORC2, is essential for growth but associated with disease and aging. Elucidation of how TOR influences life span will identify mechanisms of fundamental importance in aging and TOR functions. Here we show that when TORC1 is inhibited genetically in C. elegans, SKN-1/Nrf, and DAF-16/FoxO activate protective genes, and increase stress resistance and longevity. SKN-1 also upregulates TORC1 pathway gene expression in a feedback loop. Rapamycin triggers a similar protective response in C. elegans and mice, but increases worm life span dependent upon SKN-1 and not DAF-16, apparently by interfering with TORC2 along with TORC1. TORC1, TORC2, and insulin/IGF-1-like signaling regulate SKN-1 activity through different mechanisms. We conclude that modulation of SKN-1/Nrf and DAF-16/FoxO may be generally important in the effects of TOR signaling in vivo and that these transcription factors mediate an opposing relationship between growth signals and longevity."
recho6vey7nWwXSrW,MIL2011,"Rapamycin, but not resveratrol or simvastatin, extends life span of genetically heterogeneous mice",Miller RA; Harrison DE et al.,2011,J Gerontol A Biol Sci Med Sci,Negative_result,"Mouse (genetically heterogeneous, ITP, 3 sites)",Rapamycin; Resveratrol; Simvastatin; Longevity,C - Animal,4 - Animal Study,Yes,10.1093/gerona/glq178,20974732,PMC3021372,True,"Rapamycin was administered in food to genetically heterogeneous mice from the age of 9 months and produced significant increases in life span, including maximum life span, at each of three test sites. Median survival was extended by an average of 10% in males and 18% in females. Rapamycin attenuated age-associated decline in spontaneous activity in males but not in females. Causes of death were similar in control and rapamycin-treated mice. Resveratrol (at 300 and 1200 ppm food) and simvastatin (12 and 120 ppm) did not have significant effects on survival in male or female mice. Further evaluation of rapamycin's effects on mice is likely to help delineate the role of the mammalian target of rapamycin complexes in the regulation of aging rate and age-dependent diseases and may help to guide a search for drugs that retard some or all of the diseases of aging.","In the same experimental design that showed rapamycin extended median lifespan by 10-18%, neither resveratrol nor simvastatin had any significant effect on survival - a direct head-to-head negative control run at the same time, in the same mice.","Rapamycin, but not resveratrol or simvastatin, extends life span of genetically heterogeneous mice
Key finding: In the same experimental design that showed rapamycin extended median lifespan by 10-18%, neither resveratrol nor simvastatin had any significant effect on survival - a direct head-to-head negative control run at the same time, in the same mice.
Abstract: Rapamycin was administered in food to genetically heterogeneous mice from the age of 9 months and produced significant increases in life span, including maximum life span, at each of three test sites. Median survival was extended by an average of 10% in males and 18% in females. Rapamycin attenuated age-associated decline in spontaneous activity in males but not in females. Causes of death were similar in control and rapamycin-treated mice. Resveratrol (at 300 and 1200 ppm food) and simvastatin (12 and 120 ppm) did not have significant effects on survival in male or female mice. Further evaluation of rapamycin's effects on mice is likely to help delineate the role of the mammalian target of rapamycin complexes in the regulation of aging rate and age-dependent diseases and may help to guide a search for drugs that retard some or all of the diseases of aging."
reciB7LlulMih1omu,SEL2009,Ribosomal protein S6 kinase 1 signaling regulates mammalian life span,Selman C; Withers DJ et al.,2009,Science,Animal,Mouse (S6K1 knockout),S6K1; mTORC1; Longevity,C - Animal,4 - Animal Study,Yes,10.1126/science.1177221,19797661,PMC4954603,True,"Caloric restriction (CR) protects against aging and disease, but the mechanisms by which this affects mammalian life span are unclear. We show in mice that deletion of ribosomal S6 protein kinase 1 (S6K1), a component of the nutrient-responsive mTOR (mammalian target of rapamycin) signaling pathway, led to increased life span and resistance to age-related pathologies, such as bone, immune, and motor dysfunction and loss of insulin sensitivity. Deletion of S6K1 induced gene expression patterns similar to those seen in CR or with pharmacological activation of adenosine monophosphate (AMP)-activated protein kinase (AMPK), a conserved regulator of the metabolic response to CR. Our results demonstrate that S6K1 influences healthy mammalian life-span and suggest that therapeutic manipulation of S6K1 and AMPK might mimic CR and could provide broad protection against diseases of aging.","Deleting S6K1 (a direct mTORC1 effector) extended lifespan and protected against age-related bone, immune, and motor decline in mice.","Ribosomal protein S6 kinase 1 signaling regulates mammalian life span
Key finding: Deleting S6K1 (a direct mTORC1 effector) extended lifespan and protected against age-related bone, immune, and motor decline in mice.
Abstract: Caloric restriction (CR) protects against aging and disease, but the mechanisms by which this affects mammalian life span are unclear. We show in mice that deletion of ribosomal S6 protein kinase 1 (S6K1), a component of the nutrient-responsive mTOR (mammalian target of rapamycin) signaling pathway, led to increased life span and resistance to age-related pathologies, such as bone, immune, and motor dysfunction and loss of insulin sensitivity. Deletion of S6K1 induced gene expression patterns similar to those seen in CR or with pharmacological activation of adenosine monophosphate (AMP)-activated protein kinase (AMPK), a conserved regulator of the metabolic response to CR. Our results demonstrate that S6K1 influences healthy mammalian life-span and suggest that therapeutic manipulation of S6K1 and AMPK might mimic CR and could provide broad protection against diseases of aging."
recidcs2hYAneYRSf,YAO2011,Everolimus for advanced pancreatic neuroendocrine tumors (RADIANT-3),Yao JC; Shah MH; Ito T; Bohas CL; Wolin EM; et al.; Oberg K,2011,New England Journal of Medicine,Human,"Humans, phase 3 RCT (n=410)",Everolimus; Pancreatic neuroendocrine tumor; mTORC1,B - Human,2 - Human Clinical Trial,Yes,10.1056/NEJMoa1009290,21306238,PMC4208619,True,"Everolimus, an oral inhibitor of mammalian target of rapamycin (mTOR), has shown antitumor activity in patients with advanced pancreatic neuroendocrine tumors, in two phase 2 studies. We evaluated the agent in a prospective, randomized, phase 3 study.

We randomly assigned 410 patients who had advanced, low-grade or intermediate-grade pancreatic neuroendocrine tumors with radiologic progression within the previous 12 months to receive everolimus, at a dose of 10 mg once daily (207 patients), or placebo (203 patients), both in conjunction with best supportive care. The primary end point was progression-free survival in an intention-to-treat analysis. In the case of patients in whom radiologic progression occurred during the study, the treatment assignments could be revealed, and patients who had been randomly assigned to placebo were offered open-label everolimus.

The median progression-free survival was 11.0 months with everolimus as compared with 4.6 months with placebo (hazard ratio for disease progression or death from any cause with everolimus, 0.35; 95% confidence interval [CI], 0.27 to 0.45; P<0.001), representing a 65% reduction in the estimated risk of progression or death. Estimates of the proportion of patients who were alive and progression-free at 18 months were 34% (95% CI, 26 to 43) with everolimus as compared with 9% (95% CI, 4 to 16) with placebo. Drug-related adverse events were mostly grade 1 or 2 and included stomatitis (in 64% of patients in the everolimus group vs. 17% in the placebo group), rash (49% vs. 10%), diarrhea (34% vs. 10%), fatigue (31% vs. 14%), and infections (23% vs. 6%), which were primarily upper respiratory. Grade 3 or 4 events that were more frequent with everolimus than with placebo included anemia (6% vs. 0%) and hyperglycemia (5% vs. 2%). The median exposure to everolimus was longer than exposure to placebo by a factor of 2.3 (38 weeks vs. 16 weeks).

Everolimus, as compared with placebo, significantly prolonged progression-free survival among patients with progressive advanced pancreatic neuroendocrine tumors and was associated with a low rate of severe adverse events. (Funded by Novartis Oncology; RADIANT-3 ClinicalTrials.gov number, NCT00510068.).","A phase 3 RCT (n=410) that made everolimus a standard treatment for pancreatic neuroendocrine tumors. It more than doubled progression-free survival (11.0 vs 4.6 months, a 65% reduction in risk of progression/death) with mostly mild side effects. Another FDA-approved indication built on blocking mTOR.","Everolimus for advanced pancreatic neuroendocrine tumors (RADIANT-3)
Key finding: A phase 3 RCT (n=410) that made everolimus a standard treatment for pancreatic neuroendocrine tumors. It more than doubled progression-free survival (11.0 vs 4.6 months, a 65% reduction in risk of progression/death) with mostly mild side effects. Another FDA-approved indication built on blocking mTOR.
Abstract: Everolimus, an oral inhibitor of mammalian target of rapamycin (mTOR), has shown antitumor activity in patients with advanced pancreatic neuroendocrine tumors, in two phase 2 studies. We evaluated the agent in a prospective, randomized, phase 3 study.

We randomly assigned 410 patients who had advanced, low-grade or intermediate-grade pancreatic neuroendocrine tumors with radiologic progression within the previous 12 months to receive everolimus, at a dose of 10 mg once daily (207 patients), or placebo (203 patients), both in conjunction with best supportive care. The primary end point was progression-free survival in an intention-to-treat analysis. In the case of patients in whom radiologic progression occurred during the study, the treatment assignments could be revealed, and patients who had been randomly assigned to placebo were offered open-label everolimus.

The median progression-free survival was 11.0 months with everolimus as compared with 4.6 months with placebo (hazard ratio for disease progression or death from any cause with everolimus, 0.35; 95% confidence interval [CI], 0.27 to 0.45; P<0.001), representing a 65% reduction in the estimated risk of progression or death. Estimates of the proportion of patients who were alive and progression-free at 18 months were 34% (95% CI, 26 to 43) with everolimus as compared with 9% (95% CI, 4 to 16) with placebo. Drug-related adverse events were mostly grade 1 or 2 and included stomatitis (in 64% of patients in the everolimus group vs. 17% in the placebo group), rash (49% vs. 10%), diarrhea (34% vs. 10%), fatigue (31% vs. 14%), and infections (23% vs. 6%), which were primarily upper respiratory. Grade 3 or 4 events that were more frequent with everolimus than with placebo included anemia (6% vs. 0%) and hyperglycemia (5% vs. 2%). The median exposure to everolimus was longer than exposure to placebo by a factor of 2.3 (38 weeks vs. 16 weeks).

Everolimus, as compared with placebo, significantly prolonged progression-free survival among patients with progressive advanced pancreatic neuroendocrine tumors and was associated with a low rate of severe adverse events. (Funded by Novartis Oncology; RADIANT-3 ClinicalTrials.gov number, NCT00510068.)."
recimckIQSnB4dWJb,LAW2018,A nutrient-induced affinity switch controls mTORC1 activation by its Rag GTPase-Ragulator lysosomal scaffold,Lawrence RE; Zoncu R et al.,2018,Nature cell biology,Mechanism,Mammalian cells,"Rag GTPases, Ragulator, affinity switch",D - Mechanistic/Review,5 - Mechanistic / In Vitro,Yes,10.1038/s41556-018-0148-6,30061680,PMC6279252,True,"A key step in nutrient sensing is activation of the master growth regulator, mTORC1 kinase, on the lysosomal membrane. Nutrients enable mTORC1 scaffolding by a complex composed of the Rag GTPases (Rags) and Ragulator, but the underlying mechanism of mTORC1 capture is poorly understood. Combining dynamic imaging in cells and reconstituted systems, we uncover an affinity switch that controls mTORC1 lifetime and activation at the lysosome. Nutrients destabilize the Rag-Ragulator interface, causing cycling of the Rags between lysosome-bound Ragulator and the cytoplasm, and rendering mTORC1 capture contingent on simultaneous engagement of two Rag-binding interfaces. Rag GTPase domains trigger cycling by coordinately weakening binding of the C-terminal domains to Ragulator in a nucleotide-controlled manner. Cancer-specific Rag mutants override release from Ragulator and enhance mTORC1 recruitment and signalling output. Cycling in the active state sets the Rags apart from most signalling GTPases, and provides a mechanism to attenuate mTORC1 signalling.",A nutrient-induced affinity switch in the Rag-Ragulator scaffold controls mTORC1 lysosomal recruitment.,"A nutrient-induced affinity switch controls mTORC1 activation by its Rag GTPase-Ragulator lysosomal scaffold
Key finding: A nutrient-induced affinity switch in the Rag-Ragulator scaffold controls mTORC1 lysosomal recruitment.
Abstract: A key step in nutrient sensing is activation of the master growth regulator, mTORC1 kinase, on the lysosomal membrane. Nutrients enable mTORC1 scaffolding by a complex composed of the Rag GTPases (Rags) and Ragulator, but the underlying mechanism of mTORC1 capture is poorly understood. Combining dynamic imaging in cells and reconstituted systems, we uncover an affinity switch that controls mTORC1 lifetime and activation at the lysosome. Nutrients destabilize the Rag-Ragulator interface, causing cycling of the Rags between lysosome-bound Ragulator and the cytoplasm, and rendering mTORC1 capture contingent on simultaneous engagement of two Rag-binding interfaces. Rag GTPase domains trigger cycling by coordinately weakening binding of the C-terminal domains to Ragulator in a nucleotide-controlled manner. Cancer-specific Rag mutants override release from Ragulator and enhance mTORC1 recruitment and signalling output. Cycling in the active state sets the Rags apart from most signalling GTPases, and provides a mechanism to attenuate mTORC1 signalling."
recipUqy1DZBDiWrO,MAT2017,Caloric restriction improves health and survival of rhesus monkeys,Mattison JA et al.,2017,Nature Communications,Animal,Rhesus macaque (2 independent cohorts),Caloric restriction; Longevity,C - Animal,4 - Animal Study,Yes,10.1038/ncomms14063,28094793,PMC5247583,True,"Caloric restriction (CR) without malnutrition extends lifespan and delays the onset of age-related disorders in most species but its impact in nonhuman primates has been controversial. In the late 1980s two parallel studies were initiated to determine the effect of CR in rhesus monkeys. The University of Wisconsin study reported a significant positive impact of CR on survival, but the National Institute on Aging study detected no significant survival effect. Here we present a direct comparison of longitudinal data from both studies including survival, bodyweight, food intake, fasting glucose levels and age-related morbidity. We describe differences in study design that could contribute to differences in outcomes, and we report species specificity in the impact of CR in terms of optimal onset and diet. Taken together these data confirm that health benefits of CR are conserved in monkeys and suggest that CR mechanisms are likely translatable to human health.","Direct comparison of two long-term primate CR studies (NIA, Wisconsin) confirms health benefits; survival effect depended on study design.","Caloric restriction improves health and survival of rhesus monkeys
Key finding: Direct comparison of two long-term primate CR studies (NIA, Wisconsin) confirms health benefits; survival effect depended on study design.
Abstract: Caloric restriction (CR) without malnutrition extends lifespan and delays the onset of age-related disorders in most species but its impact in nonhuman primates has been controversial. In the late 1980s two parallel studies were initiated to determine the effect of CR in rhesus monkeys. The University of Wisconsin study reported a significant positive impact of CR on survival, but the National Institute on Aging study detected no significant survival effect. Here we present a direct comparison of longitudinal data from both studies including survival, bodyweight, food intake, fasting glucose levels and age-related morbidity. We describe differences in study design that could contribute to differences in outcomes, and we report species specificity in the impact of CR in terms of optimal onset and diet. Taken together these data confirm that health benefits of CR are conserved in monkeys and suggest that CR mechanisms are likely translatable to human health."
recj5FgK8Dubzx5me,GIN1999,Regulation of 4E-BP1 phosphorylation: a novel two-step mechanism,Gingras AC; Sonenberg N et al.,1999,Genes & development,Mechanism,Mammalian cells; in vitro,"4E-BP1, phosphorylation, eIF4E",D - Mechanistic/Review,5 - Mechanistic / In Vitro,Yes,10.1101/gad.13.11.1422,10364159,PMC316780,True,"The multisubunit eukaryotic translation initiation factor (eIF) 4F recruits 40S ribosomal subunits to the 5' end of mRNA. The eIF4F subunit eIF4E interacts directly with the mRNA 5' cap structure. Assembly of the eIF4F complex is inhibited by a family of repressor polypeptides, the eIF4E-binding proteins (4E-BPs). Binding of the 4E-BPs to eIF4E is regulated by phosphorylation: Hypophosphorylated 4E-BP isoforms interact strongly with eIF4E, whereas hyperphosphorylated isoforms do not. 4E-BP1 is hypophosphorylated in quiescent cells, but is hyperphosphorylated on multiple sites following exposure to a variety of extracellular stimuli. The PI3-kinase/Akt pathway and the kinase FRAP/mTOR signal to 4E-BP1. FRAP/mTOR has been reported to phosphorylate 4E-BP1 directly in vitro. However, it is not known if FRAP/mTOR is responsible for the phosphorylation of all 4E-BP1 sites, nor which sites must be phosphorylated to release 4E-BP1 from eIF4E. To address these questions, a recombinant FRAP/mTOR protein and a FRAP/mTOR immunoprecipitate were utilized in in vitro kinase assays to phosphorylate 4E-BP1. Phosphopeptide mapping of the in vitro-labeled protein yielded two 4E-BP1 phosphopeptides that comigrated with phosphopeptides produced in vivo. Mass spectrometry analysis indicated that these peptides contain phosphorylated Thr-37 and Thr-46. Thr-37 and Thr-46 are efficiently phosphorylated in vitro by FRAP/mTOR when 4E-BP1 is bound to eIF4E. However, phosphorylation at these sites was not associated with a loss of eIF4E binding. Phosphorylated Thr-37 and Thr-46 are detected in all phosphorylated in vivo 4E-BP1 isoforms, including those that interact with eIF4E. Finally, mutational analysis demonstrated that phosphorylation of Thr-37/Thr-46 is required for subsequent phosphorylation of several carboxy-terminal serum-sensitive sites. Taken together, our results suggest that 4E-BP1 phosphorylation by FRAP/mTOR on Thr-37 and Thr-46 is a priming event for subsequent phosphorylation of the carboxy-terminal serum-sensitive sites.","4E-BP1 is phosphorylated by an ordered, priming two-step mechanism that controls its release of eIF4E.","Regulation of 4E-BP1 phosphorylation: a novel two-step mechanism
Key finding: 4E-BP1 is phosphorylated by an ordered, priming two-step mechanism that controls its release of eIF4E.
Abstract: The multisubunit eukaryotic translation initiation factor (eIF) 4F recruits 40S ribosomal subunits to the 5' end of mRNA. The eIF4F subunit eIF4E interacts directly with the mRNA 5' cap structure. Assembly of the eIF4F complex is inhibited by a family of repressor polypeptides, the eIF4E-binding proteins (4E-BPs). Binding of the 4E-BPs to eIF4E is regulated by phosphorylation: Hypophosphorylated 4E-BP isoforms interact strongly with eIF4E, whereas hyperphosphorylated isoforms do not. 4E-BP1 is hypophosphorylated in quiescent cells, but is hyperphosphorylated on multiple sites following exposure to a variety of extracellular stimuli. The PI3-kinase/Akt pathway and the kinase FRAP/mTOR signal to 4E-BP1. FRAP/mTOR has been reported to phosphorylate 4E-BP1 directly in vitro. However, it is not known if FRAP/mTOR is responsible for the phosphorylation of all 4E-BP1 sites, nor which sites must be phosphorylated to release 4E-BP1 from eIF4E. To address these questions, a recombinant FRAP/mTOR protein and a FRAP/mTOR immunoprecipitate were utilized in in vitro kinase assays to phosphorylate 4E-BP1. Phosphopeptide mapping of the in vitro-labeled protein yielded two 4E-BP1 phosphopeptides that comigrated with phosphopeptides produced in vivo. Mass spectrometry analysis indicated that these peptides contain phosphorylated Thr-37 and Thr-46. Thr-37 and Thr-46 are efficiently phosphorylated in vitro by FRAP/mTOR when 4E-BP1 is bound to eIF4E. However, phosphorylation at these sites was not associated with a loss of eIF4E binding. Phosphorylated Thr-37 and Thr-46 are detected in all phosphorylated in vivo 4E-BP1 isoforms, including those that interact with eIF4E. Finally, mutational analysis demonstrated that phosphorylation of Thr-37/Thr-46 is required for subsequent phosphorylation of several carboxy-terminal serum-sensitive sites. Taken together, our results suggest that 4E-BP1 phosphorylation by FRAP/mTOR on Thr-37 and Thr-46 is a priming event for subsequent phosphorylation of the carboxy-terminal serum-sensitive sites."
recjKpWbNcuhm8nt0,BEN2016,mTORC1 induces purine synthesis through control of the mitochondrial tetrahydrofolate cycle,Ben-Sahra I; Manning BD et al.,2016,Science,Mechanism,Mammalian cells,"mTORC1, purine, mitochondrial folate",D - Mechanistic/Review,5 - Mechanistic / In Vitro,Yes,10.1126/science.aad0489,26912861,PMC4786372,True,"In response to growth signals, mechanistic target of rapamycin complex 1 (mTORC1) stimulates anabolic processes underlying cell growth. We found that mTORC1 increases metabolic flux through the de novo purine synthesis pathway in various mouse and human cells, thereby influencing the nucleotide pool available for nucleic acid synthesis. mTORC1 had transcriptional effects on multiple enzymes contributing to purine synthesis, with expression of the mitochondrial tetrahydrofolate (mTHF) cycle enzyme methylenetetrahydrofolate dehydrogenase 2 (MTHFD2) being closely associated with mTORC1 signaling in both normal and cancer cells. MTHFD2 expression and purine synthesis were stimulated by activating transcription factor 4 (ATF4), which was activated by mTORC1 independent of its canonical induction downstream of eukaryotic initiation factor 2alpha phosphorylation. Thus, mTORC1 stimulates the mTHF cycle, which contributes one-carbon units to enhance production of purine nucleotides in response to growth signals.",mTORC1 promotes purine synthesis via ATF4-driven mitochondrial tetrahydrofolate metabolism.,"mTORC1 induces purine synthesis through control of the mitochondrial tetrahydrofolate cycle
Key finding: mTORC1 promotes purine synthesis via ATF4-driven mitochondrial tetrahydrofolate metabolism.
Abstract: In response to growth signals, mechanistic target of rapamycin complex 1 (mTORC1) stimulates anabolic processes underlying cell growth. We found that mTORC1 increases metabolic flux through the de novo purine synthesis pathway in various mouse and human cells, thereby influencing the nucleotide pool available for nucleic acid synthesis. mTORC1 had transcriptional effects on multiple enzymes contributing to purine synthesis, with expression of the mitochondrial tetrahydrofolate (mTHF) cycle enzyme methylenetetrahydrofolate dehydrogenase 2 (MTHFD2) being closely associated with mTORC1 signaling in both normal and cancer cells. MTHFD2 expression and purine synthesis were stimulated by activating transcription factor 4 (ATF4), which was activated by mTORC1 independent of its canonical induction downstream of eukaryotic initiation factor 2alpha phosphorylation. Thus, mTORC1 stimulates the mTHF cycle, which contributes one-carbon units to enhance production of purine nucleotides in response to growth signals."
recjS1ZJJN07wEe8L,MEI2008,Response of a neuronal model of tuberous sclerosis to mammalian target of rapamycin (mTOR) inhibitors: effects on mTORC1 and Akt signaling lead to improved survival and function,Meikle L; Kwiatkowski DJ et al.,2008,The Journal of neuroscience,Animal,Mouse (Tsc1 neuronal KO),"TSC1, mTOR, rapamycin, brain",C - Animal,4 - Animal Study,Yes,10.1523/JNEUROSCI.0955-08.2008,18495876,PMC2633923,True,"Tuberous sclerosis (TSC) is a hamartoma syndrome attributable to mutations in either TSC1 or TSC2 in which brain involvement causes epilepsy, mental retardation, and autism. We have reported recently a mouse neuronal model of TSC in which Tsc1 is ablated in most neurons during cortical development. We have tested rapamycin and RAD001, both mammalian target of rapamycin mTORC1 inhibitors, as potential therapeutic agents in this model. Median survival is improved from 33 d to more than 100 d; behavior, phenotype, and weight gain are all also markedly improved. There is brain penetration of both drugs, with accumulation over time with repetitive treatment, and effective reduction of levels of phospho-S6, a downstream target of mTORC1. In addition, there is restoration of phospho-Akt and phospho-glycogen synthase kinase 3 levels in the treated mice, consistent with restoration of Akt function. Neurofilament abnormalities, myelination, and cell enlargement are all improved by the treatment. However, dysplastic neuronal features persist, and there are only modest changes in dendritic spine density and length. Strikingly, mice treated with rapamycin or RAD001 for 23 d only (postnatal days 7-30) displayed a persistent improvement in phenotype, with median survival of 78 d. In summary, rapamycin/RAD001 are highly effective therapies for this neuronal model of TSC, with benefit apparently attributable to effects on mTORC1 and Akt signaling and, consequently, cell size and myelination. Although caution is appropriate, the results suggest the possibility that rapamycin/RAD001 may have benefit in the treatment of TSC brain disease, including infantile spasms.","mTOR inhibition rescues a neuronal tuberous-sclerosis model, supporting rapamycin for TSC neurology.","Response of a neuronal model of tuberous sclerosis to mammalian target of rapamycin (mTOR) inhibitors: effects on mTORC1 and Akt signaling lead to improved survival and function
Key finding: mTOR inhibition rescues a neuronal tuberous-sclerosis model, supporting rapamycin for TSC neurology.
Abstract: Tuberous sclerosis (TSC) is a hamartoma syndrome attributable to mutations in either TSC1 or TSC2 in which brain involvement causes epilepsy, mental retardation, and autism. We have reported recently a mouse neuronal model of TSC in which Tsc1 is ablated in most neurons during cortical development. We have tested rapamycin and RAD001, both mammalian target of rapamycin mTORC1 inhibitors, as potential therapeutic agents in this model. Median survival is improved from 33 d to more than 100 d; behavior, phenotype, and weight gain are all also markedly improved. There is brain penetration of both drugs, with accumulation over time with repetitive treatment, and effective reduction of levels of phospho-S6, a downstream target of mTORC1. In addition, there is restoration of phospho-Akt and phospho-glycogen synthase kinase 3 levels in the treated mice, consistent with restoration of Akt function. Neurofilament abnormalities, myelination, and cell enlargement are all improved by the treatment. However, dysplastic neuronal features persist, and there are only modest changes in dendritic spine density and length. Strikingly, mice treated with rapamycin or RAD001 for 23 d only (postnatal days 7-30) displayed a persistent improvement in phenotype, with median survival of 78 d. In summary, rapamycin/RAD001 are highly effective therapies for this neuronal model of TSC, with benefit apparently attributable to effects on mTORC1 and Akt signaling and, consequently, cell size and myelination. Although caution is appropriate, the results suggest the possibility that rapamycin/RAD001 may have benefit in the treatment of TSC brain disease, including infantile spasms."
recjeTw61euF4RfNS,GRA2014,A diverse array of cancer-associated MTOR mutations are hyperactivating and can predict rapamycin sensitivity,Grabiner BC; Sabatini DM et al.,2014,Cancer discovery,Mechanism,Cancer cell panels,"MTOR mutations, cancer",D - Mechanistic/Review,5 - Mechanistic / In Vitro,Yes,10.1158/2159-8290.CD-13-0929,24631838,PMC4012430,True,"Genes encoding components of the PI3K-AKT-mTOR signaling axis are frequently mutated in cancer, but few mutations have been characterized in MTOR, the gene encoding the mTOR kinase. Using publicly available tumor genome sequencing data, we generated a comprehensive catalog of mTOR pathway mutations in cancer, identifying 33 MTOR mutations that confer pathway hyperactivation. The mutations cluster in six distinct regions in the C-terminal half of mTOR and occur in multiple cancer types, with one cluster particularly prominent in kidney cancer. The activating mutations do not affect mTOR complex assembly, but a subset reduces binding to the mTOR inhibitor DEPTOR. mTOR complex 1 (mTORC1) signaling in cells expressing various activating mutations remains sensitive to pharmacologic mTOR inhibition, but is partially resistant to nutrient deprivation. Finally, cancer cell lines with hyperactivating MTOR mutations display heightened sensitivity to rapamycin both in culture and in vivo xenografts, suggesting that such mutations confer mTOR pathway dependency.",A spectrum of cancer-associated MTOR mutations are hyperactivating and predict rapamycin sensitivity.,"A diverse array of cancer-associated MTOR mutations are hyperactivating and can predict rapamycin sensitivity
Key finding: A spectrum of cancer-associated MTOR mutations are hyperactivating and predict rapamycin sensitivity.
Abstract: Genes encoding components of the PI3K-AKT-mTOR signaling axis are frequently mutated in cancer, but few mutations have been characterized in MTOR, the gene encoding the mTOR kinase. Using publicly available tumor genome sequencing data, we generated a comprehensive catalog of mTOR pathway mutations in cancer, identifying 33 MTOR mutations that confer pathway hyperactivation. The mutations cluster in six distinct regions in the C-terminal half of mTOR and occur in multiple cancer types, with one cluster particularly prominent in kidney cancer. The activating mutations do not affect mTOR complex assembly, but a subset reduces binding to the mTOR inhibitor DEPTOR. mTOR complex 1 (mTORC1) signaling in cells expressing various activating mutations remains sensitive to pharmacologic mTOR inhibition, but is partially resistant to nutrient deprivation. Finally, cancer cell lines with hyperactivating MTOR mutations display heightened sensitivity to rapamycin both in culture and in vivo xenografts, suggesting that such mutations confer mTOR pathway dependency."
reckBZ7J4GWZsOAVA,AYL2015,Architecture of human mTOR complex 1,Aylett CH; Maier T et al.,2015,Science,Mechanism,Cryo-EM structure,"mTORC1, structure",D - Mechanistic/Review,5 - Mechanistic / In Vitro,Yes,10.1126/science.aaa3870,,,False,"Target of rapamycin (TOR), a conserved protein kinase and central controller of cell growth, functions in two structurally and functionally distinct complexes: TORC1 and TORC2. Dysregulation of mammalian TOR (mTOR) signaling is implicated in pathologies that include diabetes, cancer, and neurodegeneration. We resolved the architecture of human mTORC1 (mTOR with subunits Raptor and mLST8) bound to FK506 binding protein (FKBP)-rapamycin, by combining cryo-electron microscopy at 5.9 angstrom resolution with crystallographic studies of Chaetomium thermophilum Raptor at 4.3 angstrom resolution. The structure explains how FKBP-rapamycin and architectural elements of mTORC1 limit access to the recessed active site. Consistent with a role in substrate recognition and delivery, the conserved amino-terminal domain of Raptor is juxtaposed to the kinase active site.",Cryo-EM architecture of human mTORC1 reveals its dimeric organization and active site access.,"Architecture of human mTOR complex 1
Key finding: Cryo-EM architecture of human mTORC1 reveals its dimeric organization and active site access.
Abstract: Target of rapamycin (TOR), a conserved protein kinase and central controller of cell growth, functions in two structurally and functionally distinct complexes: TORC1 and TORC2. Dysregulation of mammalian TOR (mTOR) signaling is implicated in pathologies that include diabetes, cancer, and neurodegeneration. We resolved the architecture of human mTORC1 (mTOR with subunits Raptor and mLST8) bound to FK506 binding protein (FKBP)-rapamycin, by combining cryo-electron microscopy at 5.9 angstrom resolution with crystallographic studies of Chaetomium thermophilum Raptor at 4.3 angstrom resolution. The structure explains how FKBP-rapamycin and architectural elements of mTORC1 limit access to the recessed active site. Consistent with a role in substrate recognition and delivery, the conserved amino-terminal domain of Raptor is juxtaposed to the kinase active site."
reckXBFeODbeUziCz,BAN2014,"Can people with type 2 diabetes live longer than those without? A comparison of mortality in people initiated with metformin or sulphonylurea monotherapy and matched, non-diabetic controls",Bannister CA et al.,2014,"Diabetes, Obesity and Metabolism",Human,"Humans, retrospective cohort (n=180,926)",Metformin; Longevity,B - Human,3 - Human Observational,Yes,10.1111/dom.12354,,,False,"Clinical and observational studies have shown an increased risk of cardiovascular events and death associated with sulphonylureas versus metformin. However, it has never been determined whether this was due to the beneficial effects of metformin or detrimental effects of sulphonylureas. The objective of this study was therefore to compare all-cause mortality in diabetic patients treated first-line with either sulphonylurea or metformin monotherapy with that in matched individuals without diabetes.

We used retrospective observational data from the UK Clinical Practice Research Datalink (CPRD) from 2000. Subjects with type 2 diabetes who progressed to first-line treatment with metformin or sulphonylurea monotherapy were selected and matched to people without diabetes. Progression to all-cause mortality was compared using parametric survival models that included a range of relevant co-variables.

We identified 78,241 subjects treated with metformin, 12,222 treated with sulphonylurea, and 90,463 matched subjects without diabetes. This resulted in a total, censored follow-up period of 503,384 years. There were 7498 deaths in total, representing unadjusted mortality rates of 14.4 and 15.2, and 50.9 and 28.7 deaths per 1000 person-years for metformin monotherapy and their matched controls, and sulphonylurea monotherapy and their matched controls, respectively. With reference to observed survival in diabetic patients initiated with metformin monotherapy [survival time ratio (STR) = 1.0], adjusted median survival time was 15% lower (STR = 0.85, 95% CI 0.81-0.90) in matched individuals without diabetes and 38% lower (0.62, 0.58-0.66) in diabetic patients treated with sulphonylurea monotherapy.

Patients with type 2 diabetes initiated with metformin monotherapy had longer survival than did matched, non-diabetic controls. Those treated with sulphonylurea had markedly reduced survival compared with both matched controls and those receiving metformin monotherapy. This supports the position of metformin as first-line therapy and implies that metformin may confer benefit in non-diabetes. Sulphonylurea remains a concern.",Diabetic patients started on metformin had longer median survival than matched non-diabetic controls without the drug.,"Can people with type 2 diabetes live longer than those without? A comparison of mortality in people initiated with metformin or sulphonylurea monotherapy and matched, non-diabetic controls
Key finding: Diabetic patients started on metformin had longer median survival than matched non-diabetic controls without the drug.
Abstract: Clinical and observational studies have shown an increased risk of cardiovascular events and death associated with sulphonylureas versus metformin. However, it has never been determined whether this was due to the beneficial effects of metformin or detrimental effects of sulphonylureas. The objective of this study was therefore to compare all-cause mortality in diabetic patients treated first-line with either sulphonylurea or metformin monotherapy with that in matched individuals without diabetes.

We used retrospective observational data from the UK Clinical Practice Research Datalink (CPRD) from 2000. Subjects with type 2 diabetes who progressed to first-line treatment with metformin or sulphonylurea monotherapy were selected and matched to people without diabetes. Progression to all-cause mortality was compared using parametric survival models that included a range of relevant co-variables.

We identified 78,241 subjects treated with metformin, 12,222 treated with sulphonylurea, and 90,463 matched subjects without diabetes. This resulted in a total, censored follow-up period of 503,384 years. There were 7498 deaths in total, representing unadjusted mortality rates of 14.4 and 15.2, and 50.9 and 28.7 deaths per 1000 person-years for metformin monotherapy and their matched controls, and sulphonylurea monotherapy and their matched controls, respectively. With reference to observed survival in diabetic patients initiated with metformin monotherapy [survival time ratio (STR) = 1.0], adjusted median survival time was 15% lower (STR = 0.85, 95% CI 0.81-0.90) in matched individuals without diabetes and 38% lower (0.62, 0.58-0.66) in diabetic patients treated with sulphonylurea monotherapy.

Patients with type 2 diabetes initiated with metformin monotherapy had longer survival than did matched, non-diabetic controls. Those treated with sulphonylurea had markedly reduced survival compared with both matched controls and those receiving metformin monotherapy. This supports the position of metformin as first-line therapy and implies that metformin may confer benefit in non-diabetes. Sulphonylurea remains a concern."
reckZFPDlbo3ZGUeP,KAR2017,Cryo-EM structure of Saccharomyces cerevisiae target of rapamycin complex 2,Karuppasamy M; Schaffitzel C et al.,2017,Nature communications,Mechanism,Cryo-EM structure,"TORC2, yeast, architecture",D - Mechanistic/Review,5 - Mechanistic / In Vitro,Yes,10.1038/s41467-017-01862-0,29170376,PMC5700991,True,"The target of rapamycin (TOR) kinase assembles into two distinct multiprotein complexes, conserved across eukaryote evolution. In contrast to TOR complex 1 (TORC1), TORC2 kinase activity is not inhibited by the macrolide rapamycin. Here, we present the structure of Saccharomyces cerevisiae TORC2 determined by electron cryo-microscopy. TORC2 contains six subunits assembling into a 1.4 MDa rhombohedron. Tor2 and Lst8 form the common core of both TOR complexes. Avo3/Rictor is unique to TORC2, but interacts with the same HEAT repeats of Tor2 that are engaged by Kog1/Raptor in mammalian TORC1, explaining the mutual exclusivity of these two proteins. Density, which we conclude is Avo3, occludes the FKBP12-rapamycin-binding site of Tor2's FRB domain rendering TORC2 rapamycin insensitive and recessing the kinase active site. Although mobile, Avo1/hSin1 further restricts access to the active site as its conserved-region-in-the-middle (CRIM) domain is positioned along an edge of the TORC2 active-site-cleft, consistent with a role for CRIM in substrate recruitment.",Cryo-EM structure of yeast TORC2 reveals its overall architecture and rapamycin insensitivity.,"Cryo-EM structure of Saccharomyces cerevisiae target of rapamycin complex 2
Key finding: Cryo-EM structure of yeast TORC2 reveals its overall architecture and rapamycin insensitivity.
Abstract: The target of rapamycin (TOR) kinase assembles into two distinct multiprotein complexes, conserved across eukaryote evolution. In contrast to TOR complex 1 (TORC1), TORC2 kinase activity is not inhibited by the macrolide rapamycin. Here, we present the structure of Saccharomyces cerevisiae TORC2 determined by electron cryo-microscopy. TORC2 contains six subunits assembling into a 1.4 MDa rhombohedron. Tor2 and Lst8 form the common core of both TOR complexes. Avo3/Rictor is unique to TORC2, but interacts with the same HEAT repeats of Tor2 that are engaged by Kog1/Raptor in mammalian TORC1, explaining the mutual exclusivity of these two proteins. Density, which we conclude is Avo3, occludes the FKBP12-rapamycin-binding site of Tor2's FRB domain rendering TORC2 rapamycin insensitive and recessing the kinase active site. Although mobile, Avo1/hSin1 further restricts access to the active site as its conserved-region-in-the-middle (CRIM) domain is positioned along an edge of the TORC2 active-site-cleft, consistent with a role for CRIM in substrate recruitment."
reckeAESisrE9NoOi,BAB2025,Restriction of individual branched-chain amino acids has distinct effects on the development and progression of Alzheimer's disease in 3xTg mice,Babygirija R; Lamming DW et al.,2026,Advanced Science,Animal,Mouse (Alzheimer's disease model),Leucine/BCAA restriction; Alzheimer's disease,C - Animal,4 - Animal Study,Yes,10.1002/advs.202515220,41817439,PMC13248761,True,"Dietary protein regulates metabolic health and aging, with many benefits of a low protein diet resulting from reduced consumption of the three branched-chain amino acids (BCAAs), leucine, isoleucine, and valine. Each BCAA has distinct physiological and molecular effects, and while restriction of protein or all three BCAAs improves cognition in mouse models of Alzheimer's disease (AD), the role of each individual BCAA on AD is unknown. Here, we investigate the impact of restricting leucine, isoleucine, or valine on metabolism, AD pathology, molecular signaling, and cognition in male and female 3xTg AD mice. Mice were fed BCAA-restricted diets for nine months starting at six months of age. Restriction of either isoleucine or valine, but not leucine, improved metabolic health. We observed distinct, BCAA-specific effects on AD pathology, molecular signaling, and gene expression in both sexes as well as shared molecular responses in males. Restricting any BCAA improved short-term memory in males, with isoleucine having the strongest effect, while valine restriction led to the greatest cognitive benefits for females. These findings suggest that targeted BCAA restriction, particularly of isoleucine or valine, may form the basis of a novel sex-specific approach to prevent or delay AD.","UPDATE (was bioRxiv preprint at seed time, peer-reviewed and published in Advanced Science March 2026). Restricting individual branched-chain amino acids has distinct, sex-specific effects on cognition and AD pathology in 3xTg mice; restriction of isoleucine and valine (but not leucine) promotes metabolic health. Note: the different BCAAs act differentially on mTORC1, which is why single-amino-acid restriction matters.","Restriction of individual branched-chain amino acids has distinct effects on the development and progression of Alzheimer's disease in 3xTg mice
Key finding: UPDATE (was bioRxiv preprint at seed time, peer-reviewed and published in Advanced Science March 2026). Restricting individual branched-chain amino acids has distinct, sex-specific effects on cognition and AD pathology in 3xTg mice; restriction of isoleucine and valine (but not leucine) promotes metabolic health. Note: the different BCAAs act differentially on mTORC1, which is why single-amino-acid restriction matters.
Abstract: Dietary protein regulates metabolic health and aging, with many benefits of a low protein diet resulting from reduced consumption of the three branched-chain amino acids (BCAAs), leucine, isoleucine, and valine. Each BCAA has distinct physiological and molecular effects, and while restriction of protein or all three BCAAs improves cognition in mouse models of Alzheimer's disease (AD), the role of each individual BCAA on AD is unknown. Here, we investigate the impact of restricting leucine, isoleucine, or valine on metabolism, AD pathology, molecular signaling, and cognition in male and female 3xTg AD mice. Mice were fed BCAA-restricted diets for nine months starting at six months of age. Restriction of either isoleucine or valine, but not leucine, improved metabolic health. We observed distinct, BCAA-specific effects on AD pathology, molecular signaling, and gene expression in both sexes as well as shared molecular responses in males. Restricting any BCAA improved short-term memory in males, with isoleucine having the strongest effect, while valine restriction led to the greatest cognitive benefits for females. These findings suggest that targeted BCAA restriction, particularly of isoleucine or valine, may form the basis of a novel sex-specific approach to prevent or delay AD."
reckocnarWADQktEv,CHE2008,TSC-mTOR maintains quiescence and function of hematopoietic stem cells by repressing mitochondrial biogenesis and reactive oxygen species,Chen C; Liu Y; Liu R; Ikenoue T; Guan KL; Liu Y; Zheng P,2008,Journal of Experimental Medicine,Animal,Mouse (conditional Tsc1 knockout),TSC1/TSC2; mTORC1,C - Animal,4 - Animal Study,Yes,10.1084/jem.20081297,18809716,PMC2556783,True,"The tuberous sclerosis complex (TSC)-mammalian target of rapamycin (mTOR) pathway is a key regulator of cellular metabolism. We used conditional deletion of Tsc1 to address how quiescence is associated with the function of hematopoietic stem cells (HSCs). We demonstrate that Tsc1 deletion in the HSCs drives them from quiescence into rapid cycling, with increased mitochondrial biogenesis and elevated levels of reactive oxygen species (ROS). Importantly, this deletion dramatically reduced both hematopoiesis and self-renewal of HSCs, as revealed by serial and competitive bone marrow transplantation. In vivo treatment with an ROS antagonist restored HSC numbers and functions. These data demonstrated that the TSC-mTOR pathway maintains the quiescence and function of HSCs by repressing ROS production. The detrimental effect of up-regulated ROS in metabolically active HSCs may explain the well-documented association between quiescence and the ""stemness"" of HSCs.","Showed why blood stem cells must keep mTOR LOW. Deleting TSC1 (which unleashes mTOR) drove resting stem cells into rapid division, flooded them with reactive oxygen species, and burned out their ability to self-renew. An antioxidant rescued them. A key link between mTOR, stem-cell exhaustion, and tissue aging.","TSC-mTOR maintains quiescence and function of hematopoietic stem cells by repressing mitochondrial biogenesis and reactive oxygen species
Key finding: Showed why blood stem cells must keep mTOR LOW. Deleting TSC1 (which unleashes mTOR) drove resting stem cells into rapid division, flooded them with reactive oxygen species, and burned out their ability to self-renew. An antioxidant rescued them. A key link between mTOR, stem-cell exhaustion, and tissue aging.
Abstract: The tuberous sclerosis complex (TSC)-mammalian target of rapamycin (mTOR) pathway is a key regulator of cellular metabolism. We used conditional deletion of Tsc1 to address how quiescence is associated with the function of hematopoietic stem cells (HSCs). We demonstrate that Tsc1 deletion in the HSCs drives them from quiescence into rapid cycling, with increased mitochondrial biogenesis and elevated levels of reactive oxygen species (ROS). Importantly, this deletion dramatically reduced both hematopoiesis and self-renewal of HSCs, as revealed by serial and competitive bone marrow transplantation. In vivo treatment with an ROS antagonist restored HSC numbers and functions. These data demonstrated that the TSC-mTOR pathway maintains the quiescence and function of HSCs by repressing ROS production. The detrimental effect of up-regulated ROS in metabolically active HSCs may explain the well-documented association between quiescence and the ""stemness"" of HSCs."
recl1wj9HLFDr42nU,DEM2014,Regulation of TORC1 in response to amino acid starvation via lysosomal recruitment of TSC2,Demetriades C; Teleman AA et al.,2014,Cell,Mechanism,Mammalian cells,"TSC2, lysosome, amino acids",D - Mechanistic/Review,5 - Mechanistic / In Vitro,Yes,10.1016/j.cell.2014.01.024,24529380,PMC4346203,True,"TOR complex 1 (TORC1) is a potent anabolic regulator of cellular growth and metabolism. When cells have sufficient amino acids, TORC1 is active due to its lysosomal localization mediated via the Rag GTPases. Upon amino acid removal, the Rag GTPases release TORC1, causing it to become cytoplasmic and inactive. We show here that, upon amino acid removal, the Rag GTPases also recruit TSC2 to the lysosome, where it can act on Rheb. Only when both the Rag GTPases and Rheb are inactive is TORC1 fully released from the lysosome. Upon amino acid withdrawal, cells lacking TSC2 fail to completely release TORC1 from the lysosome, fail to completely inactivate TORC1, and fail to adjust physiologically to amino acid starvation. These data suggest that regulation of TSC2 subcellular localization may be a general mechanism to control its activity and place TSC2 in the amino-acid-sensing pathway to TORC1.",Amino-acid starvation recruits TSC2 to the lysosome to inhibit Rheb and TORC1.,"Regulation of TORC1 in response to amino acid starvation via lysosomal recruitment of TSC2
Key finding: Amino-acid starvation recruits TSC2 to the lysosome to inhibit Rheb and TORC1.
Abstract: TOR complex 1 (TORC1) is a potent anabolic regulator of cellular growth and metabolism. When cells have sufficient amino acids, TORC1 is active due to its lysosomal localization mediated via the Rag GTPases. Upon amino acid removal, the Rag GTPases release TORC1, causing it to become cytoplasmic and inactive. We show here that, upon amino acid removal, the Rag GTPases also recruit TSC2 to the lysosome, where it can act on Rheb. Only when both the Rag GTPases and Rheb are inactive is TORC1 fully released from the lysosome. Upon amino acid withdrawal, cells lacking TSC2 fail to completely release TORC1 from the lysosome, fail to completely inactivate TORC1, and fail to adjust physiologically to amino acid starvation. These data suggest that regulation of TSC2 subcellular localization may be a general mechanism to control its activity and place TSC2 in the amino-acid-sensing pathway to TORC1."
reclBOB6yn6bnkd04,SAN2010,Ragulator-Rag complex targets mTORC1 to the lysosomal surface and is necessary for its activation by amino acids,Sancak Y; Bar-Peled L; Zoncu R; Markhard AL; Nada S; Sabatini DM,2010,Cell,Mechanism,Human cells + Drosophila,mTORC1; Ragulator; Rag GTPases; Rheb,D - Mechanistic/Review,5 - Mechanistic / In Vitro,Yes,10.1016/j.cell.2010.02.024,20381137,PMC3024592,True,"The mTORC1 kinase promotes growth in response to growth factors, energy levels, and amino acids, and its activity is often deregulated in disease. The Rag GTPases interact with mTORC1 and are proposed to activate it in response to amino acids by promoting mTORC1 translocation to a membrane-bound compartment that contains the mTORC1 activator, Rheb. We show that amino acids induce the movement of mTORC1 to lysosomal membranes, where the Rag proteins reside. A complex encoded by the MAPKSP1, ROBLD3, and c11orf59 genes, which we term Ragulator, interacts with the Rag GTPases, recruits them to lysosomes, and is essential for mTORC1 activation. Constitutive targeting of mTORC1 to the lysosomal surface is sufficient to render the mTORC1 pathway amino acid insensitive and independent of Rag and Ragulator, but not Rheb, function. Thus, Rag-Ragulator-mediated translocation of mTORC1 to lysosomal membranes is the key event in amino acid signaling to mTORC1.",Established WHERE mTORC1 gets switched on: the lysosome surface. Identified Ragulator as the lysosomal dock that recruits the Rag GTPases and drags mTORC1 to the membrane where its activator Rheb lives. Amino acids work by controlling this translocation.,"Ragulator-Rag complex targets mTORC1 to the lysosomal surface and is necessary for its activation by amino acids
Key finding: Established WHERE mTORC1 gets switched on: the lysosome surface. Identified Ragulator as the lysosomal dock that recruits the Rag GTPases and drags mTORC1 to the membrane where its activator Rheb lives. Amino acids work by controlling this translocation.
Abstract: The mTORC1 kinase promotes growth in response to growth factors, energy levels, and amino acids, and its activity is often deregulated in disease. The Rag GTPases interact with mTORC1 and are proposed to activate it in response to amino acids by promoting mTORC1 translocation to a membrane-bound compartment that contains the mTORC1 activator, Rheb. We show that amino acids induce the movement of mTORC1 to lysosomal membranes, where the Rag proteins reside. A complex encoded by the MAPKSP1, ROBLD3, and c11orf59 genes, which we term Ragulator, interacts with the Rag GTPases, recruits them to lysosomes, and is essential for mTORC1 activation. Constitutive targeting of mTORC1 to the lysosomal surface is sufficient to render the mTORC1 pathway amino acid insensitive and independent of Rag and Ragulator, but not Rheb, function. Thus, Rag-Ragulator-mediated translocation of mTORC1 to lysosomal membranes is the key event in amino acid signaling to mTORC1."
reclBa4RS7HmzsIpW,ZON2011,mTORC1 senses lysosomal amino acids through an inside-out mechanism that requires the vacuolar H(+)-ATPase,Zoncu R; Bar-Peled L; Efeyan A; Wang S; Sancak Y; Sabatini DM,2011,Science,Mechanism,Human cells + cell-free reconstitution,mTORC1; v-ATPase; Rag GTPases; Ragulator,D - Mechanistic/Review,5 - Mechanistic / In Vitro,Yes,10.1126/science.1207056,22053050,PMC3211112,True,"The mTOR complex 1 (mTORC1) protein kinase is a master growth regulator that is stimulated by amino acids. Amino acids activate the Rag guanosine triphosphatases (GTPases), which promote the translocation of mTORC1 to the lysosomal surface, the site of mTORC1 activation. We found that the vacuolar H(+)-adenosine triphosphatase ATPase (v-ATPase) is necessary for amino acids to activate mTORC1. The v-ATPase engages in extensive amino acid-sensitive interactions with the Ragulator, a scaffolding complex that anchors the Rag GTPases to the lysosome. In a cell-free system, ATP hydrolysis by the v-ATPase was necessary for amino acids to regulate the v-ATPase-Ragulator interaction and promote mTORC1 translocation. Results obtained in vitro and in human cells suggest that amino acid signaling begins within the lysosomal lumen. These results identify the v-ATPase as a component of the mTOR pathway and delineate a lysosome-associated machinery for amino acid sensing.",Showed amino acid sensing starts INSIDE the lysosome: amino acids accumulate in the lumen and the v-ATPase relays that signal outward ('inside-out') to Ragulator-Rag. A surprising twist on where the cell measures its nutrient status.,"mTORC1 senses lysosomal amino acids through an inside-out mechanism that requires the vacuolar H(+)-ATPase
Key finding: Showed amino acid sensing starts INSIDE the lysosome: amino acids accumulate in the lumen and the v-ATPase relays that signal outward ('inside-out') to Ragulator-Rag. A surprising twist on where the cell measures its nutrient status.
Abstract: The mTOR complex 1 (mTORC1) protein kinase is a master growth regulator that is stimulated by amino acids. Amino acids activate the Rag guanosine triphosphatases (GTPases), which promote the translocation of mTORC1 to the lysosomal surface, the site of mTORC1 activation. We found that the vacuolar H(+)-adenosine triphosphatase ATPase (v-ATPase) is necessary for amino acids to activate mTORC1. The v-ATPase engages in extensive amino acid-sensitive interactions with the Ragulator, a scaffolding complex that anchors the Rag GTPases to the lysosome. In a cell-free system, ATP hydrolysis by the v-ATPase was necessary for amino acids to regulate the v-ATPase-Ragulator interaction and promote mTORC1 translocation. Results obtained in vitro and in human cells suggest that amino acid signaling begins within the lysosomal lumen. These results identify the v-ATPase as a component of the mTOR pathway and delineate a lysosome-associated machinery for amino acid sensing."
reclZFc0cu5xi20Fu,ROG2019,Structural basis for the docking of mTORC1 on the lysosomal surface,Rogala KB; Sabatini DM et al.,2019,Science,Mechanism,Cryo-EM structure,"mTORC1, Rag-Ragulator, lysosome",D - Mechanistic/Review,5 - Mechanistic / In Vitro,Yes,10.1126/science.aay0166,31601708,PMC7176403,True,"The mTORC1 (mechanistic target of rapamycin complex 1) protein kinase regulates growth in response to nutrients and growth factors. Nutrients promote its translocation to the lysosomal surface, where its Raptor subunit interacts with the Rag guanosine triphosphatase (GTPase)-Ragulator complex. Nutrients switch the heterodimeric Rag GTPases among four different nucleotide-binding states, only one of which (RagA/B GTP-RagC/D GDP) permits mTORC1 association. We used cryo-electron microscopy to determine the structure of the supercomplex of Raptor with Rag-Ragulator at a resolution of 3.2 angstroms. Our findings indicate that the Raptor alpha-solenoid directly detects the nucleotide state of RagA while the Raptor claw threads between the GTPase domains to detect that of RagC. Mutations that disrupted Rag-Raptor binding inhibited mTORC1 lysosomal localization and signaling. By comparison with a structure of mTORC1 bound to its activator Rheb, we developed a model of active mTORC1 docked on the lysosome.",Structure shows how mTORC1 docks onto the Rag-Ragulator lysosomal scaffold.,"Structural basis for the docking of mTORC1 on the lysosomal surface
Key finding: Structure shows how mTORC1 docks onto the Rag-Ragulator lysosomal scaffold.
Abstract: The mTORC1 (mechanistic target of rapamycin complex 1) protein kinase regulates growth in response to nutrients and growth factors. Nutrients promote its translocation to the lysosomal surface, where its Raptor subunit interacts with the Rag guanosine triphosphatase (GTPase)-Ragulator complex. Nutrients switch the heterodimeric Rag GTPases among four different nucleotide-binding states, only one of which (RagA/B GTP-RagC/D GDP) permits mTORC1 association. We used cryo-electron microscopy to determine the structure of the supercomplex of Raptor with Rag-Ragulator at a resolution of 3.2 angstroms. Our findings indicate that the Raptor alpha-solenoid directly detects the nucleotide state of RagA while the Raptor claw threads between the GTPase domains to detect that of RagC. Mutations that disrupted Rag-Raptor binding inhibited mTORC1 lysosomal localization and signaling. By comparison with a structure of mTORC1 bound to its activator Rheb, we developed a model of active mTORC1 docked on the lysosome."
reclb9mXNu9PPmIm4,WOLF2017,The Dawn of the Age of Amino Acid Sensors for the mTORC1 Pathway,Wolfson RL; Sabatini DM et al.,2017,Cell metabolism,Review,Review,"amino acid sensors, mTORC1",D - Mechanistic/Review,Narrative Review,Yes,10.1016/j.cmet.2017.07.001,28768171,PMC5560103,True,"The mechanistic target of rapamycin complex 1 (mTORC1) is a master regulator of cell growth that responds to a diverse set of environmental inputs, including amino acids. Over the past 10 years, a number of proteins have been identified that help transmit amino acid availability to mTORC1. However, amino acid sensors for this pathway have only recently been discovered. Here, we review these recent advances and highlight the variety of unexplored questions that emerge from the identification of these sensors.",Review of the newly discovered amino-acid sensors feeding into mTORC1.,"The Dawn of the Age of Amino Acid Sensors for the mTORC1 Pathway
Key finding: Review of the newly discovered amino-acid sensors feeding into mTORC1.
Abstract: The mechanistic target of rapamycin complex 1 (mTORC1) is a master regulator of cell growth that responds to a diverse set of environmental inputs, including amino acids. Over the past 10 years, a number of proteins have been identified that help transmit amino acid availability to mTORC1. However, amino acid sensors for this pathway have only recently been discovered. Here, we review these recent advances and highlight the variety of unexplored questions that emerge from the identification of these sensors."
recld5W73MWNghluv,LIX2010,mTOR-dependent synapse formation underlies the rapid antidepressant effects of NMDA antagonists,Li N; Duman RS et al.,2010,Science,Animal,Rat,"mTOR, ketamine, synapse",C - Animal,4 - Animal Study,Yes,10.1126/science.1190287,20724638,PMC3116441,True,"The rapid antidepressant response after ketamine administration in treatment-resistant depressed patients suggests a possible new approach for treating mood disorders compared to the weeks or months required for standard medications. However, the mechanisms underlying this action of ketamine [a glutamate N-methyl-D-aspartic acid (NMDA) receptor antagonist] have not been identified. We observed that ketamine rapidly activated the mammalian target of rapamycin (mTOR) pathway, leading to increased synaptic signaling proteins and increased number and function of new spine synapses in the prefrontal cortex of rats. Moreover, blockade of mTOR signaling completely blocked ketamine induction of synaptogenesis and behavioral responses in models of depression. Our results demonstrate that these effects of ketamine are opposite to the synaptic deficits that result from exposure to stress and could contribute to the fast antidepressant actions of ketamine.",Ketamine's rapid antidepressant action requires mTOR-dependent synaptogenesis in prefrontal cortex.,"mTOR-dependent synapse formation underlies the rapid antidepressant effects of NMDA antagonists
Key finding: Ketamine's rapid antidepressant action requires mTOR-dependent synaptogenesis in prefrontal cortex.
Abstract: The rapid antidepressant response after ketamine administration in treatment-resistant depressed patients suggests a possible new approach for treating mood disorders compared to the weeks or months required for standard medications. However, the mechanisms underlying this action of ketamine [a glutamate N-methyl-D-aspartic acid (NMDA) receptor antagonist] have not been identified. We observed that ketamine rapidly activated the mammalian target of rapamycin (mTOR) pathway, leading to increased synaptic signaling proteins and increased number and function of new spine synapses in the prefrontal cortex of rats. Moreover, blockade of mTOR signaling completely blocked ketamine induction of synaptogenesis and behavioral responses in models of depression. Our results demonstrate that these effects of ketamine are opposite to the synaptic deficits that result from exposure to stress and could contribute to the fast antidepressant actions of ketamine."
recldns4kxIiLTptj,POW2011,Regulation of immune responses by mTOR,Powell JD; Horton MR et al.,2011,Annual review of immunology,Review,Review,"mTOR, T cells, immunity",D - Mechanistic/Review,Narrative Review,Yes,10.1146/annurev-immunol-020711-075024,22136167,PMC3616892,True,"mTOR is an evolutionarily conserved serine/threonine kinase that plays a central role in integrating environmental cues in the form of growth factors, amino acids, and energy. In the study of the immune system, mTOR is emerging as a critical regulator of immune function because of its role in sensing and integrating cues from the immune microenvironment. With the greater appreciation of cellular metabolism as an important regulator of immune cell function, mTOR is proving to be a vital link between immune function and metabolism. In this review, we discuss the ability of mTOR to direct the adaptive immune response. Specifically, we focus on the role of mTOR in promoting differentiation, activation, and function in T cells, B cells, and antigen-presenting cells.",Review of mTOR as an integrator of immune-cell metabolism and differentiation.,"Regulation of immune responses by mTOR
Key finding: Review of mTOR as an integrator of immune-cell metabolism and differentiation.
Abstract: mTOR is an evolutionarily conserved serine/threonine kinase that plays a central role in integrating environmental cues in the form of growth factors, amino acids, and energy. In the study of the immune system, mTOR is emerging as a critical regulator of immune function because of its role in sensing and integrating cues from the immune microenvironment. With the greater appreciation of cellular metabolism as an important regulator of immune cell function, mTOR is proving to be a vital link between immune function and metabolism. In this review, we discuss the ability of mTOR to direct the adaptive immune response. Specifically, we focus on the role of mTOR in promoting differentiation, activation, and function in T cells, B cells, and antigen-presenting cells."
recmB4BGexGbqqG60,ZIN2011,Activation of mTORC2 by association with the ribosome,Zinzalla V; Hall MN et al.,2011,Cell,Mechanism,Mammalian cells,"mTORC2, ribosome, PI3K",D - Mechanistic/Review,5 - Mechanistic / In Vitro,Yes,10.1016/j.cell.2011.02.014,,,False,"The target of rapamycin (TOR) is a highly conserved protein kinase and a central controller of growth. Mammalian TOR complex 2 (mTORC2) regulates AGC kinase family members and is implicated in various disorders, including cancer and diabetes. Here, we investigated the upstream regulation of mTORC2. A genetic screen in yeast and subsequent studies in mammalian cells revealed that ribosomes, but not protein synthesis, are required for mTORC2 signaling. Active mTORC2 was physically associated with the ribosome, and insulin-stimulated PI3K signaling promoted mTORC2-ribosome binding, suggesting that ribosomes activate mTORC2 directly. Findings with melanoma and colon cancer cells suggest that mTORC2-ribosome association is important in oncogenic PI3K signaling. Thus, TORC2-ribosome interaction is a likely conserved mechanism of TORC2 activation that is physiologically relevant in both normal and cancer cells. As ribosome content determines growth capacity of a cell, this mechanism of TORC2 regulation ensures that TORC2 is active only in growing cells.",mTORC2 is activated by direct association with the ribosome downstream of PI3K.,"Activation of mTORC2 by association with the ribosome
Key finding: mTORC2 is activated by direct association with the ribosome downstream of PI3K.
Abstract: The target of rapamycin (TOR) is a highly conserved protein kinase and a central controller of growth. Mammalian TOR complex 2 (mTORC2) regulates AGC kinase family members and is implicated in various disorders, including cancer and diabetes. Here, we investigated the upstream regulation of mTORC2. A genetic screen in yeast and subsequent studies in mammalian cells revealed that ribosomes, but not protein synthesis, are required for mTORC2 signaling. Active mTORC2 was physically associated with the ribosome, and insulin-stimulated PI3K signaling promoted mTORC2-ribosome binding, suggesting that ribosomes activate mTORC2 directly. Findings with melanoma and colon cancer cells suggest that mTORC2-ribosome association is important in oncogenic PI3K signaling. Thus, TORC2-ribosome interaction is a likely conserved mechanism of TORC2 activation that is physiologically relevant in both normal and cancer cells. As ribosome content determines growth capacity of a cell, this mechanism of TORC2 regulation ensures that TORC2 is active only in growing cells."
recmYPFjvS2qFmiwm,PEN2017,SZT2 dictates GATOR control of mTORC1 signalling,Peng M; Li MO et al.,2017,Nature,Mechanism,Mammalian cells,"SZT2, GATOR, mTORC1",D - Mechanistic/Review,5 - Mechanistic / In Vitro,Yes,10.1038/nature21378,28199315,PMC5570594,True,"Mechanistic target of rapamycin complex 1 (TORC1) integrates nutrient signals to control cell growth and organismal homeostasis across eukaryotes. The evolutionarily conserved GATOR complex regulates mTORC1 signalling through Rag GTPases, and GATOR1 displays GTPase activating protein (GAP) activity for RAGA and RAGB (RAGA/B) and GATOR2 has been proposed to be an inhibitor of GATOR1. Furthermore, the metazoan-specific SESN proteins function as guanine nucleotide dissociation inhibitors (GDIs) for RAGA/B, and interact with GATOR2 with unknown effects. Here we show that SZT2 (seizure threshold 2), a metazoan-specific protein mutated in epilepsy, recruits a fraction of mammalian GATOR1 and GATOR2 to form a SZT2-orchestrated GATOR (SOG) complex with an essential role in GATOR- and SESN-dependent nutrient sensing and mTORC1 regulation. The interaction of SZT2 with GATOR1 and GATOR2 was synergistic, and an intact SOG complex was required for its localization at the lysosome. SZT2 deficiency resulted in constitutive mTORC1 signalling in cells under nutrient-deprived conditions and neonatal lethality in mice, which was associated with failure to inactivate mTORC1 during fasting. Hyperactivation of mTORC1 in SZT2-deficient cells could be partially corrected by overexpression of the GATOR1 component DEPDC5, and by the lysosome-targeted GATOR2 component WDR59 or lysosome-targeted SESN2. These findings demonstrate that SZT2 has a central role in dictating GATOR-dependent nutrient sensing by promoting lysosomal localization of SOG, and reveal an unexpected function of lysosome-located GATOR2 in suppressing mTORC1 signalling through SESN recruitment.",SZT2 organizes GATOR1/GATOR2 to dictate amino-acid control of mTORC1.,"SZT2 dictates GATOR control of mTORC1 signalling
Key finding: SZT2 organizes GATOR1/GATOR2 to dictate amino-acid control of mTORC1.
Abstract: Mechanistic target of rapamycin complex 1 (TORC1) integrates nutrient signals to control cell growth and organismal homeostasis across eukaryotes. The evolutionarily conserved GATOR complex regulates mTORC1 signalling through Rag GTPases, and GATOR1 displays GTPase activating protein (GAP) activity for RAGA and RAGB (RAGA/B) and GATOR2 has been proposed to be an inhibitor of GATOR1. Furthermore, the metazoan-specific SESN proteins function as guanine nucleotide dissociation inhibitors (GDIs) for RAGA/B, and interact with GATOR2 with unknown effects. Here we show that SZT2 (seizure threshold 2), a metazoan-specific protein mutated in epilepsy, recruits a fraction of mammalian GATOR1 and GATOR2 to form a SZT2-orchestrated GATOR (SOG) complex with an essential role in GATOR- and SESN-dependent nutrient sensing and mTORC1 regulation. The interaction of SZT2 with GATOR1 and GATOR2 was synergistic, and an intact SOG complex was required for its localization at the lysosome. SZT2 deficiency resulted in constitutive mTORC1 signalling in cells under nutrient-deprived conditions and neonatal lethality in mice, which was associated with failure to inactivate mTORC1 during fasting. Hyperactivation of mTORC1 in SZT2-deficient cells could be partially corrected by overexpression of the GATOR1 component DEPDC5, and by the lysosome-targeted GATOR2 component WDR59 or lysosome-targeted SESN2. These findings demonstrate that SZT2 has a central role in dictating GATOR-dependent nutrient sensing by promoting lysosomal localization of SOG, and reveal an unexpected function of lysosome-located GATOR2 in suppressing mTORC1 signalling through SESN recruitment."
recmmE2WMT03LtYMH,TAN2024,"Targeting mTOR restores tau-induced metabolic, mitochondrial, and cognitive deficits in a tauopathy mouse model",Tang Z; Guo M; Ding Y; Wen Y; Li B; Xiao Y; Ni R; Guan Z; Qi XL,2024,bioRxiv (preprint),Preprint,"Mouse (Tau3E-overexpressing, hippocampal CA3)",mTORC1; Rapamycin; Huntington's disease,Preprint,Preprint,No,10.1101/2024.11.24.625068,,,False,"Aim: Hyperphosphorylated tau plays a crucial role in the pathogenesis of Alzheimer's disease (AD). Whether mammalian target of rapamycin (mTOR) directly interacts with the Tau protein at Ser214, Ser356 and Thr231 is not clear. This study aimed to investigate whether mTOR-regulated tau phosphorylation disrupts mitochondrial dynamics and function and whether rapamycin, an mTOR inhibitor, can modulate tau phosphorylation levels and attenuate AD-related alterations. Methods: Adeno-associated virus (AAV) vectors were used to intracranially deliver the TauS214E/T231E/S356E (Tau3E) variant into 2-month-old C57BL/6 mice. The mice were intraperitoneally administered the mTOR inhibitor rapamycin for one week, followed by assessment via the Morris water maze test. Western blot, immunofluorescence staining and flow cytometry measured mTOR, p70S6K and tau expression, mitochondrial dynamics and reactive oxygen species (ROS) in HT22 cells and Tau3E-overexpressing mice, as well as postmortem brain tissue from AD patients. Results: p-mTOR-S2448 colocalized with p-Tau-Ser214, p-Tau-Ser356 and p-Tau-Thr231 in the hippocampal CA3 region of AD patients. HT22 cells and mice overexpressing Tau3E showed elevated p-mTOR, p-p70S6K and ROS, mitochondrial fragmentation, and increased p-Tau at the three sites; rapamycin partially mitigated the cognitive and molecular alterations. Conclusion: The study reveals a causal link between tau phosphorylation at Ser214/Ser356/Thr231 and mTOR upregulation with downstream ROS, mitochondrial dysfunction and cognitive impairment; rapamycin (i.p.) alleviates the impairment, reduces p-Tau and restores mitochondrial homeostasis, neuronal loss and cognition in mice. (Preprint abstract; source: bioRxiv.)","In mice engineered to overexpress a phosphomimetic tau variant, one week of rapamycin reversed tau-driven mitochondrial dysfunction and rescued cognitive performance in the Morris water maze - extends the mTOR-autophagy-neurodegeneration link (already seen with Huntington's) to a direct tau-phosphorylation mechanism relevant to Alzheimer's.","Targeting mTOR restores tau-induced metabolic, mitochondrial, and cognitive deficits in a tauopathy mouse model
Key finding: In mice engineered to overexpress a phosphomimetic tau variant, one week of rapamycin reversed tau-driven mitochondrial dysfunction and rescued cognitive performance in the Morris water maze - extends the mTOR-autophagy-neurodegeneration link (already seen with Huntington's) to a direct tau-phosphorylation mechanism relevant to Alzheimer's.
Abstract: Aim: Hyperphosphorylated tau plays a crucial role in the pathogenesis of Alzheimer's disease (AD). Whether mammalian target of rapamycin (mTOR) directly interacts with the Tau protein at Ser214, Ser356 and Thr231 is not clear. This study aimed to investigate whether mTOR-regulated tau phosphorylation disrupts mitochondrial dynamics and function and whether rapamycin, an mTOR inhibitor, can modulate tau phosphorylation levels and attenuate AD-related alterations. Methods: Adeno-associated virus (AAV) vectors were used to intracranially deliver the TauS214E/T231E/S356E (Tau3E) variant into 2-month-old C57BL/6 mice. The mice were intraperitoneally administered the mTOR inhibitor rapamycin for one week, followed by assessment via the Morris water maze test. Western blot, immunofluorescence staining and flow cytometry measured mTOR, p70S6K and tau expression, mitochondrial dynamics and reactive oxygen species (ROS) in HT22 cells and Tau3E-overexpressing mice, as well as postmortem brain tissue from AD patients. Results: p-mTOR-S2448 colocalized with p-Tau-Ser214, p-Tau-Ser356 and p-Tau-Thr231 in the hippocampal CA3 region of AD patients. HT22 cells and mice overexpressing Tau3E showed elevated p-mTOR, p-p70S6K and ROS, mitochondrial fragmentation, and increased p-Tau at the three sites; rapamycin partially mitigated the cognitive and molecular alterations. Conclusion: The study reveals a causal link between tau phosphorylation at Ser214/Ser356/Thr231 and mTOR upregulation with downstream ROS, mitochondrial dysfunction and cognitive impairment; rapamycin (i.p.) alleviates the impairment, reduces p-Tau and restores mitochondrial homeostasis, neuronal loss and cognition in mice. (Preprint abstract; source: bioRxiv.)"
recn00shA95B26vl5,HUD2007,"Temsirolimus, interferon alfa, or both for advanced renal-cell carcinoma",Hudes G et al.,2007,New England Journal of Medicine,Human,"Humans, phase III RCT (n=626)",Temsirolimus; Renal cell carcinoma,B - Human,2 - Human Clinical Trial,Yes,10.1056/NEJMoa066838,,,False,"Interferon alfa is widely used for metastatic renal-cell carcinoma but has limited efficacy and tolerability. Temsirolimus, a specific inhibitor of the mammalian target of rapamycin kinase, may benefit patients with this disease.

In this multicenter, phase 3 trial, we randomly assigned 626 patients with previously untreated, poor-prognosis metastatic renal-cell carcinoma to receive 25 mg of intravenous temsirolimus weekly, 3 million U of interferon alfa (with an increase to 18 million U) subcutaneously three times weekly, or combination therapy with 15 mg of temsirolimus weekly plus 6 million U of interferon alfa three times weekly. The primary end point was overall survival in comparisons of the temsirolimus group and the combination-therapy group with the interferon group.

Patients who received temsirolimus alone had longer overall survival (hazard ratio for death, 0.73; 95% confidence interval [CI], 0.58 to 0.92; P=0.008) and progression-free survival (P<0.001) than did patients who received interferon alone. Overall survival in the combination-therapy group did not differ significantly from that in the interferon group (hazard ratio, 0.96; 95% CI, 0.76 to 1.20; P=0.70). Median overall survival times in the interferon group, the temsirolimus group, and the combination-therapy group were 7.3, 10.9, and 8.4 months, respectively. Rash, peripheral edema, hyperglycemia, and hyperlipidemia were more common in the temsirolimus group, whereas asthenia was more common in the interferon group. There were fewer patients with serious adverse events in the temsirolimus group than in the interferon group (P=0.02).

As compared with interferon alfa, temsirolimus improved overall survival among patients with metastatic renal-cell carcinoma and a poor prognosis. The addition of temsirolimus to interferon did not improve survival. (ClinicalTrials.gov number, NCT00065468 [ClinicalTrials.gov].).","Temsirolimus alone extended median overall survival to 10.9 months versus 7.3 months with interferon alfa in poor-prognosis metastatic kidney cancer; rash, hyperglycemia, and hyperlipidemia were more common with temsirolimus.","Temsirolimus, interferon alfa, or both for advanced renal-cell carcinoma
Key finding: Temsirolimus alone extended median overall survival to 10.9 months versus 7.3 months with interferon alfa in poor-prognosis metastatic kidney cancer; rash, hyperglycemia, and hyperlipidemia were more common with temsirolimus.
Abstract: Interferon alfa is widely used for metastatic renal-cell carcinoma but has limited efficacy and tolerability. Temsirolimus, a specific inhibitor of the mammalian target of rapamycin kinase, may benefit patients with this disease.

In this multicenter, phase 3 trial, we randomly assigned 626 patients with previously untreated, poor-prognosis metastatic renal-cell carcinoma to receive 25 mg of intravenous temsirolimus weekly, 3 million U of interferon alfa (with an increase to 18 million U) subcutaneously three times weekly, or combination therapy with 15 mg of temsirolimus weekly plus 6 million U of interferon alfa three times weekly. The primary end point was overall survival in comparisons of the temsirolimus group and the combination-therapy group with the interferon group.

Patients who received temsirolimus alone had longer overall survival (hazard ratio for death, 0.73; 95% confidence interval [CI], 0.58 to 0.92; P=0.008) and progression-free survival (P<0.001) than did patients who received interferon alone. Overall survival in the combination-therapy group did not differ significantly from that in the interferon group (hazard ratio, 0.96; 95% CI, 0.76 to 1.20; P=0.70). Median overall survival times in the interferon group, the temsirolimus group, and the combination-therapy group were 7.3, 10.9, and 8.4 months, respectively. Rash, peripheral edema, hyperglycemia, and hyperlipidemia were more common in the temsirolimus group, whereas asthenia was more common in the interferon group. There were fewer patients with serious adverse events in the temsirolimus group than in the interferon group (P=0.02).

As compared with interferon alfa, temsirolimus improved overall survival among patients with metastatic renal-cell carcinoma and a poor prognosis. The addition of temsirolimus to interferon did not improve survival. (ClinicalTrials.gov number, NCT00065468 [ClinicalTrials.gov].)."
recn4gaz9CXnHQWSK,THO2012,A unifying model for mTORC1-mediated regulation of mRNA translation,Thoreen CC; Chantranupong L; Keys HR; Wang T; Gray NS; Sabatini DM,2012,Nature,Mechanism,Mouse cells (ribosome profiling),mTORC1; 4E-BP1,D - Mechanistic/Review,5 - Mechanistic / In Vitro,Yes,10.1038/nature11083,22552098,PMC3347774,True,"The mTOR complex 1 (mTORC1) kinase nucleates a pathway that promotes cell growth and proliferation and is the target of rapamycin, a drug with many clinical uses. mTORC1 regulates messenger RNA translation, but the overall translational program is poorly defined and no unifying model exists to explain how mTORC1 differentially controls the translation of specific mRNAs. Here we use high-resolution transcriptome-scale ribosome profiling to monitor translation in mouse cells acutely treated with the mTOR inhibitor Torin 1, which, unlike rapamycin, fully inhibits mTORC1 (ref. 2). Our data reveal a surprisingly simple model of the mRNA features and mechanisms that confer mTORC1-dependent translation control. The subset of mRNAs that are specifically regulated by mTORC1 consists almost entirely of transcripts with established 5' terminal oligopyrimidine (TOP) motifs, or, like Hsp90ab1 and Ybx1, with previously unrecognized TOP or related TOP-like motifs that we identified. We find no evidence to support proposals that mTORC1 preferentially regulates mRNAs with increased 5' untranslated region length or complexity. mTORC1 phosphorylates a myriad of translational regulators, but how it controls TOP mRNA translation is unknown. Remarkably, loss of just the 4E-BP family of translational repressors, arguably the best characterized mTORC1 substrates, is sufficient to render TOP and TOP-like mRNA translation resistant to Torin 1. The 4E-BPs inhibit translation initiation by interfering with the interaction between the cap-binding protein eIF4E and eIF4G1. Loss of this interaction diminishes the capacity of eIF4E to bind TOP and TOP-like mRNAs much more than other mRNAs, explaining why mTOR inhibition selectively suppresses their translation. Our results clarify the translational program controlled by mTORC1 and identify 4E-BPs and eIF4G1 as its master effectors.",Used ribosome profiling with the complete inhibitor Torin1 to settle a long debate: mTORC1's translational control runs almost entirely through the 4E-BP family acting on a specific class of mRNAs (TOP motifs). Losing just the 4E-BPs makes translation resistant to mTOR inhibition - naming them the master effectors.,"A unifying model for mTORC1-mediated regulation of mRNA translation
Key finding: Used ribosome profiling with the complete inhibitor Torin1 to settle a long debate: mTORC1's translational control runs almost entirely through the 4E-BP family acting on a specific class of mRNAs (TOP motifs). Losing just the 4E-BPs makes translation resistant to mTOR inhibition - naming them the master effectors.
Abstract: The mTOR complex 1 (mTORC1) kinase nucleates a pathway that promotes cell growth and proliferation and is the target of rapamycin, a drug with many clinical uses. mTORC1 regulates messenger RNA translation, but the overall translational program is poorly defined and no unifying model exists to explain how mTORC1 differentially controls the translation of specific mRNAs. Here we use high-resolution transcriptome-scale ribosome profiling to monitor translation in mouse cells acutely treated with the mTOR inhibitor Torin 1, which, unlike rapamycin, fully inhibits mTORC1 (ref. 2). Our data reveal a surprisingly simple model of the mRNA features and mechanisms that confer mTORC1-dependent translation control. The subset of mRNAs that are specifically regulated by mTORC1 consists almost entirely of transcripts with established 5' terminal oligopyrimidine (TOP) motifs, or, like Hsp90ab1 and Ybx1, with previously unrecognized TOP or related TOP-like motifs that we identified. We find no evidence to support proposals that mTORC1 preferentially regulates mRNAs with increased 5' untranslated region length or complexity. mTORC1 phosphorylates a myriad of translational regulators, but how it controls TOP mRNA translation is unknown. Remarkably, loss of just the 4E-BP family of translational repressors, arguably the best characterized mTORC1 substrates, is sufficient to render TOP and TOP-like mRNA translation resistant to Torin 1. The 4E-BPs inhibit translation initiation by interfering with the interaction between the cap-binding protein eIF4E and eIF4G1. Loss of this interaction diminishes the capacity of eIF4E to bind TOP and TOP-like mRNAs much more than other mRNAs, explaining why mTOR inhibition selectively suppresses their translation. Our results clarify the translational program controlled by mTORC1 and identify 4E-BPs and eIF4G1 as its master effectors."
recnBYQEq9uyZjtN3,WUL2006,TOR signaling in growth and metabolism,Wullschleger S; Hall MN et al.,2006,Cell,Review,Review,"mTOR, TORC1, TORC2",D - Mechanistic/Review,Narrative Review,Yes,10.1016/j.cell.2006.01.016,,,False,"The target of rapamycin (TOR) is a conserved Ser/Thr kinase that regulates cell growth and metabolism in response to environmental cues. Here, highlighting contributions from studies in model organisms, we review mammalian TOR complexes and the signaling branches they mediate. TOR is part of two distinct multiprotein complexes, TOR complex 1 (TORC1), which is sensitive to rapamycin, and TORC2, which is not. The physiological consequences of mammalian TORC1 dysregulation suggest that inhibitors of mammalian TOR may be useful in the treatment of cancer, cardiovascular disease, autoimmunity, and metabolic disorders.",Landmark review synthesizing TOR signalling in growth and metabolism across organisms.,"TOR signaling in growth and metabolism
Key finding: Landmark review synthesizing TOR signalling in growth and metabolism across organisms.
Abstract: The target of rapamycin (TOR) is a conserved Ser/Thr kinase that regulates cell growth and metabolism in response to environmental cues. Here, highlighting contributions from studies in model organisms, we review mammalian TOR complexes and the signaling branches they mediate. TOR is part of two distinct multiprotein complexes, TOR complex 1 (TORC1), which is sensitive to rapamycin, and TORC2, which is not. The physiological consequences of mammalian TORC1 dysregulation suggest that inhibitors of mammalian TOR may be useful in the treatment of cancer, cardiovascular disease, autoimmunity, and metabolic disorders."
recnBbgIh5xL1MxNf,URF2017,A randomized controlled trial to establish effects of short-term rapamycin treatment in 24 middle-aged companion dogs,Urfer SR; Kaeberlein M et al.,2017,GeroScience,Animal,"Companion dogs (client-owned, RCT)",Rapamycin; Longevity,C - Animal,4 - Animal Study,Yes,10.1007/s11357-017-9972-z,28374166,PMC5411365,True,"Age is the single greatest risk factor for most causes of morbidity and mortality in humans and their companion animals. As opposed to other model organisms used to study aging, dogs share the human environment, are subject to similar risk factors, receive comparable medical care, and develop many of the same age-related diseases humans do. In this study, 24 middle-aged healthy dogs received either placebo or a non-immunosuppressive dose of rapamycin for 10 weeks. All dogs received clinical and hematological exams before, during, and after the trial and echocardiography before and after the trial. Our results showed no clinical side effects in the rapamycin-treated group compared to dogs receiving the placebo. Echocardiography suggested improvement in both diastolic and systolic age-related measures of heart function (E/A ratio, fractional shortening, and ejection fraction) in the rapamycin-treated dogs. Hematological values remained within the normal range for all parameters studied; however, the mean corpuscular volume (MCV) was decreased in rapamycin-treated dogs. Based on these results, we will test rapamycin on a larger dog cohort for a longer period of time in order to validate its effects on cardiac function and to determine whether it can significantly improve healthspan and reduce mortality in companion dogs.",A short 10-week course of low-dose rapamycin improved heart function measures in healthy pet dogs with no clinical side effects.,"A randomized controlled trial to establish effects of short-term rapamycin treatment in 24 middle-aged companion dogs
Key finding: A short 10-week course of low-dose rapamycin improved heart function measures in healthy pet dogs with no clinical side effects.
Abstract: Age is the single greatest risk factor for most causes of morbidity and mortality in humans and their companion animals. As opposed to other model organisms used to study aging, dogs share the human environment, are subject to similar risk factors, receive comparable medical care, and develop many of the same age-related diseases humans do. In this study, 24 middle-aged healthy dogs received either placebo or a non-immunosuppressive dose of rapamycin for 10 weeks. All dogs received clinical and hematological exams before, during, and after the trial and echocardiography before and after the trial. Our results showed no clinical side effects in the rapamycin-treated group compared to dogs receiving the placebo. Echocardiography suggested improvement in both diastolic and systolic age-related measures of heart function (E/A ratio, fractional shortening, and ejection fraction) in the rapamycin-treated dogs. Hematological values remained within the normal range for all parameters studied; however, the mean corpuscular volume (MCV) was decreased in rapamycin-treated dogs. Based on these results, we will test rapamycin on a larger dog cohort for a longer period of time in order to validate its effects on cardiac function and to determine whether it can significantly improve healthspan and reduce mortality in companion dogs."
recnHDO65JLsC6o0R,JUN2015,Amino Acid-Dependent mTORC1 Regulation by the Lysosomal Membrane Protein SLC38A9,Jung J; Behrends C et al.,2015,Molecular and cellular biology,Mechanism,Mammalian cells,"SLC38A9, amino acids, mTORC1",D - Mechanistic/Review,5 - Mechanistic / In Vitro,Yes,10.1128/MCB.00125-15,25963655,PMC4475919,True,"The serine/threonine kinase mTORC1 regulates cellular homeostasis in response to many cues, such as nutrient status and energy level. Amino acids induce mTORC1 activation on lysosomes via the small Rag GTPases and the Ragulator complex, thereby controlling protein translation and cell growth. Here, we identify the human 11-pass transmembrane protein SLC38A9 as a novel component of the Rag-Ragulator complex. SLC38A9 localizes with Rag-Ragulator complex components on lysosomes and associates with Rag GTPases in an amino acid-sensitive and nucleotide binding state-dependent manner. Depletion of SLC38A9 inhibits mTORC1 activity in the presence of amino acids and in response to amino acid replenishment following starvation. Conversely, SLC38A9 overexpression causes RHEB (Ras homolog enriched in brain) GTPase-dependent hyperactivation of mTORC1 and partly sustains mTORC1 activity upon amino acid deprivation. Intriguingly, during amino acid starvation mTOR is retained at the lysosome upon SLC38A9 depletion but fails to be activated. Together, the findings of our study reveal SLC38A9 as a Rag-Ragulator complex member transducing amino acid availability to mTORC1 activity.","SLC38A9, a lysosomal membrane protein, mediates amino-acid-dependent mTORC1 activation.","Amino Acid-Dependent mTORC1 Regulation by the Lysosomal Membrane Protein SLC38A9
Key finding: SLC38A9, a lysosomal membrane protein, mediates amino-acid-dependent mTORC1 activation.
Abstract: The serine/threonine kinase mTORC1 regulates cellular homeostasis in response to many cues, such as nutrient status and energy level. Amino acids induce mTORC1 activation on lysosomes via the small Rag GTPases and the Ragulator complex, thereby controlling protein translation and cell growth. Here, we identify the human 11-pass transmembrane protein SLC38A9 as a novel component of the Rag-Ragulator complex. SLC38A9 localizes with Rag-Ragulator complex components on lysosomes and associates with Rag GTPases in an amino acid-sensitive and nucleotide binding state-dependent manner. Depletion of SLC38A9 inhibits mTORC1 activity in the presence of amino acids and in response to amino acid replenishment following starvation. Conversely, SLC38A9 overexpression causes RHEB (Ras homolog enriched in brain) GTPase-dependent hyperactivation of mTORC1 and partly sustains mTORC1 activity upon amino acid deprivation. Intriguingly, during amino acid starvation mTOR is retained at the lysosome upon SLC38A9 depletion but fails to be activated. Together, the findings of our study reveal SLC38A9 as a Rag-Ragulator complex member transducing amino acid availability to mTORC1 activity."
recnMDw0JPsCDOleJ,HOW2017,Metformin Inhibits Hepatic mTORC1 Signaling via Dose-Dependent Mechanisms Involving AMPK and the TSC Complex,Howell JJ; Hellberg K; Turner M; Talbott G; Kolar MJ; Ross DS; Hoxhaj G; Saghatelian A; Shaw RJ; Manning BD,2017,Cell Metabolism,Mechanism,Mouse liver + primary hepatocytes,Metformin; AMPK; mTORC1; TSC1/TSC2,D - Mechanistic/Review,5 - Mechanistic / In Vitro,Yes,10.1016/j.cmet.2016.12.009,28089566,PMC5299044,True,"Metformin is the most widely prescribed drug for the treatment of type 2 diabetes. However, knowledge of the full effects of metformin on biochemical pathways and processes in its primary target tissue, the liver, is limited. One established effect of metformin is to decrease cellular energy levels. The AMP-activated protein kinase (AMPK) and mechanistic target of rapamycin (mTOR) complex 1 (mTORC1) are key regulators of metabolism that are respectively activated and inhibited in acute response to cellular energy depletion. Here we show that metformin robustly inhibits mTORC1 in mouse liver tissue and primary hepatocytes. Using mouse genetics, we find that at the lowest concentrations of metformin that inhibit hepatic mTORC1 signaling, this inhibition is dependent on AMPK and the tuberous sclerosis complex (TSC) protein complex (TSC complex). Finally, we show that metformin profoundly inhibits hepatocyte protein synthesis in a manner that is largely dependent on its ability to suppress mTORC1 signaling.","Pinned down HOW the diabetes drug metformin - a major longevity candidate - actually reaches mTOR. In the liver, metformin lowers cellular energy, and at low doses this shuts down mTORC1 specifically through AMPK and the TSC complex. Direct mechanistic bridge between a widely-used drug, energy sensing, and the mTOR pathway.","Metformin Inhibits Hepatic mTORC1 Signaling via Dose-Dependent Mechanisms Involving AMPK and the TSC Complex
Key finding: Pinned down HOW the diabetes drug metformin - a major longevity candidate - actually reaches mTOR. In the liver, metformin lowers cellular energy, and at low doses this shuts down mTORC1 specifically through AMPK and the TSC complex. Direct mechanistic bridge between a widely-used drug, energy sensing, and the mTOR pathway.
Abstract: Metformin is the most widely prescribed drug for the treatment of type 2 diabetes. However, knowledge of the full effects of metformin on biochemical pathways and processes in its primary target tissue, the liver, is limited. One established effect of metformin is to decrease cellular energy levels. The AMP-activated protein kinase (AMPK) and mechanistic target of rapamycin (mTOR) complex 1 (mTORC1) are key regulators of metabolism that are respectively activated and inhibited in acute response to cellular energy depletion. Here we show that metformin robustly inhibits mTORC1 in mouse liver tissue and primary hepatocytes. Using mouse genetics, we find that at the lowest concentrations of metformin that inhibit hepatic mTORC1 signaling, this inhibition is dependent on AMPK and the tuberous sclerosis complex (TSC) protein complex (TSC complex). Finally, we show that metformin profoundly inhibits hepatocyte protein synthesis in a manner that is largely dependent on its ability to suppress mTORC1 signaling."
recnRLXonyxBelCjv,HAN2025,What is the clinical evidence to support off-label rapamycin therapy in healthy adults?,Hands JM; Lustgarten MS; Frame LA; Rosen B,2025,Aging (Albany NY),Review,Narrative review + PhenoAge modeling of one cohort,Rapamycin; Longevity,D - Mechanistic/Review,Narrative Review,Yes,10.18632/aging.206300,40778880,PMC12422820,True,"Low dose rapamycin therapy has been proposed as a longevity candidate in healthy aging adults. We present a review of the evidence for low dose rapamycin and rapalog therapies in healthy human adults and model the findings of one cohort study using the PhenoAge model. Despite the preclinical evidence supporting the use of sirolimus to enhance mean and maximal lifespan, the data in humans have yet to establish that rapamycin, or its analogues, is a proven seno-therapeutic that can delay aging in healthy older adults. Rapamycin and rapalogs warrant further study with larger cohorts to better establish their contribution to human aging.","A deliberately cautious review of low-dose rapamycin in healthy adults, and re-models one cohort using the PhenoAge biological-aging clock. Verdict: despite strong animal lifespan data, human evidence does NOT yet prove rapamycin delays aging in healthy people. A valuable counterweight to longevity-community hype - it holds the human evidence to a strict standard rather than over-reading promising signals.","What is the clinical evidence to support off-label rapamycin therapy in healthy adults?
Key finding: A deliberately cautious review of low-dose rapamycin in healthy adults, and re-models one cohort using the PhenoAge biological-aging clock. Verdict: despite strong animal lifespan data, human evidence does NOT yet prove rapamycin delays aging in healthy people. A valuable counterweight to longevity-community hype - it holds the human evidence to a strict standard rather than over-reading promising signals.
Abstract: Low dose rapamycin therapy has been proposed as a longevity candidate in healthy aging adults. We present a review of the evidence for low dose rapamycin and rapalog therapies in healthy human adults and model the findings of one cohort study using the PhenoAge model. Despite the preclinical evidence supporting the use of sirolimus to enhance mean and maximal lifespan, the data in humans have yet to establish that rapamycin, or its analogues, is a proven seno-therapeutic that can delay aging in healthy older adults. Rapamycin and rapalogs warrant further study with larger cohorts to better establish their contribution to human aging."
recnyncZT6tMQY65R,BRO1994,A mammalian protein targeted by G1-arresting rapamycin-receptor complex,Brown EJ; Schreiber SL et al.,1994,Nature,Mechanism,Bovine brain; in vitro,"FRAP/mTOR, FKBP12, rapamycin",D - Mechanistic/Review,5 - Mechanistic / In Vitro,Yes,10.1038/369756a0,,,False,"The structurally related natural products rapamycin and FK506 bind to the same intracellular receptor, FKBP12, yet the resulting complexes interfere with distinct signalling pathways. FKBP12-rapamycin inhibits progression through the G1 phase of the cell cycle in osteosarcoma, liver and T cells as well as in yeast, and interferes with mitogenic signalling pathways that are involved in G1 progression, namely with activation of the protein p70S6k (refs 5, 11-13) and cyclin-dependent kinases. Here we isolate a mammalian FKBP-rapamycin-associated protein (FRAP) whose binding to structural variants of rapamycin complexed to FKBP12 correlates with the ability of these ligands to inhibit cell-cycle progression. Peptide sequences from purified bovine FRAP were used to isolate a human cDNA clone that is highly related to the DRR1/TOR1 and DRR2/TOR2 gene products from Saccharomyces cerevisiae. Although it has not been previously demonstrated that either of the DRR/TOR gene products can bind the FKBP-rapamycin complex directly, these yeast genes have been genetically linked to a rapamycin-sensitive pathway and are thought to encode lipid kinases.",Purified FRAP (mTOR) as the mammalian FKBP12-rapamycin target homologous to yeast TOR1/2.,"A mammalian protein targeted by G1-arresting rapamycin-receptor complex
Key finding: Purified FRAP (mTOR) as the mammalian FKBP12-rapamycin target homologous to yeast TOR1/2.
Abstract: The structurally related natural products rapamycin and FK506 bind to the same intracellular receptor, FKBP12, yet the resulting complexes interfere with distinct signalling pathways. FKBP12-rapamycin inhibits progression through the G1 phase of the cell cycle in osteosarcoma, liver and T cells as well as in yeast, and interferes with mitogenic signalling pathways that are involved in G1 progression, namely with activation of the protein p70S6k (refs 5, 11-13) and cyclin-dependent kinases. Here we isolate a mammalian FKBP-rapamycin-associated protein (FRAP) whose binding to structural variants of rapamycin complexed to FKBP12 correlates with the ability of these ligands to inhibit cell-cycle progression. Peptide sequences from purified bovine FRAP were used to isolate a human cDNA clone that is highly related to the DRR1/TOR1 and DRR2/TOR2 gene products from Saccharomyces cerevisiae. Although it has not been previously demonstrated that either of the DRR/TOR gene products can bind the FKBP-rapamycin complex directly, these yeast genes have been genetically linked to a rapamycin-sensitive pathway and are thought to encode lipid kinases."
recoG7hYKn5cLqYrP,SHE2018,Architecture of the human GATOR1 and GATOR1-Rag GTPases complexes,Shen K; Sabatini DM et al.,2018,Nature,Mechanism,Cryo-EM structure,"GATOR1, Rag GTPases",D - Mechanistic/Review,5 - Mechanistic / In Vitro,Yes,10.1038/nature26158,29590090,PMC5975964,True,"Nutrients, such as amino acids and glucose, signal through the Rag GTPases to activate mTORC1. The GATOR1 protein complex-comprising DEPDC5, NPRL2 and NPRL3-regulates the Rag GTPases as a GTPase-activating protein (GAP) for RAGA; loss of GATOR1 desensitizes mTORC1 signalling to nutrient starvation. GATOR1 components have no sequence homology to other proteins, so the function of GATOR1 at the molecular level is currently unknown. Here we used cryo-electron microscopy to solve structures of GATOR1 and GATOR1-Rag GTPases complexes. GATOR1 adopts an extended architecture with a cavity in the middle; NPRL2 links DEPDC5 and NPRL3, and DEPDC5 contacts the Rag GTPase heterodimer. Biochemical analyses reveal that our GATOR1-Rag GTPases structure is inhibitory, and that at least two binding modes must exist between the Rag GTPases and GATOR1. Direct interaction of DEPDC5 with RAGA inhibits GATOR1-mediated stimulation of GTP hydrolysis by RAGA, whereas weaker interactions between the NPRL2-NPRL3 heterodimer and RAGA execute GAP activity. These data reveal the structure of a component of the nutrient-sensing mTORC1 pathway and a non-canonical interaction between a GAP and its substrate GTPase.",Cryo-EM structures of GATOR1 and GATOR1-Rag complexes reveal GAP and inhibitory-clamp mechanisms.,"Architecture of the human GATOR1 and GATOR1-Rag GTPases complexes
Key finding: Cryo-EM structures of GATOR1 and GATOR1-Rag complexes reveal GAP and inhibitory-clamp mechanisms.
Abstract: Nutrients, such as amino acids and glucose, signal through the Rag GTPases to activate mTORC1. The GATOR1 protein complex-comprising DEPDC5, NPRL2 and NPRL3-regulates the Rag GTPases as a GTPase-activating protein (GAP) for RAGA; loss of GATOR1 desensitizes mTORC1 signalling to nutrient starvation. GATOR1 components have no sequence homology to other proteins, so the function of GATOR1 at the molecular level is currently unknown. Here we used cryo-electron microscopy to solve structures of GATOR1 and GATOR1-Rag GTPases complexes. GATOR1 adopts an extended architecture with a cavity in the middle; NPRL2 links DEPDC5 and NPRL3, and DEPDC5 contacts the Rag GTPase heterodimer. Biochemical analyses reveal that our GATOR1-Rag GTPases structure is inhibitory, and that at least two binding modes must exist between the Rag GTPases and GATOR1. Direct interaction of DEPDC5 with RAGA inhibits GATOR1-mediated stimulation of GTP hydrolysis by RAGA, whereas weaker interactions between the NPRL2-NPRL3 heterodimer and RAGA execute GAP activity. These data reveal the structure of a component of the nutrient-sensing mTORC1 pathway and a non-canonical interaction between a GAP and its substrate GTPase."
recofyhNy3Liz1ptw,FIN2002,Mammalian cell size is controlled by mTOR and its downstream targets S6K1 and 4EBP1/eIF4E,Fingar DC; Blenis J et al.,2002,Genes & development,Mechanism,Mammalian cells,"mTOR, S6K1, 4E-BP1, eIF4E",D - Mechanistic/Review,5 - Mechanistic / In Vitro,Yes,10.1101/gad.995802,12080086,PMC186342,True,"The coordinated action of cell cycle progression and cell growth (an increase in cell size and cell mass) is critical for sustained cellular proliferation, yet the biochemical signals that control cell growth are poorly defined, particularly in mammalian systems. We find that cell growth and cell cycle progression are separable processes in mammalian cells and that growth to appropriate cell size requires mTOR- and PI3K-dependent signals. Expression of a rapamycin-resistant mutant of mTOR rescues the reduced cell size phenotype induced by rapamycin in a kinase-dependent manner, showing the evolutionarily conserved role of mTOR in control of cell growth. Expression of S6K1 mutants that possess partial rapamycin-resistant activity or overexpression of eIF4E individually and additively partially rescues the rapamycin-induced decrease in cell size. In the absence of rapamycin, overexpression of S6K1 or eIF4E increases cell size, and, when coexpressed, they cooperate to increase cell size further. Expression of a phosphorylation site-defective mutant of 4EBP1 that constitutively binds the eIF4E-Cap complex to inhibit translation initiation reduces cell size and blocks eIF4E effects on cell size. These data show that mTOR signals downstream to at least two independent targets, S6K1 and 4EBP1/eIF4E, that function in translational control to regulate mammalian cell size.",mTOR controls mammalian cell size through its downstream translational targets S6K1 and 4E-BP1/eIF4E.,"Mammalian cell size is controlled by mTOR and its downstream targets S6K1 and 4EBP1/eIF4E
Key finding: mTOR controls mammalian cell size through its downstream translational targets S6K1 and 4E-BP1/eIF4E.
Abstract: The coordinated action of cell cycle progression and cell growth (an increase in cell size and cell mass) is critical for sustained cellular proliferation, yet the biochemical signals that control cell growth are poorly defined, particularly in mammalian systems. We find that cell growth and cell cycle progression are separable processes in mammalian cells and that growth to appropriate cell size requires mTOR- and PI3K-dependent signals. Expression of a rapamycin-resistant mutant of mTOR rescues the reduced cell size phenotype induced by rapamycin in a kinase-dependent manner, showing the evolutionarily conserved role of mTOR in control of cell growth. Expression of S6K1 mutants that possess partial rapamycin-resistant activity or overexpression of eIF4E individually and additively partially rescues the rapamycin-induced decrease in cell size. In the absence of rapamycin, overexpression of S6K1 or eIF4E increases cell size, and, when coexpressed, they cooperate to increase cell size further. Expression of a phosphorylation site-defective mutant of 4EBP1 that constitutively binds the eIF4E-Cap complex to inhibit translation initiation reduces cell size and blocks eIF4E effects on cell size. These data show that mTOR signals downstream to at least two independent targets, S6K1 and 4EBP1/eIF4E, that function in translational control to regulate mammalian cell size."
recpIP5eBm2ru4CGC,KIM2002,mTOR interacts with raptor to form a nutrient-sensitive complex that signals to the cell growth machinery,Kim DH; Sarbassov DD; Ali SM; King JE; Latek RR; Erdjument-Bromage H; Tempst P; Sabatini DM,2002,Cell,Mechanism,Human/rodent cell lines (biochemistry),mTORC1; Raptor; mTOR; S6K1,D - Mechanistic/Review,5 - Mechanistic / In Vitro,Yes,10.1016/s0092-8674(02)00808-5,,,False,"mTOR/RAFT1/FRAP is the target of the immunosuppressive drug rapamycin and the central component of a nutrient- and hormone-sensitive signaling pathway that regulates cell growth. We report that mTOR forms a stoichiometric complex with raptor, an evolutionarily conserved protein with at least two roles in the mTOR pathway. Raptor has a positive role in nutrient-stimulated signaling to the downstream effector S6K1, maintenance of cell size, and mTOR protein expression. The association of raptor with mTOR also negatively regulates the mTOR kinase activity. Conditions that repress the pathway, such as nutrient deprivation and mitochondrial uncoupling, stabilize the mTOR-raptor association and inhibit mTOR kinase activity. We propose that raptor is a missing component of the mTOR pathway that through its association with mTOR regulates cell size in response to nutrient levels.","Discovery of Raptor as the defining partner of mTOR in mTORC1. This is the paper that gives mTORC1 its identity: Raptor is the scaffold that lets mTOR find and phosphorylate its targets (S6K1), and the complex is stabilized under starvation. Companion paper to Hara 2002.","mTOR interacts with raptor to form a nutrient-sensitive complex that signals to the cell growth machinery
Key finding: Discovery of Raptor as the defining partner of mTOR in mTORC1. This is the paper that gives mTORC1 its identity: Raptor is the scaffold that lets mTOR find and phosphorylate its targets (S6K1), and the complex is stabilized under starvation. Companion paper to Hara 2002.
Abstract: mTOR/RAFT1/FRAP is the target of the immunosuppressive drug rapamycin and the central component of a nutrient- and hormone-sensitive signaling pathway that regulates cell growth. We report that mTOR forms a stoichiometric complex with raptor, an evolutionarily conserved protein with at least two roles in the mTOR pathway. Raptor has a positive role in nutrient-stimulated signaling to the downstream effector S6K1, maintenance of cell size, and mTOR protein expression. The association of raptor with mTOR also negatively regulates the mTOR kinase activity. Conditions that repress the pathway, such as nutrient deprivation and mitochondrial uncoupling, stabilize the mTOR-raptor association and inhibit mTOR kinase activity. We propose that raptor is a missing component of the mTOR pathway that through its association with mTOR regulates cell size in response to nutrient levels."
recpOJ1kPnEdFiBPG,CHO1996,Structure of the FKBP12-rapamycin complex interacting with the binding domain of human FRAP,Choi J; Chen J; Schreiber SL; Clardy J,1996,Science,Mechanism,X-ray crystallography (structural biology),FKBP12; Rapamycin; mTOR,D - Mechanistic/Review,5 - Mechanistic / In Vitro,Yes,10.1126/science.273.5272.239,,,False,"Rapamycin, a potent immunosuppressive agent, binds two proteins: the FK506-binding protein (FKBP12) and the FKBP-rapamycin-associated protein (FRAP). A crystal structure of the ternary complex of human FKBP12, rapamycin, and the FKBP12-rapamycin-binding (FRB) domain of human FRAP at a resolution of 2.7 angstroms revealed the two proteins bound together as a result of the ability of rapamycin to occupy two different hydrophobic binding pockets simultaneously. The structure shows extensive interactions between rapamycin and both proteins, but fewer interactions between the proteins. The structure of the FRB domain of FRAP clarifies both rapamycin-independent and -dependent effects observed for mutants of FRAP and its homologs in the family of proteins related to the ataxia-telangiectasia mutant gene product, and it illustrates how a small cell-permeable molecule can mediate protein dimerization.",The crystal structure that showed HOW rapamycin works at the atomic level: one rapamycin molecule glues two proteins together - FKBP12 and mTOR's FRB domain - by plugging into two hydrophobic pockets at once. A textbook example of a small molecule acting as 'molecular glue' to force protein dimerization.,"Structure of the FKBP12-rapamycin complex interacting with the binding domain of human FRAP
Key finding: The crystal structure that showed HOW rapamycin works at the atomic level: one rapamycin molecule glues two proteins together - FKBP12 and mTOR's FRB domain - by plugging into two hydrophobic pockets at once. A textbook example of a small molecule acting as 'molecular glue' to force protein dimerization.
Abstract: Rapamycin, a potent immunosuppressive agent, binds two proteins: the FK506-binding protein (FKBP12) and the FKBP-rapamycin-associated protein (FRAP). A crystal structure of the ternary complex of human FKBP12, rapamycin, and the FKBP12-rapamycin-binding (FRB) domain of human FRAP at a resolution of 2.7 angstroms revealed the two proteins bound together as a result of the ability of rapamycin to occupy two different hydrophobic binding pockets simultaneously. The structure shows extensive interactions between rapamycin and both proteins, but fewer interactions between the proteins. The structure of the FRB domain of FRAP clarifies both rapamycin-independent and -dependent effects observed for mutants of FRAP and its homologs in the family of proteins related to the ataxia-telangiectasia mutant gene product, and it illustrates how a small cell-permeable molecule can mediate protein dimerization."
recpRPfIFKm5foVaX,ZON2010,"mTOR: from growth signal integration to cancer, diabetes and ageing",Zoncu R; Sabatini DM et al.,2010,Nature reviews. Molecular cell biology,Review,Review,"mTOR, cancer, diabetes, ageing",D - Mechanistic/Review,Narrative Review,Yes,10.1038/nrm3025,21157483,PMC3390257,True,"In all eukaryotes, the target of rapamycin (TOR) signalling pathway couples energy and nutrient abundance to the execution of cell growth and division, owing to the ability of TOR protein kinase to simultaneously sense energy, nutrients and stress and, in metazoans, growth factors. Mammalian TOR complex 1 (mTORC1) and mTORC2 exert their actions by regulating other important kinases, such as S6 kinase (S6K) and Akt. In the past few years, a significant advance in our understanding of the regulation and functions of mTOR has revealed the crucial involvement of this signalling pathway in the onset and progression of diabetes, cancer and ageing.",Authoritative review of mTOR from growth-signal integration to disease.,"mTOR: from growth signal integration to cancer, diabetes and ageing
Key finding: Authoritative review of mTOR from growth-signal integration to disease.
Abstract: In all eukaryotes, the target of rapamycin (TOR) signalling pathway couples energy and nutrient abundance to the execution of cell growth and division, owing to the ability of TOR protein kinase to simultaneously sense energy, nutrients and stress and, in metazoans, growth factors. Mammalian TOR complex 1 (mTORC1) and mTORC2 exert their actions by regulating other important kinases, such as S6 kinase (S6K) and Akt. In the past few years, a significant advance in our understanding of the regulation and functions of mTOR has revealed the crucial involvement of this signalling pathway in the onset and progression of diabetes, cancer and ageing."
recpX2lm71qwtdwlj,PET2011,mTOR complex 1 regulates lipin 1 localization to control the SREBP pathway,Peterson TR; Sabatini DM et al.,2011,Cell,Mechanism,Mammalian cells,"mTORC1, lipin1, SREBP",D - Mechanistic/Review,5 - Mechanistic / In Vitro,Yes,10.1016/j.cell.2011.06.034,21816276,PMC3336367,True,"The nutrient- and growth factor-responsive kinase mTOR complex 1 (mTORC1) regulates many processes that control growth, including protein synthesis, autophagy, and lipogenesis. Through unknown mechanisms, mTORC1 promotes the function of SREBP, a master regulator of lipo- and sterolgenic gene transcription. Here, we demonstrate that mTORC1 regulates SREBP by controlling the nuclear entry of lipin 1, a phosphatidic acid phosphatase. Dephosphorylated, nuclear, catalytically active lipin 1 promotes nuclear remodeling and mediates the effects of mTORC1 on SREBP target gene, SREBP promoter activity, and nuclear SREBP protein abundance. Inhibition of mTORC1 in the liver significantly impairs SREBP function and makes mice resistant, in a lipin 1-dependent fashion, to the hepatic steatosis and hypercholesterolemia induced by a high-fat and -cholesterol diet. These findings establish lipin 1 as a key component of the mTORC1-SREBP pathway.",mTORC1 controls lipin-1 nuclear localization to regulate SREBP and lipid synthesis.,"mTOR complex 1 regulates lipin 1 localization to control the SREBP pathway
Key finding: mTORC1 controls lipin-1 nuclear localization to regulate SREBP and lipid synthesis.
Abstract: The nutrient- and growth factor-responsive kinase mTOR complex 1 (mTORC1) regulates many processes that control growth, including protein synthesis, autophagy, and lipogenesis. Through unknown mechanisms, mTORC1 promotes the function of SREBP, a master regulator of lipo- and sterolgenic gene transcription. Here, we demonstrate that mTORC1 regulates SREBP by controlling the nuclear entry of lipin 1, a phosphatidic acid phosphatase. Dephosphorylated, nuclear, catalytically active lipin 1 promotes nuclear remodeling and mediates the effects of mTORC1 on SREBP target gene, SREBP promoter activity, and nuclear SREBP protein abundance. Inhibition of mTORC1 in the liver significantly impairs SREBP function and makes mice resistant, in a lipin 1-dependent fashion, to the hepatic steatosis and hypercholesterolemia induced by a high-fat and -cholesterol diet. These findings establish lipin 1 as a key component of the mTORC1-SREBP pathway."
recpa9njN4sKP4XD7,DEL2009,The mTOR kinase differentially regulates effector and regulatory T cell lineage commitment,Delgoffe GM; Powell JD et al.,2009,Immunity,Mechanism,Mouse (T cells),mTORC1; mTORC2; T cell differentiation,D - Mechanistic/Review,5 - Mechanistic / In Vitro,Yes,10.1016/j.immuni.2009.04.014,19538929,PMC2768135,True,"Effector T cell differentiation requires the simultaneous integration of multiple, and sometimes opposing, cytokine signals. We demonstrated mTOR's role in dictating the outcome of T cell fate. mTOR-deficient T cells displayed normal activation and IL-2 production upon initial stimulation. However, such cells failed to differentiate into T helper 1 (Th1), Th2, or Th17 effector cells. The inability to differentiate was associated with decreased STAT transcription factor activation and failure to upregulate lineage-specific transcription factors. Under normally activating conditions, T cells lacking mTOR differentiated into Foxp3(+) regulatory T cells. This was associated with hyperactive Smad3 activation in the absence of exogenous TGF-beta. Surprisingly, T cells selectively deficient in TORC1 do not divert to a regulatory T cell pathway, implicating both TORC1 and TORC2 in preventing the generation of regulatory T cells. Overall, our studies suggest that mTOR kinase signaling regulates decisions between effector and regulatory T cell lineage commitment.","T cells lacking mTOR fail to become normal effector cells and default toward regulatory T cells, showing mTOR is a master switch for immune cell fate.","The mTOR kinase differentially regulates effector and regulatory T cell lineage commitment
Key finding: T cells lacking mTOR fail to become normal effector cells and default toward regulatory T cells, showing mTOR is a master switch for immune cell fate.
Abstract: Effector T cell differentiation requires the simultaneous integration of multiple, and sometimes opposing, cytokine signals. We demonstrated mTOR's role in dictating the outcome of T cell fate. mTOR-deficient T cells displayed normal activation and IL-2 production upon initial stimulation. However, such cells failed to differentiate into T helper 1 (Th1), Th2, or Th17 effector cells. The inability to differentiate was associated with decreased STAT transcription factor activation and failure to upregulate lineage-specific transcription factors. Under normally activating conditions, T cells lacking mTOR differentiated into Foxp3(+) regulatory T cells. This was associated with hyperactive Smad3 activation in the absence of exogenous TGF-beta. Surprisingly, T cells selectively deficient in TORC1 do not divert to a regulatory T cell pathway, implicating both TORC1 and TORC2 in preventing the generation of regulatory T cells. Overall, our studies suggest that mTOR kinase signaling regulates decisions between effector and regulatory T cell lineage commitment."
recpcRNZORK5D9hYy,CHR2009,"AZD8055 is a potent, selective, and orally bioavailable ATP-competitive mammalian target of rapamycin kinase inhibitor with in vitro and in vivo antitumor activity",Chresta CM; Pass M et al.,2009,Cancer research,Mechanism,Cancer cells; xenograft,"AZD8055, mTOR kinase inhibitor",D - Mechanistic/Review,5 - Mechanistic / In Vitro,Yes,10.1158/0008-5472.CAN-09-1751,,,False,"The mammalian target of rapamycin (mTOR) kinase forms two multiprotein complexes, mTORC1 and mTORC2, which regulate cell growth, cell survival, and autophagy. Allosteric inhibitors of mTORC1, such as rapamycin, have been extensively used to study tumor cell growth, proliferation, and autophagy but have shown only limited clinical utility. Here, we describe AZD8055, a novel ATP-competitive inhibitor of mTOR kinase activity, with an IC50 of 0.8 nmol/L. AZD8055 showed excellent selectivity (approximately 1,000-fold) against all class I phosphatidylinositol 3-kinase (PI3K) isoforms and other members of the PI3K-like kinase family. Furthermore, there was no significant activity against a panel of 260 kinases at concentrations up to 10 micromol/L. AZD8055 inhibits the phosphorylation of mTORC1 substrates p70S6K and 4E-BP1 as well as phosphorylation of the mTORC2 substrate AKT and downstream proteins. The rapamycin-resistant T37/46 phosphorylation sites on 4E-BP1 were fully inhibited by AZD8055, resulting in significant inhibition of cap-dependent translation. In vitro, AZD8055 potently inhibits proliferation and induces autophagy in H838 and A549 cells. In vivo, AZD8055 induces a dose-dependent pharmacodynamic effect on phosphorylated S6 and phosphorylated AKT at plasma concentrations leading to tumor growth inhibition. Notably, AZD8055 results in significant growth inhibition and/or regression in xenografts, representing a broad range of human tumor types. AZD8055 is currently in phase I clinical trials.","AZD8055, an ATP-competitive mTOR kinase inhibitor, blocks both mTORC1 and mTORC2 (rapamycin-resistant outputs).","AZD8055 is a potent, selective, and orally bioavailable ATP-competitive mammalian target of rapamycin kinase inhibitor with in vitro and in vivo antitumor activity
Key finding: AZD8055, an ATP-competitive mTOR kinase inhibitor, blocks both mTORC1 and mTORC2 (rapamycin-resistant outputs).
Abstract: The mammalian target of rapamycin (mTOR) kinase forms two multiprotein complexes, mTORC1 and mTORC2, which regulate cell growth, cell survival, and autophagy. Allosteric inhibitors of mTORC1, such as rapamycin, have been extensively used to study tumor cell growth, proliferation, and autophagy but have shown only limited clinical utility. Here, we describe AZD8055, a novel ATP-competitive inhibitor of mTOR kinase activity, with an IC50 of 0.8 nmol/L. AZD8055 showed excellent selectivity (approximately 1,000-fold) against all class I phosphatidylinositol 3-kinase (PI3K) isoforms and other members of the PI3K-like kinase family. Furthermore, there was no significant activity against a panel of 260 kinases at concentrations up to 10 micromol/L. AZD8055 inhibits the phosphorylation of mTORC1 substrates p70S6K and 4E-BP1 as well as phosphorylation of the mTORC2 substrate AKT and downstream proteins. The rapamycin-resistant T37/46 phosphorylation sites on 4E-BP1 were fully inhibited by AZD8055, resulting in significant inhibition of cap-dependent translation. In vitro, AZD8055 potently inhibits proliferation and induces autophagy in H838 and A549 cells. In vivo, AZD8055 induces a dose-dependent pharmacodynamic effect on phosphorylated S6 and phosphorylated AKT at plasma concentrations leading to tumor growth inhibition. Notably, AZD8055 results in significant growth inhibition and/or regression in xenografts, representing a broad range of human tumor types. AZD8055 is currently in phase I clinical trials."
recpxCmKtLqWpuh76,GAR2008,mTOR complex 2 (mTORC2) controls hydrophobic motif phosphorylation and activation of serum- and glucocorticoid-induced protein kinase 1 (SGK1),Garcia-Martinez JM; Alessi DR et al.,2008,The Biochemical journal,Mechanism,Mammalian cells,"mTORC2, SGK1, hydrophobic motif",D - Mechanistic/Review,5 - Mechanistic / In Vitro,Yes,10.1042/BJ20081668,,,False,"SGK1 (serum- and glucocorticoid-induced protein kinase 1) is a member of the AGC (protein kinase A/protein kinase G/protein kinase C) family of protein kinases and is activated by agonists including growth factors. SGK1 regulates diverse effects of extracellular agonists by phosphorylating regulatory proteins that control cellular processes such as ion transport and growth. Like other AGC family kinases, activation of SGK1 is triggered by phosphorylation of a threonine residue within the T-loop of the kinase domain and a serine residue lying within the C-terminal hydrophobic motif (Ser(422) in SGK1). PDK1 phosphorylates the T-loop of SGK1. The identity of the hydrophobic motif kinase is unclear. Recent work has established that mTORC1 phosphorylates the hydrophobic motif of S6K, whereas mTORC2 phosphorylates the hydrophobic motif of Akt. In the present study we demonstrate that SGK1 hydrophobic motif phosphorylation and activity is ablated in knockout fibroblasts possessing mTORC1 activity, but lacking the mTORC2 subunits rictor, Sin1 or mLST8. Furthermore, phosphorylation of NDRG1, a physiological substrate of SGK1, was also abolished in rictor-, Sin1- or mLST8-deficient fibroblasts. mTORC2 immunoprecipitated from wild-type, but not from mLST8- or rictor-knockout cells, phosphorylated SGK1 at Ser(422). Consistent with mTORC1 not regulating SGK1, immunoprecipitated mTORC1 failed to phosphorylate SGK1 at Ser(422). Moreover, rapamycin treatment of HEK-293, MCF-7 or HeLa cells suppressed phosphorylation of S6K, without affecting SGK1 phosphorylation or activation. The findings indicate that mTORC2, but not mTORC1, plays a vital role in controlling the hydrophobic motif phosphorylation and activity of SGK1, and that NDRG1 phosphorylation represents an excellent biomarker for mTORC2 activity.",mTORC2 controls hydrophobic-motif phosphorylation and activity of SGK1 in addition to Akt.,"mTOR complex 2 (mTORC2) controls hydrophobic motif phosphorylation and activation of serum- and glucocorticoid-induced protein kinase 1 (SGK1)
Key finding: mTORC2 controls hydrophobic-motif phosphorylation and activity of SGK1 in addition to Akt.
Abstract: SGK1 (serum- and glucocorticoid-induced protein kinase 1) is a member of the AGC (protein kinase A/protein kinase G/protein kinase C) family of protein kinases and is activated by agonists including growth factors. SGK1 regulates diverse effects of extracellular agonists by phosphorylating regulatory proteins that control cellular processes such as ion transport and growth. Like other AGC family kinases, activation of SGK1 is triggered by phosphorylation of a threonine residue within the T-loop of the kinase domain and a serine residue lying within the C-terminal hydrophobic motif (Ser(422) in SGK1). PDK1 phosphorylates the T-loop of SGK1. The identity of the hydrophobic motif kinase is unclear. Recent work has established that mTORC1 phosphorylates the hydrophobic motif of S6K, whereas mTORC2 phosphorylates the hydrophobic motif of Akt. In the present study we demonstrate that SGK1 hydrophobic motif phosphorylation and activity is ablated in knockout fibroblasts possessing mTORC1 activity, but lacking the mTORC2 subunits rictor, Sin1 or mLST8. Furthermore, phosphorylation of NDRG1, a physiological substrate of SGK1, was also abolished in rictor-, Sin1- or mLST8-deficient fibroblasts. mTORC2 immunoprecipitated from wild-type, but not from mLST8- or rictor-knockout cells, phosphorylated SGK1 at Ser(422). Consistent with mTORC1 not regulating SGK1, immunoprecipitated mTORC1 failed to phosphorylate SGK1 at Ser(422). Moreover, rapamycin treatment of HEK-293, MCF-7 or HeLa cells suppressed phosphorylation of S6K, without affecting SGK1 phosphorylation or activation. The findings indicate that mTORC2, but not mTORC1, plays a vital role in controlling the hydrophobic motif phosphorylation and activity of SGK1, and that NDRG1 phosphorylation represents an excellent biomarker for mTORC2 activity."
recq5cLHKnQrTN9z9,PYO2013,Overexpression of Atg5 in mice activates autophagy and extends lifespan,Pyo JO; Jung YK et al.,2013,Nature Communications,Animal,Mouse (Atg5-overexpressing transgenic),Atg5; Autophagy; Longevity,C - Animal,4 - Animal Study,Yes,10.1038/ncomms3300,23939249,PMC3753544,True,"Autophagy has been implicated in the ageing process, but whether autophagy activation extends lifespan in mammals is unknown. Here we show that ubiquitous overexpression of Atg5, a protein essential for autophagosome formation, extends median lifespan of mice by 17.2%. We demonstrate that moderate overexpression of Atg5 in mice enhances autophagy, and that Atg5 transgenic mice showed anti-ageing phenotypes, including leanness, increased insulin sensitivity and improved motor function. Furthermore, mouse embryonic fibroblasts cultured from Atg5 transgenic mice are more tolerant to oxidative damage and cell death induced by oxidative stress, and this tolerance was reversible by treatment with an autophagy inhibitor. Our observations suggest that the leanness and lifespan extension in Atg5 transgenic mice may be the result of increased autophagic activity.",Mice engineered with extra copies of the autophagy gene Atg5 lived 17% longer and were leaner and more insulin-sensitive.,"Overexpression of Atg5 in mice activates autophagy and extends lifespan
Key finding: Mice engineered with extra copies of the autophagy gene Atg5 lived 17% longer and were leaner and more insulin-sensitive.
Abstract: Autophagy has been implicated in the ageing process, but whether autophagy activation extends lifespan in mammals is unknown. Here we show that ubiquitous overexpression of Atg5, a protein essential for autophagosome formation, extends median lifespan of mice by 17.2%. We demonstrate that moderate overexpression of Atg5 in mice enhances autophagy, and that Atg5 transgenic mice showed anti-ageing phenotypes, including leanness, increased insulin sensitivity and improved motor function. Furthermore, mouse embryonic fibroblasts cultured from Atg5 transgenic mice are more tolerant to oxidative damage and cell death induced by oxidative stress, and this tolerance was reversible by treatment with an autophagy inhibitor. Our observations suggest that the leanness and lifespan extension in Atg5 transgenic mice may be the result of increased autophagic activity."
recqWtQUvS1e3Wsdk,MEL2003,Autophagy genes are essential for dauer development and life-span extension in C. elegans,Melendez A; Levine B et al.,2003,Science,Animal,Caenorhabditis elegans,Autophagy; Longevity,C - Animal,4 - Animal Study,Yes,10.1126/science.1087782,,,False,"Both dauer formation (a stage of developmental arrest) and adult life-span in Caenorhabditis elegans are negatively regulated by insulin-like signaling, but little is known about cellular pathways that mediate these processes. Autophagy, through the sequestration and delivery of cargo to the lysosomes, is the major route for degrading long-lived proteins and cytoplasmic organelles in eukaryotic cells. Using nematodes with a loss-of-function mutation in the insulin-like signaling pathway, we show that bec-1, the C. elegans ortholog of the yeast and mammalian autophagy gene APG6/VPS30/beclin1, is essential for normal dauer morphogenesis and life-span extension. Dauer formation is associated with increased autophagy and also requires C. elegans orthologs of the yeast autophagy genes APG1, APG7, APG8, and AUT10. Thus, autophagy is a cellular pathway essential for dauer development and life-span extension in C. elegans.","Worms lacking the autophagy gene bec-1 lost the lifespan-extending benefit of reduced insulin-like signaling - autophagy is mechanistically required for longevity, not just correlated.","Autophagy genes are essential for dauer development and life-span extension in C. elegans
Key finding: Worms lacking the autophagy gene bec-1 lost the lifespan-extending benefit of reduced insulin-like signaling - autophagy is mechanistically required for longevity, not just correlated.
Abstract: Both dauer formation (a stage of developmental arrest) and adult life-span in Caenorhabditis elegans are negatively regulated by insulin-like signaling, but little is known about cellular pathways that mediate these processes. Autophagy, through the sequestration and delivery of cargo to the lysosomes, is the major route for degrading long-lived proteins and cytoplasmic organelles in eukaryotic cells. Using nematodes with a loss-of-function mutation in the insulin-like signaling pathway, we show that bec-1, the C. elegans ortholog of the yeast and mammalian autophagy gene APG6/VPS30/beclin1, is essential for normal dauer morphogenesis and life-span extension. Dauer formation is associated with increased autophagy and also requires C. elegans orthologs of the yeast autophagy genes APG1, APG7, APG8, and AUT10. Thus, autophagy is a cellular pathway essential for dauer development and life-span extension in C. elegans."
recqpJAnMEvzpBleO,PRI1992,Rapamycin-induced inhibition of the 70-kilodalton S6 protein kinase,Price DJ; Bierer BE et al.,1992,Science,Mechanism,Mammalian cells; in vitro,"Rapamycin, p70 S6K",D - Mechanistic/Review,5 - Mechanistic / In Vitro,Yes,10.1126/science.1380182,,,False,"The immunosuppressant rapamycin inhibited proliferation of the H4IIEC hepatoma cell line. Rapamycin, but not its structural analog FK506, also inhibited the basal and insulin-stimulated activity of the p70 ribosomal protein S6 kinase. By contrast, insulin stimulation of the p85 Rsk S6 kinase and mitogen-activated protein (MAP) kinase activity were unaffected by drug. Rapamycin treatment of COS cells transfected with recombinant p70 S6 kinase completely inhibited the appearance of the hyperphosphorylated form of p70 S6 kinase concomitant with the inhibition of enzyme activity toward 40S subunits. Thus, rapamycin inhibits a signal transduction element that is necessary for the activation of p70 S6 kinase and mitogenesis but unnecessary for activation of p85 Rsk S6 kinase or MAP kinase.","Rapamycin induces dephosphorylation/inactivation of the 70 kDa S6 kinase, defining an early readout of TOR signalling.","Rapamycin-induced inhibition of the 70-kilodalton S6 protein kinase
Key finding: Rapamycin induces dephosphorylation/inactivation of the 70 kDa S6 kinase, defining an early readout of TOR signalling.
Abstract: The immunosuppressant rapamycin inhibited proliferation of the H4IIEC hepatoma cell line. Rapamycin, but not its structural analog FK506, also inhibited the basal and insulin-stimulated activity of the p70 ribosomal protein S6 kinase. By contrast, insulin stimulation of the p85 Rsk S6 kinase and mitogen-activated protein (MAP) kinase activity were unaffected by drug. Rapamycin treatment of COS cells transfected with recombinant p70 S6 kinase completely inhibited the appearance of the hyperphosphorylated form of p70 S6 kinase concomitant with the inhibition of enzyme activity toward 40S subunits. Thus, rapamycin inhibits a signal transduction element that is necessary for the activation of p70 S6 kinase and mitogenesis but unnecessary for activation of p85 Rsk S6 kinase or MAP kinase."
recqujqUW0cltHFnN,MEN2014,Spatial control of the TSC complex integrates insulin and nutrient regulation of mTORC1 at the lysosome,Menon S; Manning BD et al.,2014,Cell,Mechanism,Mammalian cells,"TSC complex, Rheb, lysosome",D - Mechanistic/Review,5 - Mechanistic / In Vitro,Yes,10.1016/j.cell.2013.11.049,24529379,PMC4030681,True,"mTORC1 promotes cell growth in response to nutrients and growth factors. Insulin activates mTORC1 through the PI3K-Akt pathway, which inhibits the TSC1-TSC2-TBC1D7 complex (the TSC complex) to turn on Rheb, an essential activator of mTORC1. However, the mechanistic basis of how this pathway integrates with nutrient-sensing pathways is unknown. We demonstrate that insulin stimulates acute dissociation of the TSC complex from the lysosomal surface, where subpopulations of Rheb and mTORC1 reside. The TSC complex associates with the lysosome in a Rheb-dependent manner, and its dissociation in response to insulin requires Akt-mediated TSC2 phosphorylation. Loss of the PTEN tumor suppressor results in constitutive activation of mTORC1 through the Akt-dependent dissociation of the TSC complex from the lysosome. These findings provide a unifying mechanism by which independent pathways affecting the spatial recruitment of mTORC1 and the TSC complex to Rheb at the lysosomal surface serve to integrate diverse growth signals.",Spatial control of the TSC complex integrates insulin and nutrient inputs at the lysosome.,"Spatial control of the TSC complex integrates insulin and nutrient regulation of mTORC1 at the lysosome
Key finding: Spatial control of the TSC complex integrates insulin and nutrient inputs at the lysosome.
Abstract: mTORC1 promotes cell growth in response to nutrients and growth factors. Insulin activates mTORC1 through the PI3K-Akt pathway, which inhibits the TSC1-TSC2-TBC1D7 complex (the TSC complex) to turn on Rheb, an essential activator of mTORC1. However, the mechanistic basis of how this pathway integrates with nutrient-sensing pathways is unknown. We demonstrate that insulin stimulates acute dissociation of the TSC complex from the lysosomal surface, where subpopulations of Rheb and mTORC1 reside. The TSC complex associates with the lysosome in a Rheb-dependent manner, and its dissociation in response to insulin requires Akt-mediated TSC2 phosphorylation. Loss of the PTEN tumor suppressor results in constitutive activation of mTORC1 through the Akt-dependent dissociation of the TSC complex from the lysosome. These findings provide a unifying mechanism by which independent pathways affecting the spatial recruitment of mTORC1 and the TSC complex to Rheb at the lysosomal surface serve to integrate diverse growth signals."
recr2i8MriMWwF3lZ,SEN2010,mTORC1 controls fasting-induced ketogenesis and its modulation by ageing,Sengupta S; Sabatini DM et al.,2010,Nature,Mechanism,Mouse/cells,"mTORC1, ketogenesis, PPARalpha",D - Mechanistic/Review,5 - Mechanistic / In Vitro,Yes,10.1038/nature09584,,,False,"The multi-component mechanistic target of rapamycin complex 1 (mTORC1) kinase is the central node of a mammalian pathway that coordinates cell growth with the availability of nutrients, energy and growth factors. Progress has been made in the identification of mTORC1 pathway components and in understanding their functions in cells, but there is relatively little known about the role of the pathway in vivo. Specifically, we have little knowledge regarding the role mTORC1 has in liver physiology. In fasted animals, the liver performs numerous functions that maintain whole-body homeostasis, including the production of ketone bodies for peripheral tissues to use as energy sources. Here we show that mTORC1 controls ketogenesis in mice in response to fasting. We find that liver-specific loss of TSC1, an mTORC1 inhibitor, leads to a fasting-resistant increase in liver size, and to a pronounced defect in ketone body production and ketogenic gene expression on fasting. The loss of raptor, an essential mTORC1 component, has the opposite effects. In addition, we find that the inhibition of mTORC1 is required for the fasting-induced activation of PPARalpha, the master transcriptional activator of ketogenic genes, and that suppression of NCoR1, a co-repressor of PPARalpha, reactivates ketogenesis in cells and livers with hyperactive mTORC1 signalling. Like livers with activated mTORC1, livers from aged mice have a defect in ketogenesis, which correlates with an increase in mTORC1 signalling. Moreover, we show that the suppressive effects of mTORC1 activation and ageing on PPARalpha activity and ketone production are not additive, and that mTORC1 inhibition is sufficient to prevent the ageing-induced defect in ketogenesis. Thus, our findings reveal that mTORC1 is a key regulator of PPARalpha function and hepatic ketogenesis and suggest a role for mTORC1 activity in promoting the ageing of the liver.","mTORC1 controls fasting-induced hepatic ketogenesis via PPARalpha, and this is blunted with age.","mTORC1 controls fasting-induced ketogenesis and its modulation by ageing
Key finding: mTORC1 controls fasting-induced hepatic ketogenesis via PPARalpha, and this is blunted with age.
Abstract: The multi-component mechanistic target of rapamycin complex 1 (mTORC1) kinase is the central node of a mammalian pathway that coordinates cell growth with the availability of nutrients, energy and growth factors. Progress has been made in the identification of mTORC1 pathway components and in understanding their functions in cells, but there is relatively little known about the role of the pathway in vivo. Specifically, we have little knowledge regarding the role mTORC1 has in liver physiology. In fasted animals, the liver performs numerous functions that maintain whole-body homeostasis, including the production of ketone bodies for peripheral tissues to use as energy sources. Here we show that mTORC1 controls ketogenesis in mice in response to fasting. We find that liver-specific loss of TSC1, an mTORC1 inhibitor, leads to a fasting-resistant increase in liver size, and to a pronounced defect in ketone body production and ketogenic gene expression on fasting. The loss of raptor, an essential mTORC1 component, has the opposite effects. In addition, we find that the inhibition of mTORC1 is required for the fasting-induced activation of PPARalpha, the master transcriptional activator of ketogenic genes, and that suppression of NCoR1, a co-repressor of PPARalpha, reactivates ketogenesis in cells and livers with hyperactive mTORC1 signalling. Like livers with activated mTORC1, livers from aged mice have a defect in ketogenesis, which correlates with an increase in mTORC1 signalling. Moreover, we show that the suppressive effects of mTORC1 activation and ageing on PPARalpha activity and ketone production are not additive, and that mTORC1 inhibition is sufficient to prevent the ageing-induced defect in ketogenesis. Thus, our findings reveal that mTORC1 is a key regulator of PPARalpha function and hepatic ketogenesis and suggest a role for mTORC1 activity in promoting the ageing of the liver."
recr3sUcP75tegGwc,VAN2007,Insulin signalling to mTOR mediated by the Akt/PKB substrate PRAS40,Vander Haar E; Kim DH et al.,2007,Nature cell biology,Mechanism,Mammalian cells,"PRAS40, Akt, mTORC1",D - Mechanistic/Review,5 - Mechanistic / In Vitro,Yes,10.1038/ncb1547,,,False,"Insulin stimulates protein synthesis and cell growth by activation of the protein kinases Akt (also known as protein kinase B, PKB) and mammalian target of rapamycin (mTOR). It was reported that Akt activates mTOR by phosphorylation and inhibition of tuberous sclerosis complex 2 (TSC2). However, in recent studies the physiological requirement of Akt phosphorylation of TSC2 for mTOR activation has been questioned. Here, we identify PRAS40 (proline-rich Akt/PKB substrate 40 kDa) as a novel mTOR binding partner that mediates Akt signals to mTOR. PRAS40 binds the mTOR kinase domain and its interaction with mTOR is induced under conditions that inhibit mTOR signalling, such as nutrient or serum deprivation or mitochondrial metabolic inhibition. Binding of PRAS40 inhibits mTOR activity and suppresses constitutive activation of mTOR in cells lacking TSC2. PRAS40 silencing inactivates insulin-receptor substrate-1 (IRS-1) and Akt, and uncouples the response of mTOR to Akt signals. Furthermore, PRAS40 phosphorylation by Akt and association with 14-3-3, a cytosolic anchor protein, are crucial for insulin to stimulate mTOR. These findings identify PRAS40 as an important regulator of insulin sensitivity of the Akt-mTOR pathway and a potential target for the treatment of cancers, insulin resistance and hamartoma syndromes.",Insulin signals to mTORC1 through Akt phosphorylation of the inhibitor PRAS40.,"Insulin signalling to mTOR mediated by the Akt/PKB substrate PRAS40
Key finding: Insulin signals to mTORC1 through Akt phosphorylation of the inhibitor PRAS40.
Abstract: Insulin stimulates protein synthesis and cell growth by activation of the protein kinases Akt (also known as protein kinase B, PKB) and mammalian target of rapamycin (mTOR). It was reported that Akt activates mTOR by phosphorylation and inhibition of tuberous sclerosis complex 2 (TSC2). However, in recent studies the physiological requirement of Akt phosphorylation of TSC2 for mTOR activation has been questioned. Here, we identify PRAS40 (proline-rich Akt/PKB substrate 40 kDa) as a novel mTOR binding partner that mediates Akt signals to mTOR. PRAS40 binds the mTOR kinase domain and its interaction with mTOR is induced under conditions that inhibit mTOR signalling, such as nutrient or serum deprivation or mitochondrial metabolic inhibition. Binding of PRAS40 inhibits mTOR activity and suppresses constitutive activation of mTOR in cells lacking TSC2. PRAS40 silencing inactivates insulin-receptor substrate-1 (IRS-1) and Akt, and uncouples the response of mTOR to Akt signals. Furthermore, PRAS40 phosphorylation by Akt and association with 14-3-3, a cytosolic anchor protein, are crucial for insulin to stimulate mTOR. These findings identify PRAS40 as an important regulator of insulin sensitivity of the Akt-mTOR pathway and a potential target for the treatment of cancers, insulin resistance and hamartoma syndromes."
recrFSb29Pnlzht1K,CON2021,Genome-wide CRISPR screens reveal multitiered mechanisms through which mTORC1 senses mitochondrial dysfunction,Condon KJ; Sabatini DM et al.,2021,Proceedings of the National Academy of Sciences of the United States of America,Mechanism,CRISPR screen; cells,"mTORC1, mitochondria, AMPK, HRI, ATF4",D - Mechanistic/Review,5 - Mechanistic / In Vitro,Yes,10.1073/pnas.2022120118,33483422,PMC7848693,True,"In mammalian cells, nutrients and growth factors signal through an array of upstream proteins to regulate the mTORC1 growth control pathway. Because the full complement of these proteins has not been systematically identified, we developed a FACS-based CRISPR-Cas9 genetic screening strategy to pinpoint genes that regulate mTORC1 activity. Along with almost all known positive components of the mTORC1 pathway, we identified many genes that impact mTORC1 activity. Using the genome-wide screening data, we generated a focused sublibrary targeting hundreds of genes and carried out epistasis screens in cells lacking nutrient- and stress-responsive mTORC1 modulators, including GATOR1, AMPK, GCN2, and ATF4. From these data, we pinpointed mitochondrial function as a particularly important input into mTORC1 signaling. We find that the kinases AMPK and HRI signal, with varying kinetics, mitochondrial distress to mTORC1, and that HRI acts through the ATF4-dependent up-regulation of both Sestrin2 and Redd1. Loss of both AMPK and HRI is sufficient to render mTORC1 signaling largely resistant to mitochondrial dysfunction induced by the ATP synthase inhibitor oligomycin as well as the electron transport chain inhibitors piericidin and antimycin. Taken together, our data reveal a catalog of genes that impact the mTORC1 pathway and clarify the multifaceted ways in which mTORC1 senses mitochondrial dysfunction.",Genome-wide CRISPR screens reveal AMPK and HRI relay mitochondrial dysfunction to mTORC1.,"Genome-wide CRISPR screens reveal multitiered mechanisms through which mTORC1 senses mitochondrial dysfunction
Key finding: Genome-wide CRISPR screens reveal AMPK and HRI relay mitochondrial dysfunction to mTORC1.
Abstract: In mammalian cells, nutrients and growth factors signal through an array of upstream proteins to regulate the mTORC1 growth control pathway. Because the full complement of these proteins has not been systematically identified, we developed a FACS-based CRISPR-Cas9 genetic screening strategy to pinpoint genes that regulate mTORC1 activity. Along with almost all known positive components of the mTORC1 pathway, we identified many genes that impact mTORC1 activity. Using the genome-wide screening data, we generated a focused sublibrary targeting hundreds of genes and carried out epistasis screens in cells lacking nutrient- and stress-responsive mTORC1 modulators, including GATOR1, AMPK, GCN2, and ATF4. From these data, we pinpointed mitochondrial function as a particularly important input into mTORC1 signaling. We find that the kinases AMPK and HRI signal, with varying kinetics, mitochondrial distress to mTORC1, and that HRI acts through the ATF4-dependent up-regulation of both Sestrin2 and Redd1. Loss of both AMPK and HRI is sufficient to render mTORC1 signaling largely resistant to mitochondrial dysfunction induced by the ATP synthase inhibitor oligomycin as well as the electron transport chain inhibitors piericidin and antimycin. Taken together, our data reveal a catalog of genes that impact the mTORC1 pathway and clarify the multifaceted ways in which mTORC1 senses mitochondrial dysfunction."
recrRvDlw4HBDlUMn,HAR1998,Amino acid sufficiency and mTOR regulate p70 S6 kinase and eIF-4E BP1 through a common effector mechanism,Hara K; Avruch J et al.,1998,The Journal of biological chemistry,Mechanism,CHO cells; in vitro,"mTOR, amino acids, p70 S6K, 4E-BP1",D - Mechanistic/Review,5 - Mechanistic / In Vitro,Yes,10.1074/jbc.273.23.14484,,,False,"The present study identifies the operation of a signal tranduction pathway in mammalian cells that provides a checkpoint control, linking amino acid sufficiency to the control of peptide chain initiation. Withdrawal of amino acids from the nutrient medium of CHO-IR cells results in a rapid deactivation of p70 S6 kinase and dephosphorylation of eIF-4E BP1, which become unresponsive to all agonists. Readdition of the amino acid mixture quickly restores the phosphorylation and responsiveness of p70 and eIF-4E BP1 to insulin. Increasing the ambient amino acids to twice that usually employed increases basal p70 activity to the maximal level otherwise attained in the presence of insulin and abrogates further stimulation by insulin. Withdrawal of most individual amino acids also inhibits p70, although with differing potency. Amino acid withdrawal from CHO-IR cells does not significantly alter insulin stimulation of tyrosine phosphorylation, phosphotyrosine-associated phosphatidylinositol 3-kinase activity, c-Akt/protein kinase B activity, or mitogen-activated protein kinase activity. The selective inhibition of p70 and eIF-4E BP1 phosphorylation by amino acid withdrawal resembles the response to rapamycin, which prevents p70 reactivation by amino acids, indicating that mTOR is required for the response to amino acids. A p70 deletion mutant, p70Delta2-46/DeltaCT104, that is resistant to inhibition by rapamycin (but sensitive to wortmannin) is also resistant to inhibition by amino acid withdrawal, indicating that amino acid sufficiency and mTOR signal to p70 through a common effector, which could be mTOR itself, or an mTOR-controlled downstream element, such as a protein phosphatase.","Amino acid sufficiency signals through mTOR to p70 S6K and 4E-BP1 via a common effector, first linking nutrients to mTOR.","Amino acid sufficiency and mTOR regulate p70 S6 kinase and eIF-4E BP1 through a common effector mechanism
Key finding: Amino acid sufficiency signals through mTOR to p70 S6K and 4E-BP1 via a common effector, first linking nutrients to mTOR.
Abstract: The present study identifies the operation of a signal tranduction pathway in mammalian cells that provides a checkpoint control, linking amino acid sufficiency to the control of peptide chain initiation. Withdrawal of amino acids from the nutrient medium of CHO-IR cells results in a rapid deactivation of p70 S6 kinase and dephosphorylation of eIF-4E BP1, which become unresponsive to all agonists. Readdition of the amino acid mixture quickly restores the phosphorylation and responsiveness of p70 and eIF-4E BP1 to insulin. Increasing the ambient amino acids to twice that usually employed increases basal p70 activity to the maximal level otherwise attained in the presence of insulin and abrogates further stimulation by insulin. Withdrawal of most individual amino acids also inhibits p70, although with differing potency. Amino acid withdrawal from CHO-IR cells does not significantly alter insulin stimulation of tyrosine phosphorylation, phosphotyrosine-associated phosphatidylinositol 3-kinase activity, c-Akt/protein kinase B activity, or mitogen-activated protein kinase activity. The selective inhibition of p70 and eIF-4E BP1 phosphorylation by amino acid withdrawal resembles the response to rapamycin, which prevents p70 reactivation by amino acids, indicating that mTOR is required for the response to amino acids. A p70 deletion mutant, p70Delta2-46/DeltaCT104, that is resistant to inhibition by rapamycin (but sensitive to wortmannin) is also resistant to inhibition by amino acid withdrawal, indicating that amino acid sufficiency and mTOR signal to p70 through a common effector, which could be mTOR itself, or an mTOR-controlled downstream element, such as a protein phosphatase."
recrXGgOGnCxL2F5x,WAN2011,The transcription factor Myc controls metabolic reprogramming upon T lymphocyte activation,Wang R; Green DR et al.,2011,Immunity,Animal,Mouse,"Myc, T-cell metabolism",C - Animal,4 - Animal Study,Yes,10.1016/j.immuni.2011.09.021,22195744,PMC3248798,True,"To fulfill the bioenergetic and biosynthetic demand of proliferation, T cells reprogram their metabolic pathways from fatty acid beta-oxidation and pyruvate oxidation via the TCA cycle to the glycolytic, pentose-phosphate, and glutaminolytic pathways. Two of the top-ranked candidate transcription factors potentially responsible for the activation-induced T cell metabolic transcriptome, HIF1alpha and Myc, were induced upon T cell activation, but only the acute deletion of Myc markedly inhibited activation-induced glycolysis and glutaminolysis in T cells. Glutamine deprivation compromised activation-induced T cell growth and proliferation, and this was partially replaced by nucleotides and polyamines, implicating glutamine as an important source for biosynthetic precursors in active T cells. Metabolic tracer analysis revealed a Myc-dependent metabolic pathway linking glutaminolysis to the biosynthesis of polyamines. Therefore, a Myc-dependent global metabolic transcriptome drives metabolic reprogramming in activated, primary T lymphocytes. This may represent a general mechanism for metabolic reprogramming under patho-physiological conditions.",The transcription factor Myc drives metabolic reprogramming of activated T cells downstream of mTOR.,"The transcription factor Myc controls metabolic reprogramming upon T lymphocyte activation
Key finding: The transcription factor Myc drives metabolic reprogramming of activated T cells downstream of mTOR.
Abstract: To fulfill the bioenergetic and biosynthetic demand of proliferation, T cells reprogram their metabolic pathways from fatty acid beta-oxidation and pyruvate oxidation via the TCA cycle to the glycolytic, pentose-phosphate, and glutaminolytic pathways. Two of the top-ranked candidate transcription factors potentially responsible for the activation-induced T cell metabolic transcriptome, HIF1alpha and Myc, were induced upon T cell activation, but only the acute deletion of Myc markedly inhibited activation-induced glycolysis and glutaminolysis in T cells. Glutamine deprivation compromised activation-induced T cell growth and proliferation, and this was partially replaced by nucleotides and polyamines, implicating glutamine as an important source for biosynthetic precursors in active T cells. Metabolic tracer analysis revealed a Myc-dependent metabolic pathway linking glutaminolysis to the biosynthesis of polyamines. Therefore, a Myc-dependent global metabolic transcriptome drives metabolic reprogramming in activated, primary T lymphocytes. This may represent a general mechanism for metabolic reprogramming under patho-physiological conditions."
recrvpzLsMkOjy47n,YAN2017,Mechanisms of mTORC1 activation by RHEB and inhibition by PRAS40,Yang H; Pavletich NP et al.,2017,Nature,Mechanism,Cryo-EM structure,"mTORC1, RHEB, PRAS40",D - Mechanistic/Review,5 - Mechanistic / In Vitro,Yes,10.1038/nature25023,29236692,PMC5750076,True,"The mechanistic target of rapamycin complex 1 (mTORC1) controls cell growth and metabolism in response to nutrients, energy levels, and growth factors. It contains the atypical kinase mTOR and the RAPTOR subunit that binds to the Tor signalling sequence (TOS) motif of substrates and regulators. mTORC1 is activated by the small GTPase RHEB (Ras homologue enriched in brain) and inhibited by PRAS40. Here we present the 3.0 angstrom cryo-electron microscopy structure of mTORC1 and the 3.4 angstrom structure of activated RHEB-mTORC1. RHEB binds to mTOR distally from the kinase active site, yet causes a global conformational change that allosterically realigns active-site residues, accelerating catalysis. Cancer-associated hyperactivating mutations map to structural elements that maintain the inactive state, and we provide biochemical evidence that they mimic RHEB relieving auto-inhibition. We also present crystal structures of RAPTOR-TOS motif complexes that define the determinants of TOS recognition, of an mTOR FKBP12-rapamycin-binding (FRB) domain-substrate complex that establishes a second substrate-recruitment mechanism, and of a truncated mTOR-PRAS40 complex that reveals PRAS40 inhibits both substrate-recruitment sites. These findings help explain how mTORC1 selects its substrates, how its kinase activity is controlled, and how it is activated by cancer-associated mutations.",Structures reveal how RHEB allosterically activates and PRAS40 inhibits mTORC1.,"Mechanisms of mTORC1 activation by RHEB and inhibition by PRAS40
Key finding: Structures reveal how RHEB allosterically activates and PRAS40 inhibits mTORC1.
Abstract: The mechanistic target of rapamycin complex 1 (mTORC1) controls cell growth and metabolism in response to nutrients, energy levels, and growth factors. It contains the atypical kinase mTOR and the RAPTOR subunit that binds to the Tor signalling sequence (TOS) motif of substrates and regulators. mTORC1 is activated by the small GTPase RHEB (Ras homologue enriched in brain) and inhibited by PRAS40. Here we present the 3.0 angstrom cryo-electron microscopy structure of mTORC1 and the 3.4 angstrom structure of activated RHEB-mTORC1. RHEB binds to mTOR distally from the kinase active site, yet causes a global conformational change that allosterically realigns active-site residues, accelerating catalysis. Cancer-associated hyperactivating mutations map to structural elements that maintain the inactive state, and we provide biochemical evidence that they mimic RHEB relieving auto-inhibition. We also present crystal structures of RAPTOR-TOS motif complexes that define the determinants of TOS recognition, of an mTOR FKBP12-rapamycin-binding (FRB) domain-substrate complex that establishes a second substrate-recruitment mechanism, and of a truncated mTOR-PRAS40 complex that reveals PRAS40 inhibits both substrate-recruitment sites. These findings help explain how mTORC1 selects its substrates, how its kinase activity is controlled, and how it is activated by cancer-associated mutations."
recs2i4RGhVIfeGAn,SAR2005,Phosphorylation and regulation of Akt/PKB by the rictor-mTOR complex,Sarbassov DD et al.,2005,Science,Mechanism,Human cells; Drosophila,mTORC2; Akt/PKB,D - Mechanistic/Review,5 - Mechanistic / In Vitro,Yes,10.1126/science.1106148,,,False,"Deregulation of Akt/protein kinase B (PKB) is implicated in the pathogenesis of cancer and diabetes. Akt/PKB activation requires the phosphorylation of Thr308 in the activation loop by the phosphoinositide-dependent kinase 1 (PDK1) and Ser473 within the carboxyl-terminal hydrophobic motif by an unknown kinase. We show that in Drosophila and human cells the target of rapamycin (TOR) kinase and its associated protein rictor are necessary for Ser473 phosphorylation and that a reduction in rictor or mammalian TOR (mTOR) expression inhibited an Akt/PKB effector. The rictor-mTOR complex directly phosphorylated Akt/PKB on Ser473 in vitro and facilitated Thr308 phosphorylation by PDK1. Rictor-mTOR may serve as a drug target in tumors that have lost the expression of PTEN, a tumor suppressor that opposes Akt/PKB activation.","The rictor-mTOR complex (mTORC2) directly phosphorylates Akt/PKB on Ser473, regulating cell survival.","Phosphorylation and regulation of Akt/PKB by the rictor-mTOR complex
Key finding: The rictor-mTOR complex (mTORC2) directly phosphorylates Akt/PKB on Ser473, regulating cell survival.
Abstract: Deregulation of Akt/protein kinase B (PKB) is implicated in the pathogenesis of cancer and diabetes. Akt/PKB activation requires the phosphorylation of Thr308 in the activation loop by the phosphoinositide-dependent kinase 1 (PDK1) and Ser473 within the carboxyl-terminal hydrophobic motif by an unknown kinase. We show that in Drosophila and human cells the target of rapamycin (TOR) kinase and its associated protein rictor are necessary for Ser473 phosphorylation and that a reduction in rictor or mammalian TOR (mTOR) expression inhibited an Akt/PKB effector. The rictor-mTOR complex directly phosphorylated Akt/PKB on Ser473 in vitro and facilitated Thr308 phosphorylation by PDK1. Rictor-mTOR may serve as a drug target in tumors that have lost the expression of PTEN, a tumor suppressor that opposes Akt/PKB activation."
recsMUGXdWjBkeg4y,PET2013,Recruitment of folliculin to lysosomes supports the amino acid-dependent activation of Rag GTPases,Petit CS; Ferguson SM et al.,2013,The Journal of cell biology,Mechanism,Mammalian cells,"folliculin/FLCN, lysosome, amino acids",D - Mechanistic/Review,5 - Mechanistic / In Vitro,Yes,10.1083/jcb.201307084,24081491,PMC3787382,True,"Birt-Hogg-Dube syndrome, a human disease characterized by fibrofolliculomas (hair follicle tumors) as well as a strong predisposition toward the development of pneumothorax, pulmonary cysts, and renal carcinoma, arises from loss-of-function mutations in the folliculin (FLCN) gene. In this study, we show that FLCN regulates lysosome function by promoting the mTORC1-dependent phosphorylation and cytoplasmic sequestration of transcription factor EB (TFEB). Our results indicate that FLCN is specifically required for the amino acid-stimulated recruitment of mTORC1 to lysosomes by Rag GTPases. We further demonstrated that FLCN itself was selectively recruited to the surface of lysosomes after amino acid depletion and directly bound to RagA via its GTPase domain. FLCN-interacting protein 1 (FNIP1) promotes both the lysosome recruitment and Rag interactions of FLCN. These new findings define the lysosome as a site of action for FLCN and indicate a critical role for FLCN in the amino acid-dependent activation of mTOR via its direct interaction with the RagA/B GTPases.",Amino acids recruit folliculin to lysosomes to support Rag-dependent mTORC1 activation.,"Recruitment of folliculin to lysosomes supports the amino acid-dependent activation of Rag GTPases
Key finding: Amino acids recruit folliculin to lysosomes to support Rag-dependent mTORC1 activation.
Abstract: Birt-Hogg-Dube syndrome, a human disease characterized by fibrofolliculomas (hair follicle tumors) as well as a strong predisposition toward the development of pneumothorax, pulmonary cysts, and renal carcinoma, arises from loss-of-function mutations in the folliculin (FLCN) gene. In this study, we show that FLCN regulates lysosome function by promoting the mTORC1-dependent phosphorylation and cytoplasmic sequestration of transcription factor EB (TFEB). Our results indicate that FLCN is specifically required for the amino acid-stimulated recruitment of mTORC1 to lysosomes by Rag GTPases. We further demonstrated that FLCN itself was selectively recruited to the surface of lysosomes after amino acid depletion and directly bound to RagA via its GTPase domain. FLCN-interacting protein 1 (FNIP1) promotes both the lysosome recruitment and Rag interactions of FLCN. These new findings define the lysosome as a site of action for FLCN and indicate a critical role for FLCN in the amino acid-dependent activation of mTOR via its direct interaction with the RagA/B GTPases."
recsMc4AxFPLLcbfK,BRU1997,Phosphorylation of the translational repressor PHAS-I by the mammalian target of rapamycin,Brunn GJ; Abraham RT et al.,1997,Science,Mechanism,HEK293; in vitro,"mTOR, 4E-BP1/PHAS-I, eIF4E",D - Mechanistic/Review,5 - Mechanistic / In Vitro,Yes,10.1126/science.277.5322.99,,,False,"The immunosuppressant rapamycin interferes with G1-phase progression in lymphoid and other cell types by inhibiting the function of the mammalian target of rapamycin (mTOR). mTOR was determined to be a terminal kinase in a signaling pathway that couples mitogenic stimulation to the phosphorylation of the eukaryotic initiation factor (eIF)-4E-binding protein, PHAS-I. The rapamycin-sensitive protein kinase activity of mTOR was required for phosphorylation of PHAS-I in insulin-stimulated human embryonic kidney cells. mTOR phosphorylated PHAS-I on serine and threonine residues in vitro, and these modifications inhibited the binding of PHAS-I to eIF-4E. These studies define a role for mTOR in translational control and offer further insights into the mechanism whereby rapamycin inhibits G1-phase progression in mammalian cells.","mTOR directly phosphorylates 4E-BP1 (PHAS-I), releasing eIF4E and establishing mTOR's role in translational control.","Phosphorylation of the translational repressor PHAS-I by the mammalian target of rapamycin
Key finding: mTOR directly phosphorylates 4E-BP1 (PHAS-I), releasing eIF4E and establishing mTOR's role in translational control.
Abstract: The immunosuppressant rapamycin interferes with G1-phase progression in lymphoid and other cell types by inhibiting the function of the mammalian target of rapamycin (mTOR). mTOR was determined to be a terminal kinase in a signaling pathway that couples mitogenic stimulation to the phosphorylation of the eukaryotic initiation factor (eIF)-4E-binding protein, PHAS-I. The rapamycin-sensitive protein kinase activity of mTOR was required for phosphorylation of PHAS-I in insulin-stimulated human embryonic kidney cells. mTOR phosphorylated PHAS-I on serine and threonine residues in vitro, and these modifications inhibited the binding of PHAS-I to eIF-4E. These studies define a role for mTOR in translational control and offer further insights into the mechanism whereby rapamycin inhibits G1-phase progression in mammalian cells."
recska50yKR1aufZo,SET2011,TFEB links autophagy to lysosomal biogenesis,Settembre C; Di Malta C; Polito VA; Garcia Arencibia M; Vetrini F; Erdin S; et al.; Ballabio A,2011,Science,Mechanism,Human/mouse cells,TFEB; Autophagy; mTORC1,D - Mechanistic/Review,5 - Mechanistic / In Vitro,Yes,10.1126/science.1204592,21617040,PMC3638014,True,"Autophagy is a cellular catabolic process that relies on the cooperation of autophagosomes and lysosomes. During starvation, the cell expands both compartments to enhance degradation processes. We found that starvation activates a transcriptional program that controls major steps of the autophagic pathway, including autophagosome formation, autophagosome-lysosome fusion, and substrate degradation. The transcription factor EB (TFEB), a master gene for lysosomal biogenesis, coordinated this program by driving expression of autophagy and lysosomal genes. Nuclear localization and activity of TFEB were regulated by serine phosphorylation mediated by the extracellular signal-regulated kinase 2, whose activity was tuned by the levels of extracellular nutrients. Thus, a mitogen-activated protein kinase-dependent mechanism regulates autophagy by controlling the biogenesis and partnership of two distinct cellular organelles.",Established TFEB as the single master switch that coordinates the WHOLE recycling program - it turns on both autophagosome and lysosome genes at once during starvation. This is the transcription factor that the mTORC1 pathway keeps switched off when nutrients are plentiful (mechanism pinned down by companion papers).,"TFEB links autophagy to lysosomal biogenesis
Key finding: Established TFEB as the single master switch that coordinates the WHOLE recycling program - it turns on both autophagosome and lysosome genes at once during starvation. This is the transcription factor that the mTORC1 pathway keeps switched off when nutrients are plentiful (mechanism pinned down by companion papers).
Abstract: Autophagy is a cellular catabolic process that relies on the cooperation of autophagosomes and lysosomes. During starvation, the cell expands both compartments to enhance degradation processes. We found that starvation activates a transcriptional program that controls major steps of the autophagic pathway, including autophagosome formation, autophagosome-lysosome fusion, and substrate degradation. The transcription factor EB (TFEB), a master gene for lysosomal biogenesis, coordinated this program by driving expression of autophagy and lysosomal genes. Nuclear localization and activity of TFEB were regulated by serine phosphorylation mediated by the extracellular signal-regulated kinase 2, whose activity was tuned by the levels of extracellular nutrients. Thus, a mitogen-activated protein kinase-dependent mechanism regulates autophagy by controlling the biogenesis and partnership of two distinct cellular organelles."
recsnGM0DZ63NfKRJ,ARA2009,mTOR regulates memory CD8 T-cell differentiation,Araki K; Ahmed R et al.,2009,Nature,Animal,Mouse,"mTOR, CD8 T cells, memory",C - Animal,4 - Animal Study,Yes,10.1038/nature08155,19543266,PMC2710807,True,"Memory CD8 T cells are a critical component of protective immunity, and inducing effective memory T-cell responses is a major goal of vaccines against chronic infections and tumours. Considerable effort has gone into designing vaccine regimens that will increase the magnitude of the memory response, but there has been minimal emphasis on developing strategies to improve the functional qualities of memory T cells. Here we show that mTOR is a major regulator of memory CD8 T-cell differentiation, and in contrast to what we expected, the immunosuppressive drug rapamycin has immunostimulatory effects on the generation of memory CD8 T cells. Treatment of mice with rapamycin following acute lymphocytic choriomeningitis virus infection enhanced not only the quantity but also the quality of virus-specific CD8 T cells. Similar effects were seen after immunization of mice with a vaccine based on non-replicating virus-like particles. In addition, rapamycin treatment also enhanced memory T-cell responses in non-human primates following vaccination with modified vaccinia virus Ankara. Rapamycin was effective during both the expansion and contraction phases of the T-cell response; during the expansion phase it increased the number of memory precursors, and during the contraction phase it accelerated the memory T-cell differentiation program. Experiments using RNA interference to inhibit expression of mTOR, raptor or FKBP12 in antigen-specific CD8 T cells showed that mTOR acts intrinsically through the mTORC1 pathway to regulate memory T-cell differentiation. Thus these studies identify a molecular pathway regulating memory formation and provide an effective strategy for improving the functional qualities of vaccine- or infection-induced memory T cells.",mTOR is a key regulator of memory CD8 T-cell differentiation; rapamycin enhances memory responses.,"mTOR regulates memory CD8 T-cell differentiation
Key finding: mTOR is a key regulator of memory CD8 T-cell differentiation; rapamycin enhances memory responses.
Abstract: Memory CD8 T cells are a critical component of protective immunity, and inducing effective memory T-cell responses is a major goal of vaccines against chronic infections and tumours. Considerable effort has gone into designing vaccine regimens that will increase the magnitude of the memory response, but there has been minimal emphasis on developing strategies to improve the functional qualities of memory T cells. Here we show that mTOR is a major regulator of memory CD8 T-cell differentiation, and in contrast to what we expected, the immunosuppressive drug rapamycin has immunostimulatory effects on the generation of memory CD8 T cells. Treatment of mice with rapamycin following acute lymphocytic choriomeningitis virus infection enhanced not only the quantity but also the quality of virus-specific CD8 T cells. Similar effects were seen after immunization of mice with a vaccine based on non-replicating virus-like particles. In addition, rapamycin treatment also enhanced memory T-cell responses in non-human primates following vaccination with modified vaccinia virus Ankara. Rapamycin was effective during both the expansion and contraction phases of the T-cell response; during the expansion phase it increased the number of memory precursors, and during the contraction phase it accelerated the memory T-cell differentiation program. Experiments using RNA interference to inhibit expression of mTOR, raptor or FKBP12 in antigen-specific CD8 T cells showed that mTOR acts intrinsically through the mTORC1 pathway to regulate memory T-cell differentiation. Thus these studies identify a molecular pathway regulating memory formation and provide an effective strategy for improving the functional qualities of vaccine- or infection-induced memory T cells."
rect8DcQKR3S6SDLm,BLA2006,Aging and immortality: quasi-programmed senescence and its pharmacologic inhibition,Blagosklonny MV,2006,Cell Cycle,Review,Theoretical / review article,mTORC1; Longevity,D - Mechanistic/Review,Narrative Review,Yes,10.4161/cc.5.18.3288,,,False,"While ruling out programmed aging, evolutionary theory predicts a quasi-program for aging, a continuation of the developmental program that is not turned off, is constantly on, becoming hyper-functional and damaging, causing diseases of aging. Could it be switched off pharmacologically? This would require identification of a molecular target involved in cell senescence, organism aging and diseases of aging. Notably, cell senescence is associated with activation of the TOR (target of rapamycin) nutrient- and mitogen-sensing pathway, which promotes cell growth, even though cell cycle is blocked. Is TOR involved in organism aging? In fact, in yeast (where the cell is the organism), caloric restriction, rapamycin and mutations that inhibit TOR all slow down aging. In animals from worms to mammals caloric restrictions, life-extending agents, and numerous mutations that increase longevity all converge on the TOR pathway. And, in humans, cell hypertrophy, hyper-function and hyperplasia, typically associated with activation of TOR, contribute to diseases of aging. Theoretical and clinical considerations suggest that rapamycin may be effective against atherosclerosis, hypertension and hyper-coagulation (thus, preventing myocardial infarction and stroke), osteoporosis, cancer, autoimmune diseases and arthritis, obesity, diabetes, macula-degeneration, Alzheimer's and Parkinson's diseases. Finally, I discuss that extended life span will reveal new causes for aging (e.g., ROS, 'wear and tear', Hayflick limit, stem cell exhaustion) that play a limited role now, when quasi-programmed senescence kills us first.","Proposes the 'hyperfunction theory' of aging: TOR signaling, useful in youth, stays switched on into old age and becomes actively damaging.","Aging and immortality: quasi-programmed senescence and its pharmacologic inhibition
Key finding: Proposes the 'hyperfunction theory' of aging: TOR signaling, useful in youth, stays switched on into old age and becomes actively damaging.
Abstract: While ruling out programmed aging, evolutionary theory predicts a quasi-program for aging, a continuation of the developmental program that is not turned off, is constantly on, becoming hyper-functional and damaging, causing diseases of aging. Could it be switched off pharmacologically? This would require identification of a molecular target involved in cell senescence, organism aging and diseases of aging. Notably, cell senescence is associated with activation of the TOR (target of rapamycin) nutrient- and mitogen-sensing pathway, which promotes cell growth, even though cell cycle is blocked. Is TOR involved in organism aging? In fact, in yeast (where the cell is the organism), caloric restriction, rapamycin and mutations that inhibit TOR all slow down aging. In animals from worms to mammals caloric restrictions, life-extending agents, and numerous mutations that increase longevity all converge on the TOR pathway. And, in humans, cell hypertrophy, hyper-function and hyperplasia, typically associated with activation of TOR, contribute to diseases of aging. Theoretical and clinical considerations suggest that rapamycin may be effective against atherosclerosis, hypertension and hyper-coagulation (thus, preventing myocardial infarction and stroke), osteoporosis, cancer, autoimmune diseases and arthritis, obesity, diabetes, macula-degeneration, Alzheimer's and Parkinson's diseases. Finally, I discuss that extended life span will reveal new causes for aging (e.g., ROS, 'wear and tear', Hayflick limit, stem cell exhaustion) that play a limited role now, when quasi-programmed senescence kills us first."
recuA7MqpKpCMFyvG,KIM2012,SH3BP4 is a negative regulator of amino acid-Rag GTPase-mTORC1 signaling,Kim YM; Kim DH et al.,2012,Molecular cell,Mechanism,Mammalian cells,"SH3BP4, Rag GTPases",D - Mechanistic/Review,5 - Mechanistic / In Vitro,Yes,10.1016/j.molcel.2012.04.007,22575674,PMC3389276,True,"Amino acids stimulate cell growth and suppress autophagy through activation of mTORC1. The activation of mTORC1 by amino acids is mediated by Rag guanosine triphosphatase (GTPase) heterodimers on the lysosome. The molecular mechanism by which amino acids regulate the Rag GTPase heterodimers remains to be elucidated. Here, we identify SH3 domain-binding protein 4 (SH3BP4) as a binding protein and a negative regulator of Rag GTPase complex. SH3BP4 binds to the inactive Rag GTPase complex through its Src homology 3 (SH3) domain under conditions of amino acid starvation and inhibits the formation of active Rag GTPase complex. As a consequence, the binding abrogates the interaction of mTORC1 with Rag GTPase complex and the recruitment of mTORC1 to the lysosome, thus inhibiting amino acid-induced mTORC1 activation and cell growth and promoting autophagy. These results demonstrate that SH3BP4 is a negative regulator of the Rag GTPase complex and amino acid-dependent mTORC1 signaling.",SH3BP4 negatively regulates amino-acid-Rag-GTPase-mTORC1 signalling.,"SH3BP4 is a negative regulator of amino acid-Rag GTPase-mTORC1 signaling
Key finding: SH3BP4 negatively regulates amino-acid-Rag-GTPase-mTORC1 signalling.
Abstract: Amino acids stimulate cell growth and suppress autophagy through activation of mTORC1. The activation of mTORC1 by amino acids is mediated by Rag guanosine triphosphatase (GTPase) heterodimers on the lysosome. The molecular mechanism by which amino acids regulate the Rag GTPase heterodimers remains to be elucidated. Here, we identify SH3 domain-binding protein 4 (SH3BP4) as a binding protein and a negative regulator of Rag GTPase complex. SH3BP4 binds to the inactive Rag GTPase complex through its Src homology 3 (SH3) domain under conditions of amino acid starvation and inhibits the formation of active Rag GTPase complex. As a consequence, the binding abrogates the interaction of mTORC1 with Rag GTPase complex and the recruitment of mTORC1 to the lysosome, thus inhibiting amino acid-induced mTORC1 activation and cell growth and promoting autophagy. These results demonstrate that SH3BP4 is a negative regulator of the Rag GTPase complex and amino acid-dependent mTORC1 signaling."
recuSFDFKFIgYzaWW,GU2017,SAMTOR is an S-adenosylmethionine sensor for the mTORC1 pathway,Gu X; Orozco JM; Saxton RA; Condon KJ; Liu GY; Krawczyk PA; Scaria SM; Harper JW; Gygi SP; Sabatini DM,2017,Science,Mechanism,Human cells (biochemistry),SAMTOR; GATOR1; mTORC1,D - Mechanistic/Review,5 - Mechanistic / In Vitro,Yes,10.1126/science.aao3265,29123071,PMC5747364,True,"mTOR complex 1 (mTORC1) regulates cell growth and metabolism in response to multiple environmental cues. Nutrients signal via the Rag guanosine triphosphatases (GTPases) to promote the localization of mTORC1 to the lysosomal surface, its site of activation. We identified SAMTOR, a previously uncharacterized protein, which inhibits mTORC1 signaling by interacting with GATOR1, the GTPase activating protein (GAP) for RagA/B. We found that the methyl donor-adenosylmethionine (SAM) disrupts the SAMTOR-GATOR1 complex by binding directly to SAMTOR with a dissociation constant of approximately 7 μM. In cells, methionine starvation reduces SAM levels below this dissociation constant and promotes the association of SAMTOR with GATOR1, thereby inhibiting mTORC1 signaling in a SAMTOR-dependent fashion. Methionine-induced activation of mTORC1 requires the SAM binding capacity of SAMTOR. Thus, SAMTOR is a SAM sensor that links methionine and one-carbon metabolism to mTORC1 signaling.","Extended nutrient sensing beyond amino acids to METABOLITES: SAMTOR reads S-adenosylmethionine (SAM), the cell's methyl-donor currency, linking methionine and one-carbon metabolism to mTORC1. Relevant to why methionine restriction affects aging.","SAMTOR is an S-adenosylmethionine sensor for the mTORC1 pathway
Key finding: Extended nutrient sensing beyond amino acids to METABOLITES: SAMTOR reads S-adenosylmethionine (SAM), the cell's methyl-donor currency, linking methionine and one-carbon metabolism to mTORC1. Relevant to why methionine restriction affects aging.
Abstract: mTOR complex 1 (mTORC1) regulates cell growth and metabolism in response to multiple environmental cues. Nutrients signal via the Rag guanosine triphosphatases (GTPases) to promote the localization of mTORC1 to the lysosomal surface, its site of activation. We identified SAMTOR, a previously uncharacterized protein, which inhibits mTORC1 signaling by interacting with GATOR1, the GTPase activating protein (GAP) for RagA/B. We found that the methyl donor-adenosylmethionine (SAM) disrupts the SAMTOR-GATOR1 complex by binding directly to SAMTOR with a dissociation constant of approximately 7 μM. In cells, methionine starvation reduces SAM levels below this dissociation constant and promotes the association of SAMTOR with GATOR1, thereby inhibiting mTORC1 signaling in a SAMTOR-dependent fashion. Methionine-induced activation of mTORC1 requires the SAM binding capacity of SAMTOR. Thus, SAMTOR is a SAM sensor that links methionine and one-carbon metabolism to mTORC1 signaling."
recuXn353P2vVLBjb,HOS2009,Nutrient-dependent mTORC1 association with the ULK1-Atg13-FIP200 complex required for autophagy,Hosokawa N; Hara T; Kaizuka T; Kishi C; Takamura A; Miura Y; et al.; Mizushima N,2009,Molecular Biology of the Cell,Mechanism,Mammalian cells,mTORC1; ULK1; Autophagy,D - Mechanistic/Review,5 - Mechanistic / In Vitro,Yes,10.1091/mbc.e08-12-1248,19211835,PMC2663915,True,"Autophagy is an intracellular degradation system, by which cytoplasmic contents are degraded in lysosomes. Autophagy is dynamically induced by nutrient depletion to provide necessary amino acids within cells, thus helping them adapt to starvation. Although it has been suggested that mTOR is a major negative regulator of autophagy, how it controls autophagy has not yet been determined. Here, we report a novel mammalian autophagy factor, Atg13, which forms a stable approximately 3-MDa protein complex with ULK1 and FIP200. Atg13 localizes on the autophagic isolation membrane and is essential for autophagosome formation. In contrast to yeast counterparts, formation of the ULK1-Atg13-FIP200 complex is not altered by nutrient conditions. Importantly, mTORC1 is incorporated into the ULK1-Atg13-FIP200 complex through ULK1 in a nutrient-dependent manner and mTOR phosphorylates ULK1 and Atg13. ULK1 is dephosphorylated by rapamycin treatment or starvation. These data suggest that mTORC1 suppresses autophagy through direct regulation of the approximately 3-MDa ULK1-Atg13-FIP200 complex.","Showed the DIRECT brake mTORC1 uses on autophagy: when nutrients are plentiful, mTORC1 physically joins the ULK1-Atg13-FIP200 complex (the autophagy-starter kinase) and phosphorylates ULK1 to keep it off. Starvation or rapamycin releases this brake and autophagy begins.","Nutrient-dependent mTORC1 association with the ULK1-Atg13-FIP200 complex required for autophagy
Key finding: Showed the DIRECT brake mTORC1 uses on autophagy: when nutrients are plentiful, mTORC1 physically joins the ULK1-Atg13-FIP200 complex (the autophagy-starter kinase) and phosphorylates ULK1 to keep it off. Starvation or rapamycin releases this brake and autophagy begins.
Abstract: Autophagy is an intracellular degradation system, by which cytoplasmic contents are degraded in lysosomes. Autophagy is dynamically induced by nutrient depletion to provide necessary amino acids within cells, thus helping them adapt to starvation. Although it has been suggested that mTOR is a major negative regulator of autophagy, how it controls autophagy has not yet been determined. Here, we report a novel mammalian autophagy factor, Atg13, which forms a stable approximately 3-MDa protein complex with ULK1 and FIP200. Atg13 localizes on the autophagic isolation membrane and is essential for autophagosome formation. In contrast to yeast counterparts, formation of the ULK1-Atg13-FIP200 complex is not altered by nutrient conditions. Importantly, mTORC1 is incorporated into the ULK1-Atg13-FIP200 complex through ULK1 in a nutrient-dependent manner and mTOR phosphorylates ULK1 and Atg13. ULK1 is dephosphorylated by rapamycin treatment or starvation. These data suggest that mTORC1 suppresses autophagy through direct regulation of the approximately 3-MDa ULK1-Atg13-FIP200 complex."
recugoqPzVR32nB69,YUX2011,Phosphoproteomic analysis identifies Grb10 as an mTORC1 substrate that negatively regulates insulin signaling,Yu Y; Blenis J et al.,2011,Science,Mechanism,Mammalian cells,"mTORC1, Grb10, IRS-1",D - Mechanistic/Review,5 - Mechanistic / In Vitro,Yes,10.1126/science.1199484,21659605,PMC3195509,True,"The evolutionarily conserved serine-threonine kinase mammalian target of rapamycin (mTOR) plays a critical role in regulating many pathophysiological processes. Functional characterization of the mTOR signaling pathways, however, has been hampered by the paucity of known substrates. We used large-scale quantitative phosphoproteomics experiments to define the signaling networks downstream of mTORC1 and mTORC2. Characterization of one mTORC1 substrate, the growth factor receptor-bound protein 10 (Grb10), showed that mTORC1-mediated phosphorylation stabilized Grb10, leading to feedback inhibition of the phosphatidylinositol 3-kinase (PI3K) and extracellular signal-regulated, mitogen-activated protein kinase (ERK-MAPK) pathways. Grb10 expression is frequently down-regulated in various cancers, and loss of Grb10 and loss of the well-established tumor suppressor phosphatase PTEN appear to be mutually exclusive events, suggesting that Grb10 might be a tumor suppressor regulated by mTORC1.",Phosphoproteomics identify Grb10 as an mTORC1 substrate driving negative feedback on insulin/PI3K.,"Phosphoproteomic analysis identifies Grb10 as an mTORC1 substrate that negatively regulates insulin signaling
Key finding: Phosphoproteomics identify Grb10 as an mTORC1 substrate driving negative feedback on insulin/PI3K.
Abstract: The evolutionarily conserved serine-threonine kinase mammalian target of rapamycin (mTOR) plays a critical role in regulating many pathophysiological processes. Functional characterization of the mTOR signaling pathways, however, has been hampered by the paucity of known substrates. We used large-scale quantitative phosphoproteomics experiments to define the signaling networks downstream of mTORC1 and mTORC2. Characterization of one mTORC1 substrate, the growth factor receptor-bound protein 10 (Grb10), showed that mTORC1-mediated phosphorylation stabilized Grb10, leading to feedback inhibition of the phosphatidylinositol 3-kinase (PI3K) and extracellular signal-regulated, mitogen-activated protein kinase (ERK-MAPK) pathways. Grb10 expression is frequently down-regulated in various cancers, and loss of Grb10 and loss of the well-established tumor suppressor phosphatase PTEN appear to be mutually exclusive events, suggesting that Grb10 might be a tumor suppressor regulated by mTORC1."
recukzU2V53AO6H4A,PAN2013,Amino acid deprivation inhibits TORC1 through a GTPase-activating protein complex for the Rag family GTPase Gtr1,Panchaud N; De Virgilio C et al.,2013,Science signaling,Mechanism,Yeast,"SEACIT, TORC1, Rag/Gtr",D - Mechanistic/Review,5 - Mechanistic / In Vitro,Yes,10.1126/scisignal.2004112,,,False,"The Rag family of guanosine triphosphatases (GTPases) regulates eukaryotic cell growth in response to amino acids by activating the target of rapamycin complex 1 (TORC1). In humans, this pathway is often deregulated in cancer. In yeast, amino acids promote binding of GTP (guanosine 5'-triphosphate) to the Rag family GTPase Gtr1, which, in combination with a GDP (guanosine diphosphate)-bound Gtr2, forms the active, TORC1-stimulating GTPase heterodimer. We identified Iml1, which functioned in a complex with Npr2 and Npr3, as a GAP (GTPase-activating protein) for Gtr1. Upon amino acid deprivation, Iml1 transiently interacted with Gtr1 at the vacuolar membrane to stimulate its intrinsic GTPase activity and consequently decrease the activity of TORC1. Our results delineate a potentially conserved mechanism by which the Iml1, Npr2, and Npr3 orthologous proteins in humans may suppress tumor formation.",The SEACIT complex is a GAP for the Rag/Gtr GTPases mediating amino-acid inhibition of TORC1.,"Amino acid deprivation inhibits TORC1 through a GTPase-activating protein complex for the Rag family GTPase Gtr1
Key finding: The SEACIT complex is a GAP for the Rag/Gtr GTPases mediating amino-acid inhibition of TORC1.
Abstract: The Rag family of guanosine triphosphatases (GTPases) regulates eukaryotic cell growth in response to amino acids by activating the target of rapamycin complex 1 (TORC1). In humans, this pathway is often deregulated in cancer. In yeast, amino acids promote binding of GTP (guanosine 5'-triphosphate) to the Rag family GTPase Gtr1, which, in combination with a GDP (guanosine diphosphate)-bound Gtr2, forms the active, TORC1-stimulating GTPase heterodimer. We identified Iml1, which functioned in a complex with Npr2 and Npr3, as a GAP (GTPase-activating protein) for Gtr1. Upon amino acid deprivation, Iml1 transiently interacted with Gtr1 at the vacuolar membrane to stimulate its intrinsic GTPase activity and consequently decrease the activity of TORC1. Our results delineate a potentially conserved mechanism by which the Iml1, Npr2, and Npr3 orthologous proteins in humans may suppress tumor formation."
recvFeSTAad9cNXIu,MIL2014,Rapamycin-mediated lifespan increase in mice is dose and sex dependent and metabolically distinct from dietary restriction,Miller RA; Strong R et al.,2014,Aging cell,Animal,Mouse,"rapamycin, lifespan, sex",C - Animal,4 - Animal Study,Yes,10.1111/acel.12194,24341993,PMC4032600,True,"Rapamycin, an inhibitor of mTOR kinase, increased median lifespan of genetically heterogeneous mice by 23% (males) to 26% (females) when tested at a dose threefold higher than that used in our previous studies; maximal longevity was also increased in both sexes. Rapamycin increased lifespan more in females than in males at each dose evaluated, perhaps reflecting sexual dimorphism in blood levels of this drug. Some of the endocrine and metabolic changes seen in diet-restricted mice are not seen in mice exposed to rapamycin, and the pattern of expression of hepatic genes involved in xenobiotic metabolism is also quite distinct in rapamycin-treated and diet-restricted mice, suggesting that these two interventions for extending mouse lifespan differ in many respects.",Rapamycin's lifespan extension in mice is dose-dependent and greater in females.,"Rapamycin-mediated lifespan increase in mice is dose and sex dependent and metabolically distinct from dietary restriction
Key finding: Rapamycin's lifespan extension in mice is dose-dependent and greater in females.
Abstract: Rapamycin, an inhibitor of mTOR kinase, increased median lifespan of genetically heterogeneous mice by 23% (males) to 26% (females) when tested at a dose threefold higher than that used in our previous studies; maximal longevity was also increased in both sexes. Rapamycin increased lifespan more in females than in males at each dose evaluated, perhaps reflecting sexual dimorphism in blood levels of this drug. Some of the endocrine and metabolic changes seen in diet-restricted mice are not seen in mice exposed to rapamycin, and the pattern of expression of hepatic genes involved in xenobiotic metabolism is also quite distinct in rapamycin-treated and diet-restricted mice, suggesting that these two interventions for extending mouse lifespan differ in many respects."
recvV56u2LLI0BGJx,POR2008,SREBP activity is regulated by mTORC1 and contributes to Akt-dependent cell growth,Porstmann T; Schulze A et al.,2008,Cell metabolism,Mechanism,Mammalian cells,"SREBP, mTORC1, Akt, lipogenesis",D - Mechanistic/Review,5 - Mechanistic / In Vitro,Yes,10.1016/j.cmet.2008.07.007,18762023,PMC2593919,True,"Cell growth (accumulation of mass) needs to be coordinated with metabolic processes that are required for the synthesis of macromolecules. The PI3-kinase/Akt signaling pathway induces cell growth via activation of complex 1 of the target of rapamycin (TORC1). Here we show that Akt-dependent lipogenesis requires mTORC1 activity. Furthermore, nuclear accumulation of the mature form of the sterol responsive element binding protein (SREBP1) and expression of SREBP target genes was blocked by the mTORC1 inhibitor rapamycin. We also show that silencing of SREBP blocks Akt-dependent lipogenesis and attenuates the increase in cell size in response to Akt activation in vitro. Silencing of dSREBP in flies caused a reduction in cell and organ size and blocked the induction of cell growth by dPI3K. Our results suggest that the PI3K/Akt/TOR pathway regulates protein and lipid biosynthesis in an orchestrated manner and that both processes are required for cell growth.",mTORC1 activates SREBP to drive lipogenesis supporting Akt-dependent cell growth.,"SREBP activity is regulated by mTORC1 and contributes to Akt-dependent cell growth
Key finding: mTORC1 activates SREBP to drive lipogenesis supporting Akt-dependent cell growth.
Abstract: Cell growth (accumulation of mass) needs to be coordinated with metabolic processes that are required for the synthesis of macromolecules. The PI3-kinase/Akt signaling pathway induces cell growth via activation of complex 1 of the target of rapamycin (TORC1). Here we show that Akt-dependent lipogenesis requires mTORC1 activity. Furthermore, nuclear accumulation of the mature form of the sterol responsive element binding protein (SREBP1) and expression of SREBP target genes was blocked by the mTORC1 inhibitor rapamycin. We also show that silencing of SREBP blocks Akt-dependent lipogenesis and attenuates the increase in cell size in response to Akt activation in vitro. Silencing of dSREBP in flies caused a reduction in cell and organ size and blocked the induction of cell growth by dPI3K. Our results suggest that the PI3K/Akt/TOR pathway regulates protein and lipid biosynthesis in an orchestrated manner and that both processes are required for cell growth."
recvc5GfvNEE0FPRK,GAN2009,ULK1.ATG13.FIP200 complex mediates mTOR signaling and is essential for autophagy,Ganley IG; Jiang X et al.,2009,The Journal of biological chemistry,Mechanism,Mammalian cells,"ULK1, ATG13, FIP200, mTOR",D - Mechanistic/Review,5 - Mechanistic / In Vitro,Yes,10.1074/jbc.M900573200,19258318,PMC2673298,True,"Autophagy is a degradative process that recycles long-lived and faulty cellular components. It is linked to many diseases and is required for normal development. ULK1, a mammalian serine/threonine protein kinase, plays a key role in the initial stages of autophagy, though the exact molecular mechanism is unknown. Here we report identification of a novel protein complex containing ULK1 and two additional protein factors, FIP200 and ATG13, all of which are essential for starvation-induced autophagy. Both FIP200 and ATG13 are critical for correct localization of ULK1 to the pre-autophagosome and stability of ULK1 protein. Additionally, we demonstrate by using both cellular experiments and a de novo in vitro reconstituted reaction that FIP200 and ATG13 can enhance ULK1 kinase activity individually but both are required for maximal stimulation. Further, we show that ATG13 and ULK1 are phosphorylated by the mTOR pathway in a nutrient starvation-regulated manner, indicating that the ULK1.ATG13.FIP200 complex acts as a node for integrating incoming autophagy signals into autophagosome biogenesis.",The ULK1-ATG13-FIP200 complex transmits mTOR signalling to initiate autophagy.,"ULK1.ATG13.FIP200 complex mediates mTOR signaling and is essential for autophagy
Key finding: The ULK1-ATG13-FIP200 complex transmits mTOR signalling to initiate autophagy.
Abstract: Autophagy is a degradative process that recycles long-lived and faulty cellular components. It is linked to many diseases and is required for normal development. ULK1, a mammalian serine/threonine protein kinase, plays a key role in the initial stages of autophagy, though the exact molecular mechanism is unknown. Here we report identification of a novel protein complex containing ULK1 and two additional protein factors, FIP200 and ATG13, all of which are essential for starvation-induced autophagy. Both FIP200 and ATG13 are critical for correct localization of ULK1 to the pre-autophagosome and stability of ULK1 protein. Additionally, we demonstrate by using both cellular experiments and a de novo in vitro reconstituted reaction that FIP200 and ATG13 can enhance ULK1 kinase activity individually but both are required for maximal stimulation. Further, we show that ATG13 and ULK1 are phosphorylated by the mTOR pathway in a nutrient starvation-regulated manner, indicating that the ULK1.ATG13.FIP200 complex acts as a node for integrating incoming autophagy signals into autophagosome biogenesis."
recvoVVzEO0MKFfXh,BRU2004,Regulation of mTOR function in response to hypoxia by REDD1 and the TSC1/TSC2 tumor suppressor complex,Brugarolas J; Kaelin WG et al.,2004,Genes & development,Mechanism,Mammalian cells,"REDD1/DDIT4, TSC1/2, hypoxia",D - Mechanistic/Review,5 - Mechanistic / In Vitro,Yes,10.1101/gad.1256804,15545625,PMC534650,True,"Mammalian target of rapamycin (mTOR) is a central regulator of protein synthesis whose activity is modulated by a variety of signals. Energy depletion and hypoxia result in mTOR inhibition. While energy depletion inhibits mTOR through a process involving the activation of AMP-activated protein kinase (AMPK) by LKB1 and subsequent phosphorylation of TSC2, the mechanism of mTOR inhibition by hypoxia is not known. Here we show that mTOR inhibition by hypoxia requires the TSC1/TSC2 tumor suppressor complex and the hypoxia-inducible gene REDD1/RTP801. Disruption of the TSC1/TSC2 complex through loss of TSC1 or TSC2 blocks the effects of hypoxia on mTOR, as measured by changes in the mTOR targets S6K and 4E-BP1, and results in abnormal accumulation of Hypoxia-inducible factor (HIF). In contrast to energy depletion, mTOR inhibition by hypoxia does not require AMPK or LKB1. Down-regulation of mTOR activity by hypoxia requires de novo mRNA synthesis and correlates with increased expression of the hypoxia-inducible REDD1 gene. Disruption of REDD1 abrogates the hypoxia-induced inhibition of mTOR, and REDD1 overexpression is sufficient to down-regulate S6K phosphorylation in a TSC1/TSC2-dependent manner. Inhibition of mTOR function by hypoxia is likely to be important for tumor suppression as TSC2-deficient cells maintain abnormally high levels of cell proliferation under hypoxia.",Hypoxia inhibits mTOR via REDD1-dependent activation of the TSC1/2 complex.,"Regulation of mTOR function in response to hypoxia by REDD1 and the TSC1/TSC2 tumor suppressor complex
Key finding: Hypoxia inhibits mTOR via REDD1-dependent activation of the TSC1/2 complex.
Abstract: Mammalian target of rapamycin (mTOR) is a central regulator of protein synthesis whose activity is modulated by a variety of signals. Energy depletion and hypoxia result in mTOR inhibition. While energy depletion inhibits mTOR through a process involving the activation of AMP-activated protein kinase (AMPK) by LKB1 and subsequent phosphorylation of TSC2, the mechanism of mTOR inhibition by hypoxia is not known. Here we show that mTOR inhibition by hypoxia requires the TSC1/TSC2 tumor suppressor complex and the hypoxia-inducible gene REDD1/RTP801. Disruption of the TSC1/TSC2 complex through loss of TSC1 or TSC2 blocks the effects of hypoxia on mTOR, as measured by changes in the mTOR targets S6K and 4E-BP1, and results in abnormal accumulation of Hypoxia-inducible factor (HIF). In contrast to energy depletion, mTOR inhibition by hypoxia does not require AMPK or LKB1. Down-regulation of mTOR activity by hypoxia requires de novo mRNA synthesis and correlates with increased expression of the hypoxia-inducible REDD1 gene. Disruption of REDD1 abrogates the hypoxia-induced inhibition of mTOR, and REDD1 overexpression is sufficient to down-regulate S6K phosphorylation in a TSC1/TSC2-dependent manner. Inhibition of mTOR function by hypoxia is likely to be important for tumor suppression as TSC2-deficient cells maintain abnormally high levels of cell proliferation under hypoxia."
recwFeXK5Mr6jLGZM,DEM2009,Rapamycin decelerates cellular senescence,Demidenko ZN; Zubova SG; Bukreeva EI; Pospelov VA; Pospelova TV; Blagosklonny MV,2009,Cell Cycle,Mechanism,Human + rodent cell lines,Rapamycin; mTORC1; Cellular senescence,D - Mechanistic/Review,5 - Mechanistic / In Vitro,Yes,10.4161/cc.8.12.8606,,,False,"When the cell cycle is arrested but cellular growth is not, then cells senesce, permanently losing proliferative potential. Here we demonstrated that the duration of cell cycle arrest determines a progressive loss of proliferative capacity. In human and rodent cell lines, rapamycin (an inhibitor of mTOR) dramatically decelerated loss of proliferative potential caused by ectopic p21, p16 and sodium butyrate-induced p21. Thus, when the cell cycle was arrested by these factors in the presence of rapamycin, cells retained the capacity to resume proliferation, once p21, p16 or sodium butyrate were removed. While rapamycin prevented the permanent loss of proliferative potential in arrested cells, it did not force the arrested cells into proliferation. During cell cycle arrest, rapamycin transformed the irreversible arrest into a reversible condition. Our data demonstrate that senescence can be pharmacologically suppressed.","Blagosklonny's key experiment behind his 'hyperfunction' theory of aging. When a cell's division is blocked but mTOR keeps driving growth, the cell tips into permanent senescence. Rapamycin uncouples the two - keeping arrested cells reversible instead of senescent. Direct evidence that mTOR actively drives the senescent state, not just passively accompanies it.","Rapamycin decelerates cellular senescence
Key finding: Blagosklonny's key experiment behind his 'hyperfunction' theory of aging. When a cell's division is blocked but mTOR keeps driving growth, the cell tips into permanent senescence. Rapamycin uncouples the two - keeping arrested cells reversible instead of senescent. Direct evidence that mTOR actively drives the senescent state, not just passively accompanies it.
Abstract: When the cell cycle is arrested but cellular growth is not, then cells senesce, permanently losing proliferative potential. Here we demonstrated that the duration of cell cycle arrest determines a progressive loss of proliferative capacity. In human and rodent cell lines, rapamycin (an inhibitor of mTOR) dramatically decelerated loss of proliferative potential caused by ectopic p21, p16 and sodium butyrate-induced p21. Thus, when the cell cycle was arrested by these factors in the presence of rapamycin, cells retained the capacity to resume proliferation, once p21, p16 or sodium butyrate were removed. While rapamycin prevented the permanent loss of proliferative potential in arrested cells, it did not force the arrested cells into proliferation. During cell cycle arrest, rapamycin transformed the irreversible arrest into a reversible condition. Our data demonstrate that senescence can be pharmacologically suppressed."
recwRWn64homYsptH,DUR2012,Glutaminolysis activates Rag-mTORC1 signaling,Duran RV; Hall MN et al.,2012,Molecular cell,Mechanism,Mammalian cells,"glutaminolysis, Rag, alpha-KG",D - Mechanistic/Review,5 - Mechanistic / In Vitro,Yes,10.1016/j.molcel.2012.05.043,,,False,"Amino acids control cell growth via activation of the highly conserved kinase TORC1. Glutamine is a particularly important amino acid in cell growth control and metabolism. However, the role of glutamine in TORC1 activation remains poorly defined. Glutamine is metabolized through glutaminolysis to produce alpha-ketoglutarate. We demonstrate that glutamine in combination with leucine activates mammalian TORC1 (mTORC1) by enhancing glutaminolysis and alpha-ketoglutarate production. Inhibition of glutaminolysis prevented GTP loading of RagB and lysosomal translocation and subsequent activation of mTORC1. Constitutively active Rag heterodimer activated mTORC1 in the absence of glutaminolysis. Conversely, enhanced glutaminolysis or a cell-permeable alpha-ketoglutarate analog stimulated lysosomal translocation and activation of mTORC1. Finally, cell growth and autophagy, two processes controlled by mTORC1, were regulated by glutaminolysis. Thus, mTORC1 senses and is activated by glutamine and leucine via glutaminolysis and alpha-ketoglutarate production upstream of Rag. This may provide an explanation for glutamine addiction in cancer cells.",Glutaminolysis activates Rag-mTORC1 signalling through alpha-ketoglutarate production.,"Glutaminolysis activates Rag-mTORC1 signaling
Key finding: Glutaminolysis activates Rag-mTORC1 signalling through alpha-ketoglutarate production.
Abstract: Amino acids control cell growth via activation of the highly conserved kinase TORC1. Glutamine is a particularly important amino acid in cell growth control and metabolism. However, the role of glutamine in TORC1 activation remains poorly defined. Glutamine is metabolized through glutaminolysis to produce alpha-ketoglutarate. We demonstrate that glutamine in combination with leucine activates mammalian TORC1 (mTORC1) by enhancing glutaminolysis and alpha-ketoglutarate production. Inhibition of glutaminolysis prevented GTP loading of RagB and lysosomal translocation and subsequent activation of mTORC1. Constitutively active Rag heterodimer activated mTORC1 in the absence of glutaminolysis. Conversely, enhanced glutaminolysis or a cell-permeable alpha-ketoglutarate analog stimulated lysosomal translocation and activation of mTORC1. Finally, cell growth and autophagy, two processes controlled by mTORC1, were regulated by glutaminolysis. Thus, mTORC1 senses and is activated by glutamine and leucine via glutaminolysis and alpha-ketoglutarate production upstream of Rag. This may provide an explanation for glutamine addiction in cancer cells."
recwef5HQ2I7LCZqW,TEE2003,"Tuberous sclerosis complex gene products, Tuberin and Hamartin, control mTOR signaling by acting as a GTPase-activating protein complex toward Rheb",Tee AR; Cantley LC et al.,2003,Current Biology,Mechanism,Human cell lines,TSC1/TSC2; Rheb; mTORC1,D - Mechanistic/Review,5 - Mechanistic / In Vitro,Yes,10.1016/s0960-9822(03)00506-2,,,False,"Tuberous Sclerosis Complex (TSC) is a genetic disorder that occurs through the loss of heterozygosity of either TSC1 or TSC2, which encode Hamartin or Tuberin, respectively. Tuberin and Hamartin form a tumor suppressor heterodimer that inhibits the mammalian target of rapamycin (mTOR) nutrient signaling input, but how this occurs is unclear.

We show that the small G protein Rheb (Ras homolog enriched in brain) is a molecular target of TSC1/TSC2 that regulates mTOR signaling. Overexpression of Rheb activates 40S ribosomal protein S6 kinase 1 (S6K1) but not p90 ribosomal S6 kinase 1 (RSK1) or Akt. Furthermore, Rheb induces phosphorylation of eukaryotic initiation factor 4E binding protein 1 (4E-BP1) and causes 4E-BP1 to dissociate from eIF4E. This dissociation is completely sensitive to rapamycin (an mTOR inhibitor) but not wortmannin (a phosphoinositide 3-kinase [PI3K] inhibitor). Rheb also activates S6K1 during amino acid insufficiency via a rapamycin-sensitive mechanism, suggesting that Rheb participates in nutrient signaling through mTOR. Moreover, Rheb does not activate a S6K1 mutant that is unresponsive to mTOR-mediated signals, confirming that Rheb functions upstream of mTOR. Overexpression of the Tuberin-Hamartin heterodimer inhibits Rheb-mediated S6K1 activation, suggesting that Tuberin functions as a Rheb GTPase activating protein (GAP). Supporting this notion, TSC patient-derived Tuberin GAP domain mutants were unable to inactivate Rheb in vivo. Moreover, in vitro studies reveal that Tuberin, when associated with Hamartin, acts as a Rheb GTPase-activating protein. Finally, we show that membrane localization of Rheb is important for its biological activity because a farnesylation-defective mutant of Rheb stimulated S6K1 activation less efficiently.

We show that Rheb acts as a novel mediator of the nutrient signaling input to mTOR and is the molecular target of TSC1 and TSC2 within mammalian cells.","TSC1-TSC2 acts as a GTPase-activating protein (GAP) for Rheb; when TSC is inactive, Rheb accumulates in its active GTP-bound form and directly activates mTORC1.","Tuberous sclerosis complex gene products, Tuberin and Hamartin, control mTOR signaling by acting as a GTPase-activating protein complex toward Rheb
Key finding: TSC1-TSC2 acts as a GTPase-activating protein (GAP) for Rheb; when TSC is inactive, Rheb accumulates in its active GTP-bound form and directly activates mTORC1.
Abstract: Tuberous Sclerosis Complex (TSC) is a genetic disorder that occurs through the loss of heterozygosity of either TSC1 or TSC2, which encode Hamartin or Tuberin, respectively. Tuberin and Hamartin form a tumor suppressor heterodimer that inhibits the mammalian target of rapamycin (mTOR) nutrient signaling input, but how this occurs is unclear.

We show that the small G protein Rheb (Ras homolog enriched in brain) is a molecular target of TSC1/TSC2 that regulates mTOR signaling. Overexpression of Rheb activates 40S ribosomal protein S6 kinase 1 (S6K1) but not p90 ribosomal S6 kinase 1 (RSK1) or Akt. Furthermore, Rheb induces phosphorylation of eukaryotic initiation factor 4E binding protein 1 (4E-BP1) and causes 4E-BP1 to dissociate from eIF4E. This dissociation is completely sensitive to rapamycin (an mTOR inhibitor) but not wortmannin (a phosphoinositide 3-kinase [PI3K] inhibitor). Rheb also activates S6K1 during amino acid insufficiency via a rapamycin-sensitive mechanism, suggesting that Rheb participates in nutrient signaling through mTOR. Moreover, Rheb does not activate a S6K1 mutant that is unresponsive to mTOR-mediated signals, confirming that Rheb functions upstream of mTOR. Overexpression of the Tuberin-Hamartin heterodimer inhibits Rheb-mediated S6K1 activation, suggesting that Tuberin functions as a Rheb GTPase activating protein (GAP). Supporting this notion, TSC patient-derived Tuberin GAP domain mutants were unable to inactivate Rheb in vivo. Moreover, in vitro studies reveal that Tuberin, when associated with Hamartin, acts as a Rheb GTPase-activating protein. Finally, we show that membrane localization of Rheb is important for its biological activity because a farnesylation-defective mutant of Rheb stimulated S6K1 activation less efficiently.

We show that Rheb acts as a novel mediator of the nutrient signaling input to mTOR and is the molecular target of TSC1 and TSC2 within mammalian cells."
recx59H4rw3zrG5V1,STO2003,Rheb is an essential regulator of S6K in controlling cell growth in Drosophila,Stocker H; Hafen E et al.,2003,Nature cell biology,Mechanism,Drosophila,"Rheb, S6K, TSC",D - Mechanistic/Review,5 - Mechanistic / In Vitro,Yes,10.1038/ncb995,,,False,"Understanding the mechanisms through which multicellular organisms regulate cell, organ and body growth is of relevance to developmental biology and to research on growth-related diseases such as cancer. Here we describe a new effector in growth control, the small GTPase Rheb (Ras homologue enriched in brain). Mutations in the Drosophila melanogaster Rheb gene were isolated as growth-inhibitors, whereas overexpression of Rheb promoted cell growth. Our genetic and biochemical analyses suggest that Rheb functions downstream of the tumour suppressors Tsc1 (tuberous sclerosis 1)-Tsc2 in the TOR (target of rapamycin) signalling pathway to control growth, and that a major effector of Rheb function is ribosomal S6 kinase (S6K).",Rheb is an essential regulator of S6K controlling cell growth downstream of TSC in Drosophila.,"Rheb is an essential regulator of S6K in controlling cell growth in Drosophila
Key finding: Rheb is an essential regulator of S6K controlling cell growth downstream of TSC in Drosophila.
Abstract: Understanding the mechanisms through which multicellular organisms regulate cell, organ and body growth is of relevance to developmental biology and to research on growth-related diseases such as cancer. Here we describe a new effector in growth control, the small GTPase Rheb (Ras homologue enriched in brain). Mutations in the Drosophila melanogaster Rheb gene were isolated as growth-inhibitors, whereas overexpression of Rheb promoted cell growth. Our genetic and biochemical analyses suggest that Rheb functions downstream of the tumour suppressors Tsc1 (tuberous sclerosis 1)-Tsc2 in the TOR (target of rapamycin) signalling pathway to control growth, and that a major effector of Rheb function is ribosomal S6 kinase (S6K)."
recxQMj4ZxTGbSEHC,HAR2009,Rapamycin fed late in life extends lifespan in genetically heterogeneous mice,Harrison DE et al.,2009,Nature,Animal,"Mouse (genetically heterogeneous, 3 sites)",Rapamycin; mTORC1; Longevity,C - Animal,4 - Animal Study,Yes,10.1038/nature08221,19587680,PMC2786175,True,"Inhibition of the TOR signalling pathway by genetic or pharmacological intervention extends lifespan in invertebrates, including yeast, nematodes and fruitflies; however, whether inhibition of mTOR signalling can extend lifespan in a mammalian species was unknown. Here we report that rapamycin, an inhibitor of the mTOR pathway, extends median and maximal lifespan of both male and female mice when fed beginning at 600 days of age. On the basis of age at 90% mortality, rapamycin led to an increase of 14% for females and 9% for males. The effect was seen at three independent test sites in genetically heterogeneous mice, chosen to avoid genotype-specific effects on disease susceptibility. Disease patterns of rapamycin-treated mice did not differ from those of control mice. In a separate study, rapamycin fed to mice beginning at 270 days of age also increased survival in both males and females, based on an interim analysis conducted near the median survival point. Rapamycin may extend lifespan by postponing death from cancer, by retarding mechanisms of ageing, or both. To our knowledge, these are the first results to demonstrate a role for mTOR signalling in the regulation of mammalian lifespan, as well as pharmacological extension of lifespan in both genders. These findings have implications for further development of interventions targeting mTOR for the treatment and prevention of age-related diseases.",Rapamycin fed from 600 days of age extended median lifespan by 9-14% in both sexes.,"Rapamycin fed late in life extends lifespan in genetically heterogeneous mice
Key finding: Rapamycin fed from 600 days of age extended median lifespan by 9-14% in both sexes.
Abstract: Inhibition of the TOR signalling pathway by genetic or pharmacological intervention extends lifespan in invertebrates, including yeast, nematodes and fruitflies; however, whether inhibition of mTOR signalling can extend lifespan in a mammalian species was unknown. Here we report that rapamycin, an inhibitor of the mTOR pathway, extends median and maximal lifespan of both male and female mice when fed beginning at 600 days of age. On the basis of age at 90% mortality, rapamycin led to an increase of 14% for females and 9% for males. The effect was seen at three independent test sites in genetically heterogeneous mice, chosen to avoid genotype-specific effects on disease susceptibility. Disease patterns of rapamycin-treated mice did not differ from those of control mice. In a separate study, rapamycin fed to mice beginning at 270 days of age also increased survival in both males and females, based on an interim analysis conducted near the median survival point. Rapamycin may extend lifespan by postponing death from cancer, by retarding mechanisms of ageing, or both. To our knowledge, these are the first results to demonstrate a role for mTOR signalling in the regulation of mammalian lifespan, as well as pharmacological extension of lifespan in both genders. These findings have implications for further development of interventions targeting mTOR for the treatment and prevention of age-related diseases."
recxihk1cqR2v2DSB,ZID2009,4E-BP extends lifespan upon dietary restriction by enhancing mitochondrial activity in Drosophila,Zid BM; Rogers AN; Katewa SD; Vargas MA; Kolipinski MC; Lu TA; Benzer S; Kapahi P,2009,Cell,Animal,Drosophila (fruit fly),4E-BP1; Caloric restriction; Longevity; mTORC1,C - Animal,4 - Animal Study,Yes,10.1016/j.cell.2009.07.034,19804760,PMC2759400,True,"Dietary restriction (DR) extends lifespan in multiple species. To examine the mechanisms of lifespan extension upon DR, we assayed genome-wide translational changes in Drosophila. A number of nuclear encoded mitochondrial genes, including those in Complex I and IV of the electron transport chain, showed increased ribosomal loading and enhanced overall activity upon DR. We found that various mitochondrial genes possessed shorter and less structured 5'UTRs, which were important for their enhanced mRNA translation. The translational repressor 4E-BP, the eukaryotic translation initiation factor 4E binding protein, was upregulated upon DR and mediated DR dependent changes in mitochondrial activity and lifespan extension. Inhibition of individual mitochondrial subunits from Complex I and IV diminished the lifespan extension obtained upon DR, reflecting the importance of enhanced mitochondrial function during DR. Our results imply that translational regulation of nuclear-encoded mitochondrial gene expression by 4E-BP plays an important role in lifespan extension upon DR. For a video summary of this article, see the PaperFlick file with the Supplemental Data available online.","Connected the dots between diet, mTOR, and lifespan. Dietary restriction lowers mTOR activity, which frees up 4E-BP - and here 4E-BP was shown to be REQUIRED for the lifespan boost, working by selectively boosting translation of mitochondrial genes. A rare case pinning a specific mTOR effector to the longevity benefit of eating less.","4E-BP extends lifespan upon dietary restriction by enhancing mitochondrial activity in Drosophila
Key finding: Connected the dots between diet, mTOR, and lifespan. Dietary restriction lowers mTOR activity, which frees up 4E-BP - and here 4E-BP was shown to be REQUIRED for the lifespan boost, working by selectively boosting translation of mitochondrial genes. A rare case pinning a specific mTOR effector to the longevity benefit of eating less.
Abstract: Dietary restriction (DR) extends lifespan in multiple species. To examine the mechanisms of lifespan extension upon DR, we assayed genome-wide translational changes in Drosophila. A number of nuclear encoded mitochondrial genes, including those in Complex I and IV of the electron transport chain, showed increased ribosomal loading and enhanced overall activity upon DR. We found that various mitochondrial genes possessed shorter and less structured 5'UTRs, which were important for their enhanced mRNA translation. The translational repressor 4E-BP, the eukaryotic translation initiation factor 4E binding protein, was upregulated upon DR and mediated DR dependent changes in mitochondrial activity and lifespan extension. Inhibition of individual mitochondrial subunits from Complex I and IV diminished the lifespan extension obtained upon DR, reflecting the importance of enhanced mitochondrial function during DR. Our results imply that translational regulation of nuclear-encoded mitochondrial gene expression by 4E-BP plays an important role in lifespan extension upon DR. For a video summary of this article, see the PaperFlick file with the Supplemental Data available online."
recxrFQLzpRsoPcbE,KIM2011,AMPK and mTOR regulate autophagy through direct phosphorylation of Ulk1,Kim J; Kundu M; Viollet B; Guan KL,2011,Nature Cell Biology,Mechanism,Human/mouse cells,AMPK; mTORC1; ULK1; Autophagy,D - Mechanistic/Review,5 - Mechanistic / In Vitro,Yes,10.1038/ncb2152,21258367,PMC3987946,True,"Autophagy is a process by which components of the cell are degraded to maintain essential activity and viability in response to nutrient limitation. Extensive genetic studies have shown that the yeast ATG1 kinase has an essential role in autophagy induction. Furthermore, autophagy is promoted by AMP activated protein kinase (AMPK), which is a key energy sensor and regulates cellular metabolism to maintain energy homeostasis. Conversely, autophagy is inhibited by the mammalian target of rapamycin (mTOR), a central cell-growth regulator that integrates growth factor and nutrient signals. Here we demonstrate a molecular mechanism for regulation of the mammalian autophagy-initiating kinase Ulk1, a homologue of yeast ATG1. Under glucose starvation, AMPK promotes autophagy by directly activating Ulk1 through phosphorylation of Ser 317 and Ser 777. Under nutrient sufficiency, high mTOR activity prevents Ulk1 activation by phosphorylating Ulk1 Ser 757 and disrupting the interaction between Ulk1 and AMPK. This coordinated phosphorylation is important for Ulk1 in autophagy induction. Our study has revealed a signalling mechanism for Ulk1 regulation and autophagy induction in response to nutrient signalling.","Revealed the tug-of-war over ULK1: the energy sensor AMPK phosphorylates ULK1 at activating sites to turn autophagy ON when energy is low, while mTORC1 phosphorylates a different site (Ser757) to keep it OFF and even blocks AMPK from reaching ULK1. Two opposing kinases wired to the same switch.","AMPK and mTOR regulate autophagy through direct phosphorylation of Ulk1
Key finding: Revealed the tug-of-war over ULK1: the energy sensor AMPK phosphorylates ULK1 at activating sites to turn autophagy ON when energy is low, while mTORC1 phosphorylates a different site (Ser757) to keep it OFF and even blocks AMPK from reaching ULK1. Two opposing kinases wired to the same switch.
Abstract: Autophagy is a process by which components of the cell are degraded to maintain essential activity and viability in response to nutrient limitation. Extensive genetic studies have shown that the yeast ATG1 kinase has an essential role in autophagy induction. Furthermore, autophagy is promoted by AMP activated protein kinase (AMPK), which is a key energy sensor and regulates cellular metabolism to maintain energy homeostasis. Conversely, autophagy is inhibited by the mammalian target of rapamycin (mTOR), a central cell-growth regulator that integrates growth factor and nutrient signals. Here we demonstrate a molecular mechanism for regulation of the mammalian autophagy-initiating kinase Ulk1, a homologue of yeast ATG1. Under glucose starvation, AMPK promotes autophagy by directly activating Ulk1 through phosphorylation of Ser 317 and Ser 777. Under nutrient sufficiency, high mTOR activity prevents Ulk1 activation by phosphorylating Ulk1 Ser 757 and disrupting the interaction between Ulk1 and AMPK. This coordinated phosphorylation is important for Ulk1 in autophagy induction. Our study has revealed a signalling mechanism for Ulk1 regulation and autophagy induction in response to nutrient signalling."
recy3aGAsjW8QMytS,POU2013,"High-dose resveratrol supplementation in obese men: an investigator-initiated, randomized, placebo-controlled clinical trial of substrate metabolism, insulin sensitivity, and body composition",Poulsen MM et al.,2013,Diabetes,Negative_result,"Humans, RCT, obese men (n=24)",Resveratrol; Insulin resistance,B - Human,2 - Human Clinical Trial,Yes,10.2337/db12-0975,23193181,PMC3609591,True,"Obesity, diabetes, hypertension, and hyperlipidemia constitute risk factors for morbidity and premature mortality. Based on animal and in vitro studies, resveratrol reverts these risk factors via stimulation of silent mating type information regulation 2 homolog 1 (SIRT1), but data in human subjects are scarce. The objective of this study was to examine the metabolic effects of high-dose resveratrol in obese human subjects. In a randomized, placebo-controlled, double-blinded, and parallel-group design, 24 obese but otherwise healthy men were randomly assigned to 4 weeks of resveratrol or placebo treatment. Extensive metabolic examinations including assessment of glucose turnover and insulin sensitivity (hyperinsulinemic euglycemic clamp) were performed before and after the treatment. Insulin sensitivity, the primary outcome measure, deteriorated insignificantly in both groups. Endogenous glucose production and the turnover and oxidation rates of glucose remained unchanged. Resveratrol supplementation also had no effect on blood pressure; resting energy expenditure; oxidation rates of lipid; ectopic or visceral fat content; or inflammatory and metabolic biomarkers. The lack of effect disagrees with persuasive data obtained from rodent models and raises doubt about the justification of resveratrol as a human nutritional supplement in metabolic disorders.","4 weeks of high-dose resveratrol had no effect on insulin sensitivity, blood pressure, or body composition - directly contradicting the promising rodent data that drove the original hype.","High-dose resveratrol supplementation in obese men: an investigator-initiated, randomized, placebo-controlled clinical trial of substrate metabolism, insulin sensitivity, and body composition
Key finding: 4 weeks of high-dose resveratrol had no effect on insulin sensitivity, blood pressure, or body composition - directly contradicting the promising rodent data that drove the original hype.
Abstract: Obesity, diabetes, hypertension, and hyperlipidemia constitute risk factors for morbidity and premature mortality. Based on animal and in vitro studies, resveratrol reverts these risk factors via stimulation of silent mating type information regulation 2 homolog 1 (SIRT1), but data in human subjects are scarce. The objective of this study was to examine the metabolic effects of high-dose resveratrol in obese human subjects. In a randomized, placebo-controlled, double-blinded, and parallel-group design, 24 obese but otherwise healthy men were randomly assigned to 4 weeks of resveratrol or placebo treatment. Extensive metabolic examinations including assessment of glucose turnover and insulin sensitivity (hyperinsulinemic euglycemic clamp) were performed before and after the treatment. Insulin sensitivity, the primary outcome measure, deteriorated insignificantly in both groups. Endogenous glucose production and the turnover and oxidation rates of glucose remained unchanged. Resveratrol supplementation also had no effect on blood pressure; resting energy expenditure; oxidation rates of lipid; ectopic or visceral fat content; or inflammatory and metabolic biomarkers. The lack of effect disagrees with persuasive data obtained from rodent models and raises doubt about the justification of resveratrol as a human nutritional supplement in metabolic disorders."
recy4C63sI2mjdsE4,STU2018,Architecture of the human mTORC2 core complex,Stuttfeld E; Ban N et al.,2018,eLife,Mechanism,Cryo-EM structure,"mTORC2, Rictor, SIN1, mLST8",D - Mechanistic/Review,5 - Mechanistic / In Vitro,Yes,10.7554/eLife.33101,29424687,PMC5837792,True,"The mammalian target of rapamycin (mTOR) is a key protein kinase controlling cellular metabolism and growth. It is part of the two structurally and functionally distinct multiprotein complexes mTORC1 and mTORC2. Dysregulation of mTOR occurs in diabetes, cancer and neurological disease. We report the architecture of human mTORC2 at intermediate resolution, revealing a conserved binding site for accessory proteins on mTOR and explaining the structural basis for the rapamycin insensitivity of the complex.",Architecture of the human mTORC2 core complex (mTOR-Rictor-SIN1-mLST8).,"Architecture of the human mTORC2 core complex
Key finding: Architecture of the human mTORC2 core complex (mTOR-Rictor-SIN1-mLST8).
Abstract: The mammalian target of rapamycin (mTOR) is a key protein kinase controlling cellular metabolism and growth. It is part of the two structurally and functionally distinct multiprotein complexes mTORC1 and mTORC2. Dysregulation of mTOR occurs in diabetes, cancer and neurological disease. We report the architecture of human mTORC2 at intermediate resolution, revealing a conserved binding site for accessory proteins on mTOR and explaining the structural basis for the rapamycin insensitivity of the complex."
recyhoOBEjD1iTEQJ,NCT05835999,Everolimus Aging Study (EVERLAST): Clinical Evaluation of mTORC1 Inhibition for Geroprotection,"University of Wisconsin, Madison (registered trial)",,ClinicalTrials.gov (registration),Ongoing_Trial,"Humans, RCT (registered, ongoing)",Everolimus; Longevity; Insulin resistance,Registered trial,Registered Trial,No,NCT05835999,,,False,"The objective of this project is to determine if mTORC1 inhibition by 24 weeks of daily (0.5 mg/day) or weekly (5 mg/week) everolimus can safely improve physiological and molecular hallmarks of aging in humans. Participants who are 55-80 years old and insulin resistant or prediabetic will be randomized to treatment and can expect to be on study for up to approximately 38 weeks; participants aged 18-35 will not receive the intervention and can expect to be on study up to approximately 8 weeks. Pharmacological inhibition of mTOR has repeatedly been shown to extend lifespan and prevent or delay several age-related diseases in diverse model systems, but the risk of serious side effects has prevented long-term use of rapamycin as an anti-aging therapy. Using a double-blinded, randomized, placebo-controlled design, the investigators test the hypothesis that daily low-dose or weekly everolimus improves four inter-related domains of physiological aging (metabolic, cardiac, cognitive and physical function), assess adverse events and blood chemistry, and evaluate mTORC1/mTORC2 signaling, mitochondrial bioenergetics and a multi-omics profile (epigenomics, transcriptomics, proteomics, lipidomics, metabolomics) in blood and/or muscle biopsy. Conditions: Aging, Insulin Resistance. (Registered trial summary; source: ClinicalTrials.gov NCT05835999.)",Currently active phase 2 trial (NCT05835999) directly testing this Atlas's open dosing hypothesis: whether daily low-dose (0.5mg) versus weekly (5mg) everolimus can improve aging biomarkers and insulin resistance in humans without the metabolic penalty seen with continuous higher-dose rapalog use. No results yet - status ACTIVE_NOT_RECRUITING.,"Everolimus Aging Study (EVERLAST): Clinical Evaluation of mTORC1 Inhibition for Geroprotection
Key finding: Currently active phase 2 trial (NCT05835999) directly testing this Atlas's open dosing hypothesis: whether daily low-dose (0.5mg) versus weekly (5mg) everolimus can improve aging biomarkers and insulin resistance in humans without the metabolic penalty seen with continuous higher-dose rapalog use. No results yet - status ACTIVE_NOT_RECRUITING.
Abstract: The objective of this project is to determine if mTORC1 inhibition by 24 weeks of daily (0.5 mg/day) or weekly (5 mg/week) everolimus can safely improve physiological and molecular hallmarks of aging in humans. Participants who are 55-80 years old and insulin resistant or prediabetic will be randomized to treatment and can expect to be on study for up to approximately 38 weeks; participants aged 18-35 will not receive the intervention and can expect to be on study up to approximately 8 weeks. Pharmacological inhibition of mTOR has repeatedly been shown to extend lifespan and prevent or delay several age-related diseases in diverse model systems, but the risk of serious side effects has prevented long-term use of rapamycin as an anti-aging therapy. Using a double-blinded, randomized, placebo-controlled design, the investigators test the hypothesis that daily low-dose or weekly everolimus improves four inter-related domains of physiological aging (metabolic, cardiac, cognitive and physical function), assess adverse events and blood chemistry, and evaluate mTORC1/mTORC2 signaling, mitochondrial bioenergetics and a multi-omics profile (epigenomics, transcriptomics, proteomics, lipidomics, metabolomics) in blood and/or muscle biopsy. Conditions: Aging, Insulin Resistance. (Registered trial summary; source: ClinicalTrials.gov NCT05835999.)"
recynQ83jeiJiN3jw,NOJ2003,"The mammalian target of rapamycin (mTOR) partner, raptor, binds the mTOR substrates p70 S6 kinase and 4E-BP1 through their TOR signaling (TOS) motif",Nojima H; Yonezawa K et al.,2003,The Journal of biological chemistry,Mechanism,In vitro,"raptor, mTOR, TOS motif",D - Mechanistic/Review,5 - Mechanistic / In Vitro,Yes,10.1074/jbc.C200665200,,,False,"The mammalian target of rapamycin (mTOR) controls multiple cellular functions in response to amino acids and growth factors, in part by regulating the phosphorylation of p70 S6 kinase (p70S6k) and eukaryotic initiation factor 4E-binding protein 1 (4E-BP1). Raptor (regulatory associated protein of mTOR) is a recently identified mTOR binding partner that also binds p70S6k and 4E-BP1 and is essential for TOR signaling in vivo. Herein we demonstrate that raptor binds to p70S6k and 4E-BP1 through their respective TOS (conserved TOR signaling) motifs to be required for amino acid- and mTOR-dependent regulation of these mTOR substrates in vivo. A point mutation of the TOS motif also eliminates all in vitro mTOR-catalyzed 4E-BP1 phosphorylation and abolishes the raptor-dependent component of mTOR-catalyzed p70S6k phosphorylation in vitro. Raptor appears to serve as an mTOR scaffold protein, the binding of which to the TOS motif of mTOR substrates is necessary for effective mTOR-catalyzed phosphorylation in vivo and perhaps for conferring their sensitivity to rapamycin and amino acid sufficiency.","Raptor binds mTOR substrates via their TOS motifs, acting as the substrate-presenting scaffold of mTORC1.","The mammalian target of rapamycin (mTOR) partner, raptor, binds the mTOR substrates p70 S6 kinase and 4E-BP1 through their TOR signaling (TOS) motif
Key finding: Raptor binds mTOR substrates via their TOS motifs, acting as the substrate-presenting scaffold of mTORC1.
Abstract: The mammalian target of rapamycin (mTOR) controls multiple cellular functions in response to amino acids and growth factors, in part by regulating the phosphorylation of p70 S6 kinase (p70S6k) and eukaryotic initiation factor 4E-binding protein 1 (4E-BP1). Raptor (regulatory associated protein of mTOR) is a recently identified mTOR binding partner that also binds p70S6k and 4E-BP1 and is essential for TOR signaling in vivo. Herein we demonstrate that raptor binds to p70S6k and 4E-BP1 through their respective TOS (conserved TOR signaling) motifs to be required for amino acid- and mTOR-dependent regulation of these mTOR substrates in vivo. A point mutation of the TOS motif also eliminates all in vitro mTOR-catalyzed 4E-BP1 phosphorylation and abolishes the raptor-dependent component of mTOR-catalyzed p70S6k phosphorylation in vitro. Raptor appears to serve as an mTOR scaffold protein, the binding of which to the TOS motif of mTOR substrates is necessary for effective mTOR-catalyzed phosphorylation in vivo and perhaps for conferring their sensitivity to rapamycin and amino acid sufficiency."
reczARNI2VfHUOWFv,FRA2013,"Efficacy and safety of everolimus for subependymal giant cell astrocytomas associated with tuberous sclerosis complex (EXIST-1): a multicentre, randomised, placebo-controlled phase 3 trial",Franz DN; Belousova E; Sparagana S; Bebin EM; Frost M; et al.; Jozwiak S,2013,Lancet,Human,"Humans, phase 3 RCT (n=117, TSC)",Everolimus; Tuberous sclerosis complex; mTORC1,B - Human,2 - Human Clinical Trial,Yes,10.1016/S0140-6736(12)61134-9,,,False,"Tuberous sclerosis complex is a genetic disorder leading to constitutive activation of mammalian target of rapamycin (mTOR) and growth of benign tumours in several organs. In the brain, growth of subependymal giant cell astrocytomas can cause life-threatening symptoms--eg, hydrocephalus, requiring surgery. In an open-label, phase 1/2 study, the mTOR inhibitor everolimus substantially and significantly reduced the volume of subependymal giant cell astrocytomas. We assessed the efficacy and safety of everolimus in patients with subependymal giant cell astrocytomas associated with tuberous sclerosis complex.

In this double-blind, placebo-controlled, phase 3 trial, patients (aged 0-65 years) in 24 centres in Australia, Belgium, Canada, Germany, the UK, Italy, the Netherlands, Poland, Russian Federation, and the USA were randomly assigned, with an interactive internet-response system, in a 2:1 ratio to oral everolimus 4·5 mg/m(2) per day (titrated to achieve blood trough concentrations of 5-15 ng/mL) or placebo. Eligible patients had a definite diagnosis of tuberous sclerosis complex and at least one lesion with a diameter of 1 cm or greater, and either serial growth of a subependymal giant cell astrocytoma, a new lesion of 1 cm or greater, or new or worsening hydrocephalus. The primary endpoint was the proportion of patients with confirmed response--ie, reduction in target volume of 50% or greater relative to baseline in subependymal giant cell astrocytomas. Analysis was by intention to treat. This study is registered with ClinicalTrials.gov, number NCT00789828.

117 patients were randomly assigned to everolimus (n=78) or placebo (n=39). 27 (35%) patients in the everolimus group had at least 50% reduction in the volume of subependymal giant cell astrocytomas versus none in the placebo group (difference 35%, 95% CI 15-52; one-sided exact Cochran-Mantel-Haenszel test, p<0·0001). Adverse events were mostly grade 1 or 2; no patients discontinued treatment because of adverse events. The most common adverse events were mouth ulceration (25 [32%] in the everolimus group vs two [5%] in the placebo group), stomatitis (24 [31%] vs eight [21%]), convulsion (18 [23%] vs ten [26%]), and pyrexia (17 [22%] vs six [15%]).

These results support the use of everolimus for subependymal giant cell astrocytomas associated with tuberous sclerosis. Additionally, everolimus might represent a disease-modifying treatment for other aspects of tuberous sclerosis.

Novartis Pharmaceuticals.","Phase 3 RCT (n=117) in tuberous sclerosis, the disease where mTOR is stuck ON by a genetic fault. Everolimus shrank brain tumors (SEGA) by >=50% in 35% of patients versus 0% on placebo. Because the cause here is direct mTOR overactivation, this is arguably the cleanest human proof that blocking mTOR works.","Efficacy and safety of everolimus for subependymal giant cell astrocytomas associated with tuberous sclerosis complex (EXIST-1): a multicentre, randomised, placebo-controlled phase 3 trial
Key finding: Phase 3 RCT (n=117) in tuberous sclerosis, the disease where mTOR is stuck ON by a genetic fault. Everolimus shrank brain tumors (SEGA) by >=50% in 35% of patients versus 0% on placebo. Because the cause here is direct mTOR overactivation, this is arguably the cleanest human proof that blocking mTOR works.
Abstract: Tuberous sclerosis complex is a genetic disorder leading to constitutive activation of mammalian target of rapamycin (mTOR) and growth of benign tumours in several organs. In the brain, growth of subependymal giant cell astrocytomas can cause life-threatening symptoms--eg, hydrocephalus, requiring surgery. In an open-label, phase 1/2 study, the mTOR inhibitor everolimus substantially and significantly reduced the volume of subependymal giant cell astrocytomas. We assessed the efficacy and safety of everolimus in patients with subependymal giant cell astrocytomas associated with tuberous sclerosis complex.

In this double-blind, placebo-controlled, phase 3 trial, patients (aged 0-65 years) in 24 centres in Australia, Belgium, Canada, Germany, the UK, Italy, the Netherlands, Poland, Russian Federation, and the USA were randomly assigned, with an interactive internet-response system, in a 2:1 ratio to oral everolimus 4·5 mg/m(2) per day (titrated to achieve blood trough concentrations of 5-15 ng/mL) or placebo. Eligible patients had a definite diagnosis of tuberous sclerosis complex and at least one lesion with a diameter of 1 cm or greater, and either serial growth of a subependymal giant cell astrocytoma, a new lesion of 1 cm or greater, or new or worsening hydrocephalus. The primary endpoint was the proportion of patients with confirmed response--ie, reduction in target volume of 50% or greater relative to baseline in subependymal giant cell astrocytomas. Analysis was by intention to treat. This study is registered with ClinicalTrials.gov, number NCT00789828.

117 patients were randomly assigned to everolimus (n=78) or placebo (n=39). 27 (35%) patients in the everolimus group had at least 50% reduction in the volume of subependymal giant cell astrocytomas versus none in the placebo group (difference 35%, 95% CI 15-52; one-sided exact Cochran-Mantel-Haenszel test, p<0·0001). Adverse events were mostly grade 1 or 2; no patients discontinued treatment because of adverse events. The most common adverse events were mouth ulceration (25 [32%] in the everolimus group vs two [5%] in the placebo group), stomatitis (24 [31%] vs eight [21%]), convulsion (18 [23%] vs ten [26%]), and pyrexia (17 [22%] vs six [15%]).

These results support the use of everolimus for subependymal giant cell astrocytomas associated with tuberous sclerosis. Additionally, everolimus might represent a disease-modifying treatment for other aspects of tuberous sclerosis.

Novartis Pharmaceuticals."
reczN9XOq7dX5Gj2B,GAN2011,"Evidence for direct activation of mTORC2 kinase activity by phosphatidylinositol 3,4,5-trisphosphate",Gan X; Wu D et al.,2011,The Journal of biological chemistry,Mechanism,In vitro; cells,"mTORC2, PIP3, PI3K",D - Mechanistic/Review,5 - Mechanistic / In Vitro,Yes,10.1074/jbc.M110.195016,21310961,PMC3064154,True,"mTORC2 (mammalian target of rapamycin complex 2) plays important roles in signal transduction by regulating an array of downstream effectors, including protein kinase AKT. However, its regulation by upstream regulators remains poorly characterized. Although phosphatidylinositol 3,4,5-trisphosphate (PtdIns(3,4,5)P(3)) is known to regulate the phosphorylation of AKT Ser(473), the hydrophobic motif (HM) site, by mTORC2, it is not clear whether PtdIns(3,4,5)P(3) can directly regulate mTORC2 kinase activity. Here, we used two membrane-docked AKT mutant proteins, one with and the other without the pleckstrin homology (PH) domain, as substrates for mTORC2 to dissect the roles of PtdIns(3,4,5)P(3) in AKT HM phosphorylation in cultured cells and in vitro kinase assays. In HEK293T cells, insulin and constitutively active mutants of small GTPase H-Ras and PI3K could induce HM phosphorylation of both AKT mutants, which was blocked by the PI3K inhibitor LY294002. Importantly, PtdIns(3,4,5)P(3) was able to stimulate the phosphorylation of both AKT mutants by immunoprecipitated mTOR2 complexes in an in vitro kinase assay. In both in vivo and in vitro assays, the AKT mutant containing the PH domain appeared to be a better substrate than the one without the PH domain. Therefore, these results suggest that PtdIns(3,4,5)P(3) can regulate HM phosphorylation by mTORC2 via multiple mechanisms. One of the mechanisms is to directly stimulate the kinase activity of mTORC2.","PIP3 directly stimulates mTORC2 kinase activity, linking PI3K to mTORC2.","Evidence for direct activation of mTORC2 kinase activity by phosphatidylinositol 3,4,5-trisphosphate
Key finding: PIP3 directly stimulates mTORC2 kinase activity, linking PI3K to mTORC2.
Abstract: mTORC2 (mammalian target of rapamycin complex 2) plays important roles in signal transduction by regulating an array of downstream effectors, including protein kinase AKT. However, its regulation by upstream regulators remains poorly characterized. Although phosphatidylinositol 3,4,5-trisphosphate (PtdIns(3,4,5)P(3)) is known to regulate the phosphorylation of AKT Ser(473), the hydrophobic motif (HM) site, by mTORC2, it is not clear whether PtdIns(3,4,5)P(3) can directly regulate mTORC2 kinase activity. Here, we used two membrane-docked AKT mutant proteins, one with and the other without the pleckstrin homology (PH) domain, as substrates for mTORC2 to dissect the roles of PtdIns(3,4,5)P(3) in AKT HM phosphorylation in cultured cells and in vitro kinase assays. In HEK293T cells, insulin and constitutively active mutants of small GTPase H-Ras and PI3K could induce HM phosphorylation of both AKT mutants, which was blocked by the PI3K inhibitor LY294002. Importantly, PtdIns(3,4,5)P(3) was able to stimulate the phosphorylation of both AKT mutants by immunoprecipitated mTOR2 complexes in an in vitro kinase assay. In both in vivo and in vitro assays, the AKT mutant containing the PH domain appeared to be a better substrate than the one without the PH domain. Therefore, these results suggest that PtdIns(3,4,5)P(3) can regulate HM phosphorylation by mTORC2 via multiple mechanisms. One of the mechanisms is to directly stimulate the kinase activity of mTORC2."
reczRkRXO3HUjaiDa,GOB2016,Amino Acid Sensing by mTORC1: Intracellular Transporters Mark the Spot,Goberdhan DC; Harris AL et al.,2016,Cell metabolism,Review,Review,"amino acid transporters, mTORC1",D - Mechanistic/Review,Narrative Review,Yes,10.1016/j.cmet.2016.03.013,27076075,PMC5067300,True,"Cell metabolism and growth are matched to nutrient availability via the amino-acid-regulated mechanistic target of rapamycin complex 1 (mTORC1). Transporters have emerged as important amino acid sensors controlling mTOR recruitment and activation at the surface of multiple intracellular compartments. Classically, this has involved late endosomes and lysosomes, but now, in a recent twist, also the Golgi apparatus. Here we propose a model in which specific amino acids in assorted compartments activate different mTORC1 complexes, which may have distinct drug sensitivities and functions. We will discuss the implications of this for mTORC1 function in health and disease.",Review: intracellular amino-acid transporters mark the site of mTORC1 activation.,"Amino Acid Sensing by mTORC1: Intracellular Transporters Mark the Spot
Key finding: Review: intracellular amino-acid transporters mark the site of mTORC1 activation.
Abstract: Cell metabolism and growth are matched to nutrient availability via the amino-acid-regulated mechanistic target of rapamycin complex 1 (mTORC1). Transporters have emerged as important amino acid sensors controlling mTOR recruitment and activation at the surface of multiple intracellular compartments. Classically, this has involved late endosomes and lysosomes, but now, in a recent twist, also the Golgi apparatus. Here we propose a model in which specific amino acids in assorted compartments activate different mTORC1 complexes, which may have distinct drug sensitivities and functions. We will discuss the implications of this for mTORC1 function in health and disease."
reczgRxUmVb7B5cE7,HAN2012,Leucyl-tRNA synthetase is an intracellular leucine sensor for the mTORC1-signaling pathway,Han JM; Kim S et al.,2012,Cell,Mechanism,Mammalian cells,"Leucyl-tRNA synthetase, leucine, mTORC1",D - Mechanistic/Review,5 - Mechanistic / In Vitro,Yes,10.1016/j.cell.2012.02.044,,,False,"Amino acids are required for activation of the mammalian target of rapamycin (mTOR) kinase, which regulates protein translation, cell size, and autophagy. However, the amino acid sensor that directly couples intracellular amino acid-mediated signaling to mTORC1 is unknown. Here we show that leucyl-tRNA synthetase (LRS) plays a critical role in amino acid-induced mTORC1 activation by sensing intracellular leucine concentration and initiating molecular events leading to mTORC1 activation. Mutation of LRS amino acid residues important for leucine binding renders the mTORC1 pathway insensitive to intracellular levels of amino acids. We show that LRS directly binds to Rag GTPase, the mediator of amino acid signaling to mTORC1, in an amino acid-dependent manner and functions as a GTPase-activating protein (GAP) for Rag GTPase to activate mTORC1. This work demonstrates that LRS is a key mediator for amino acid signaling to mTORC1.",Leucyl-tRNA synthetase acts as an intracellular leucine sensor activating mTORC1 via the Rag pathway.,"Leucyl-tRNA synthetase is an intracellular leucine sensor for the mTORC1-signaling pathway
Key finding: Leucyl-tRNA synthetase acts as an intracellular leucine sensor activating mTORC1 via the Rag pathway.
Abstract: Amino acids are required for activation of the mammalian target of rapamycin (mTOR) kinase, which regulates protein translation, cell size, and autophagy. However, the amino acid sensor that directly couples intracellular amino acid-mediated signaling to mTORC1 is unknown. Here we show that leucyl-tRNA synthetase (LRS) plays a critical role in amino acid-induced mTORC1 activation by sensing intracellular leucine concentration and initiating molecular events leading to mTORC1 activation. Mutation of LRS amino acid residues important for leucine binding renders the mTORC1 pathway insensitive to intracellular levels of amino acids. We show that LRS directly binds to Rag GTPase, the mediator of amino acid signaling to mTORC1, in an amino acid-dependent manner and functions as a GTPase-activating protein (GAP) for Rag GTPase to activate mTORC1. This work demonstrates that LRS is a key mediator for amino acid signaling to mTORC1."
reczuQ0rnQYbwWgZT,CHE2009,mTOR regulation and therapeutic rejuvenation of aging hematopoietic stem cells,Chen C; Zheng P et al.,2009,Science signaling,Animal,Mouse (HSC),"mTOR, HSC, aging",C - Animal,4 - Animal Study,Yes,10.1126/scisignal.2000559,19934433,PMC4020596,True,"Age-related declines in hematopoietic stem cell (HSC) function may contribute to anemia, poor response to vaccination, and tumorigenesis. Here, we show that mammalian target of rapamycin (mTOR) activity is increased in HSCs from old mice compared to those from young mice. mTOR activation through conditional deletion of Tsc1 in the HSCs of young mice mimicked the phenotype of HSCs from aged mice in various ways. These included increased abundance of the messenger RNA encoding the CDK inhibitors p16(Ink4a), p19(Arf), and p21(Cip1); a relative decrease in lymphopoiesis; and impaired capacity to reconstitute the hematopoietic system. In old mice, rapamycin increased life span, restored the self-renewal and hematopoiesis of HSCs, and enabled effective vaccination against a lethal challenge with influenza virus. Together, our data implicate mTOR signaling in HSC aging and show the potential of mTOR inhibitors for restoring hematopoiesis in the elderly.",mTOR hyperactivation drives HSC aging; rapamycin restores hematopoietic stem-cell function.,"mTOR regulation and therapeutic rejuvenation of aging hematopoietic stem cells
Key finding: mTOR hyperactivation drives HSC aging; rapamycin restores hematopoietic stem-cell function.
Abstract: Age-related declines in hematopoietic stem cell (HSC) function may contribute to anemia, poor response to vaccination, and tumorigenesis. Here, we show that mammalian target of rapamycin (mTOR) activity is increased in HSCs from old mice compared to those from young mice. mTOR activation through conditional deletion of Tsc1 in the HSCs of young mice mimicked the phenotype of HSCs from aged mice in various ways. These included increased abundance of the messenger RNA encoding the CDK inhibitors p16(Ink4a), p19(Arf), and p21(Cip1); a relative decrease in lymphopoiesis; and impaired capacity to reconstitute the hematopoietic system. In old mice, rapamycin increased life span, restored the self-renewal and hematopoiesis of HSCs, and enabled effective vaccination against a lethal challenge with influenza virus. Together, our data implicate mTOR signaling in HSC aging and show the potential of mTOR inhibitors for restoring hematopoiesis in the elderly."
reczwljNDQEbHAdCD,PET2009,DEPTOR is an mTOR inhibitor frequently overexpressed in multiple myeloma cells and required for their survival,Peterson TR; Laplante M; Thoreen CC; Sancak Y; Kang SA; Kuehl WM; Gray NS; Sabatini DM,2009,Cell,Mechanism,Human cancer cell lines,DEPTOR; mTORC1; mTORC2; Akt/PKB,D - Mechanistic/Review,5 - Mechanistic / In Vitro,Yes,10.1016/j.cell.2009.03.046,19446321,PMC2758791,True,"The mTORC1 and mTORC2 pathways regulate cell growth, proliferation, and survival. We identify DEPTOR as an mTOR-interacting protein whose expression is negatively regulated by mTORC1 and mTORC2. Loss of DEPTOR activates S6K1, Akt, and SGK1, promotes cell growth and survival, and activates mTORC1 and mTORC2 kinase activities. DEPTOR overexpression suppresses S6K1 but, by relieving feedback inhibition from mTORC1 to PI3K signaling, activates Akt. Consistent with many human cancers having activated mTORC1 and mTORC2 pathways, DEPTOR expression is low in most cancers. Surprisingly, DEPTOR is highly overexpressed in a subset of multiple myelomas harboring cyclin D1/D3 or c-MAF/MAFB translocations. In these cells, high DEPTOR expression is necessary to maintain PI3K and Akt activation and a reduction in DEPTOR levels leads to apoptosis. Thus, we identify a novel mTOR-interacting protein whose deregulated overexpression in multiple myeloma cells represents a mechanism for activating PI3K/Akt signaling and promoting cell survival.","Identified DEPTOR as a built-in brake on BOTH mTOR complexes. The twist: in some multiple myelomas DEPTOR is overexpressed, which by relieving a feedback loop actually keeps pro-survival Akt signaling ON - a neat example of how an 'inhibitor' can be co-opted by cancer.","DEPTOR is an mTOR inhibitor frequently overexpressed in multiple myeloma cells and required for their survival
Key finding: Identified DEPTOR as a built-in brake on BOTH mTOR complexes. The twist: in some multiple myelomas DEPTOR is overexpressed, which by relieving a feedback loop actually keeps pro-survival Akt signaling ON - a neat example of how an 'inhibitor' can be co-opted by cancer.
Abstract: The mTORC1 and mTORC2 pathways regulate cell growth, proliferation, and survival. We identify DEPTOR as an mTOR-interacting protein whose expression is negatively regulated by mTORC1 and mTORC2. Loss of DEPTOR activates S6K1, Akt, and SGK1, promotes cell growth and survival, and activates mTORC1 and mTORC2 kinase activities. DEPTOR overexpression suppresses S6K1 but, by relieving feedback inhibition from mTORC1 to PI3K signaling, activates Akt. Consistent with many human cancers having activated mTORC1 and mTORC2 pathways, DEPTOR expression is low in most cancers. Surprisingly, DEPTOR is highly overexpressed in a subset of multiple myelomas harboring cyclin D1/D3 or c-MAF/MAFB translocations. In these cells, high DEPTOR expression is necessary to maintain PI3K and Akt activation and a reduction in DEPTOR levels leads to apoptosis. Thus, we identify a novel mTOR-interacting protein whose deregulated overexpression in multiple myeloma cells represents a mechanism for activating PI3K/Akt signaling and promoting cell survival."
